name,aliases,section,group,group_ko,help,source,line,kind
관리자명령어,,system,admin,고급 관리자·데이터,,apocalypse_bot/commands/admin_tools.py,95,command
아이템목록,,system,admin,고급 관리자·데이터,,apocalypse_bot/commands/admin_tools.py,119,command
아이템검색,,system,admin,고급 관리자·데이터,,apocalypse_bot/commands/admin_tools.py,135,command
아이템지급,,system,admin,고급 관리자·데이터,,apocalypse_bot/commands/admin_tools.py,162,command
아이템회수,,system,admin,고급 관리자·데이터,,apocalypse_bot/commands/admin_tools.py,179,command
경험치지급,,system,admin,고급 관리자·데이터,,apocalypse_bot/commands/admin_tools.py,199,command
레벨설정,,system,admin,고급 관리자·데이터,,apocalypse_bot/commands/admin_tools.py,211,command
직업설정,,system,admin,고급 관리자·데이터,,apocalypse_bot/commands/admin_tools.py,225,command
펫설정,,system,admin,고급 관리자·데이터,,apocalypse_bot/commands/admin_tools.py,238,command
칭호지급,,system,admin,고급 관리자·데이터,,apocalypse_bot/commands/admin_tools.py,278,command
체력설정,,system,admin,고급 관리자·데이터,,apocalypse_bot/commands/admin_tools.py,293,command
스태미나설정,,system,admin,고급 관리자·데이터,,apocalypse_bot/commands/admin_tools.py,303,command
감염도설정,,system,admin,고급 관리자·데이터,,apocalypse_bot/commands/admin_tools.py,313,command
상태이상제거,,system,admin,고급 관리자·데이터,,apocalypse_bot/commands/admin_tools.py,327,command
관리자지역이동,,system,admin,고급 관리자·데이터,,apocalypse_bot/commands/admin_tools.py,339,command
유저정보,,system,admin,고급 관리자·데이터,,apocalypse_bot/commands/admin_tools.py,355,command
의약품,,play,gear,상점·장비·강화·제작,,apocalypse_bot/commands/conditions.py,157,command
약품구매,,play,gear,상점·장비·강화·제작,,apocalypse_bot/commands/conditions.py,169,command
사용,,play,gear,상점·장비·강화·제작,,apocalypse_bot/commands/conditions.py,187,command
병원,,play,gear,상점·장비·강화·제작,,apocalypse_bot/commands/conditions.py,235,command
오늘의퀴즈,일일퀴즈,play,party_games,파티게임·축제·미니게임,,apocalypse_bot/commands/daily_quiz.py,99,command
정답,,play,party_games,파티게임·축제·미니게임,,apocalypse_bot/commands/daily_quiz.py,116,command
퀴즈랭킹,,play,party_games,파티게임·축제·미니게임,,apocalypse_bot/commands/daily_quiz.py,160,command
퀴즈추가,,play,party_games,파티게임·축제·미니게임,,apocalypse_bot/commands/daily_quiz.py,183,command
퀴즈삭제,,play,party_games,파티게임·축제·미니게임,,apocalypse_bot/commands/daily_quiz.py,197,command
퀴즈목록,,play,party_games,파티게임·축제·미니게임,,apocalypse_bot/commands/daily_quiz.py,209,command
직업목록,,main,onboarding,가입·프로필·초보 안내,,apocalypse_bot/commands/jobs.py,9,command
직업선택,,main,onboarding,가입·프로필·초보 안내,,apocalypse_bot/commands/jobs.py,21,command
직업정보,,main,onboarding,가입·프로필·초보 안내,,apocalypse_bot/commands/jobs.py,46,command
직업변경,,main,onboarding,가입·프로필·초보 안내,,apocalypse_bot/commands/jobs.py,68,command
상태,,main,onboarding,가입·프로필·초보 안내,,apocalypse_bot/commands/status.py,112,command
휴식,,main,onboarding,가입·프로필·초보 안내,,apocalypse_bot/commands/status.py,144,command
언어,language | lang,main,onboarding,가입·프로필·초보 안내,개인 게임 화면의 표시 언어를 한국어 또는 영어로 설정합니다.,apocalypse_bot/commands/v1000_global_survivor.py,1073,command
서버언어,serverlanguage | serverlang,main,onboarding,가입·프로필·초보 안내,공개 공동 패널과 자동 방송의 서버 기본 언어를 설정합니다.,apocalypse_bot/commands/v1000_global_survivor.py,1090,command
할일,tasks | missiontracker | 임무추적 | trackmission,main,onboarding,가입·프로필·초보 안내,현재 진행 중인 콘텐츠와 미수령 보상을 추적합니다.,apocalypse_bot/commands/v1000_global_survivor.py,1105,command
생존도감,survivalcodex | codex,main,onboarding,가입·프로필·초보 안내,지역·세력·인카운트·사건·트로피를 통합한 생존 도감을 엽니다.,apocalypse_bot/commands/v1000_global_survivor.py,1139,command
아이템도감,itemcodex,main,onboarding,가입·프로필·초보 안내,주요 재료·장비·수집품 도감을 확인합니다.,apocalypse_bot/commands/v1000_global_survivor.py,1166,command
인물도감,charactercodex | npccodex,main,onboarding,가입·프로필·초보 안내,만날 수 있는 주요 우호 인물과 관계 단계를 확인합니다.,apocalypse_bot/commands/v1000_global_survivor.py,1181,command
지역도감,regioncodex,main,onboarding,가입·프로필·초보 안내,서버 공동 탐험 지역과 현재 상태를 확인합니다.,apocalypse_bot/commands/v1000_global_survivor.py,1195,command
시작안내,gettingstarted | startguide,main,onboarding,가입·프로필·초보 안내,신규 생존자의 첫 플레이 순서를 안내합니다.,apocalypse_bot/commands/v1000_global_survivor.py,1206,command
복귀안내,returningguide | returnguide,main,onboarding,가입·프로필·초보 안내,마지막 확인 버전 이후 추가된 주요 기능을 안내합니다.,apocalypse_bot/commands/v1000_global_survivor.py,1215,command
인연,relationships | bonds,main,onboarding,가입·프로필·초보 안내,주요 NPC가 기억하는 개인 관계 기록을 확인합니다.,apocalypse_bot/commands/v1000_global_survivor.py,1231,command
인물기록,characterrecord | npcrecord,main,onboarding,가입·프로필·초보 안내,특정 NPC와 쌓은 관계와 기억을 확인합니다.,apocalypse_bot/commands/v1000_global_survivor.py,1245,command
탐사작전,expeditionoperation | globalexpedition,main,exploration,생존 탐험·원정·사건,이번 주 서버 공동 글로벌 탐사 작전을 확인합니다.,apocalypse_bot/commands/v1000_global_survivor.py,1277,command
탐사참가,joinexpedition | expeditionjoin,main,exploration,생존 탐험·원정·사건,정찰·의무·기술·경계 역할로 주간 탐사에 참가합니다.,apocalypse_bot/commands/v1000_global_survivor.py,1296,command
탐사행동,expeditionaction | globalexpeditionaction,main,exploration,생존 탐험·원정·사건,신호분석·구조·복구·확보 행동으로 공동 진행도를 올립니다.,apocalypse_bot/commands/v1000_global_survivor.py,1325,command
탐사정산,settleexpedition | expeditionsettle,main,exploration,생존 탐험·원정·사건,완료된 주간 글로벌 탐사 작전을 한 번만 정산합니다.,apocalypse_bot/commands/v1000_global_survivor.py,1404,command
탐사보상,claimexpedition | expeditionreward,main,exploration,생존 탐험·원정·사건,정산된 글로벌 탐사 작전의 개인 기여 보상을 받습니다.,apocalypse_bot/commands/v1000_global_survivor.py,1457,command
탐사기록,expeditionhistory | globalexpeditionhistory,main,exploration,생존 탐험·원정·사건,최근 서버 공동 글로벌 탐사 기록을 확인합니다.,apocalypse_bot/commands/v1000_global_survivor.py,1461,command
미수령보상,unclaimedrewards | rewardqueue,main,onboarding,가입·프로필·초보 안내,현재 감지 가능한 미수령 공동 콘텐츠 보상을 점검합니다.,apocalypse_bot/commands/v1000_global_survivor.py,1512,command
전체보상수령,claimallrewards | claimall,main,onboarding,가입·프로필·초보 안내,중복 지급 방지 기록을 확인하며 안전한 미수령 보상을 순서대로 수령합니다.,apocalypse_bot/commands/v1000_global_survivor.py,1525,command
다국어검수,languageaudit | localizationaudit,main,onboarding,가입·프로필·초보 안내,선택 언어 단일 출력과 번역 런타임 상태를 검사합니다.,apocalypse_bot/commands/v1000_global_survivor.py,1553,command
번역누락,missingtranslations | translationfallbacks,main,onboarding,가입·프로필·초보 안내,희귀 구버전 문구가 사전 번역 대신 안전 대체된 기록을 확인합니다.,apocalypse_bot/commands/v1000_global_survivor.py,1574,command
명령어검수,commandaudit | commandaliasaudit,main,onboarding,가입·프로필·초보 안내,전체 prefix 명령의 한글·영문 실행 이름과 충돌을 검사합니다.,apocalypse_bot/commands/v1000_global_survivor.py,1586,command
1000안정화검수,v1000audit | 1000audit,main,onboarding,가입·프로필·초보 안내,v10 한·영 현지화·진행 연출·신규 연결 콘텐츠를 읽기 전용 검사합니다.,apocalypse_bot/commands/v1000_global_survivor.py,1614,command
텍사스홀덤,홀덤 | texasholdem | holdem,play,cards,카드·화투 게임,,apocalypse_bot/commands/v1010_companion_card_games.py,1002,command
오마하홀덤,오마하 | omahaholdem | omaha,play,cards,카드·화투 게임,,apocalypse_bot/commands/v1010_companion_card_games.py,1006,command
세븐카드스터드,세븐포커 | sevencardstud | studpoker,play,cards,카드·화투 게임,,apocalypse_bot/commands/v1010_companion_card_games.py,1010,command
맞고,matgo | koreanmatgo,play,cards,카드·화투 게임,,apocalypse_bot/commands/v1010_companion_card_games.py,1014,command
고스톱,gostop | go-stop,play,cards,카드·화투 게임,,apocalypse_bot/commands/v1010_companion_card_games.py,1018,command
동료,companions | companionlist,play,cards,카드·화투 게임,,apocalypse_bot/commands/v1010_companion_card_games.py,1022,command
동료영입,recruitcompanion | companionrecruit,play,cards,카드·화투 게임,,apocalypse_bot/commands/v1010_companion_card_games.py,1043,command
동료배치,assigncompanion | companionassign,play,cards,카드·화투 게임,,apocalypse_bot/commands/v1010_companion_card_games.py,1071,command
동료대화,talkcompanion | companiontalk,play,cards,카드·화투 게임,,apocalypse_bot/commands/v1010_companion_card_games.py,1098,command
동료임무,companionmission | companionquest,play,cards,카드·화투 게임,,apocalypse_bot/commands/v1010_companion_card_games.py,1132,command
동료기록,companionlog | companionrecord,play,cards,카드·화투 게임,,apocalypse_bot/commands/v1010_companion_card_games.py,1167,command
1010안정화검수,v1010audit | 1010audit | patchaudit,play,cards,카드·화투 게임,,apocalypse_bot/commands/v1010_companion_card_games.py,1188,command
카드게임검수,cardgameaudit | cardsaudit,play,cards,카드·화투 게임,,apocalypse_bot/commands/v1010_companion_card_games.py,1208,command
동료검수,companionaudit,play,cards,카드·화투 게임,,apocalypse_bot/commands/v1010_companion_card_games.py,1216,command
홈페이지검수,websiteaudit | siteaudit,play,cards,카드·화투 게임,,apocalypse_bot/commands/v1010_companion_card_games.py,1232,command
파인애플홀덤,파인애플포커 | pineappleholdem | pineapple,play,cards,카드·화투 게임,,apocalypse_bot/commands/v1050_unified_expansion.py,1147,command
숏덱홀덤,숏덱 | shortdeckholdem | shortdeck,play,cards,카드·화투 게임,,apocalypse_bot/commands/v1050_unified_expansion.py,1149,command
바둑이,badugi,play,cards,카드·화투 게임,,apocalypse_bot/commands/v1050_unified_expansion.py,1151,command
하이로우포커,하이로우카드 | highlowpoker | hilo,play,cards,카드·화투 게임,,apocalypse_bot/commands/v1050_unified_expansion.py,1153,command
인디언포커,indianpoker,play,cards,카드·화투 게임,,apocalypse_bot/commands/v1050_unified_expansion.py,1155,command
카드블랙잭,블랙잭방 | blackjacktable | cardblackjack,play,cards,카드·화투 게임,,apocalypse_bot/commands/v1050_unified_expansion.py,1157,command
카드바카라,바카라방 | baccarattable | cardbaccarat,play,cards,카드·화투 게임,,apocalypse_bot/commands/v1050_unified_expansion.py,1159,command
게임장,게임로비 | gamehall | gamelobby,play,cards,카드·화투 게임,,apocalypse_bot/commands/v1050_unified_expansion.py,1257,command
빠른참가,quickjoin,play,cards,카드·화투 게임,,apocalypse_bot/commands/v1050_unified_expansion.py,1269,command
게임전적,gamestats | gamehistory,play,cards,카드·화투 게임,,apocalypse_bot/commands/v1050_unified_expansion.py,1283,command
게임랭킹,gameranking | gameleaderboard,play,cards,카드·화투 게임,,apocalypse_bot/commands/v1050_unified_expansion.py,1297,command
게임업적,gameachievements,play,cards,카드·화투 게임,,apocalypse_bot/commands/v1050_unified_expansion.py,1315,command
토너먼트개설,createtournament,play,cards,카드·화투 게임,,apocalypse_bot/commands/v1050_unified_expansion.py,1325,command
토너먼트참가,jointournament,play,cards,카드·화투 게임,,apocalypse_bot/commands/v1050_unified_expansion.py,1342,command
토너먼트,tournament,play,cards,카드·화투 게임,,apocalypse_bot/commands/v1050_unified_expansion.py,1354,command
토너먼트시작,starttournament,play,cards,카드·화투 게임,,apocalypse_bot/commands/v1050_unified_expansion.py,1365,command
토너먼트결과,tournamentresult,play,cards,카드·화투 게임,,apocalypse_bot/commands/v1050_unified_expansion.py,1377,command
동료능력,companionabilities,play,cards,카드·화투 게임,,apocalypse_bot/commands/v1050_unified_expansion.py,1393,command
동료훈련,traincompanion,play,cards,카드·화투 게임,,apocalypse_bot/commands/v1050_unified_expansion.py,1404,command
동료원정,companionexpedition,play,cards,카드·화투 게임,,apocalypse_bot/commands/v1050_unified_expansion.py,1421,command
연합창설,createalliance,play,cards,카드·화투 게임,,apocalypse_bot/commands/v1050_unified_expansion.py,1448,command
연합참가,joinalliance,play,cards,카드·화투 게임,,apocalypse_bot/commands/v1050_unified_expansion.py,1456,command
연합,alliance,play,cards,카드·화투 게임,,apocalypse_bot/commands/v1050_unified_expansion.py,1464,command
협동보스소환,summoncoopboss,play,cards,카드·화투 게임,,apocalypse_bot/commands/v1050_unified_expansion.py,1472,command
협동보스,coopboss,play,cards,카드·화투 게임,,apocalypse_bot/commands/v1050_unified_expansion.py,1482,command
협동보스공격,attackcoopboss,play,cards,카드·화투 게임,,apocalypse_bot/commands/v1050_unified_expansion.py,1486,command
무료시즌,freeseason | seasonfree,main,quests,퀘스트·성장·업적,,apocalypse_bot/commands/v1050_unified_expansion.py,1517,command
무료시즌보상,freeseasonrewards | seasonrewards,main,quests,퀘스트·성장·업적,,apocalypse_bot/commands/v1050_unified_expansion.py,1529,command
시즌수집,seasoncollection,play,cards,카드·화투 게임,,apocalypse_bot/commands/v1050_unified_expansion.py,1543,command
화투규칙,hwaturules,play,cards,카드·화투 게임,,apocalypse_bot/commands/v1050_unified_expansion.py,1557,command
화투규칙설정,sethwaturules,play,cards,카드·화투 게임,,apocalypse_bot/commands/v1050_unified_expansion.py,1565,command
1050통합검수,v1050audit | fullaudit,play,cards,카드·화투 게임,,apocalypse_bot/commands/v1050_unified_expansion.py,1572,command
AI참가검수,aiparticipationaudit,play,cards,카드·화투 게임,,apocalypse_bot/commands/v1050_unified_expansion.py,1590,command
섯다,seotda | sutda | seotdagame,play,cards,카드·화투 게임,,apocalypse_bot/commands/v1060_authentic_card_games.py,1940,command
카드게임룰,cardrules | cardgamerules,play,cards,카드·화투 게임,,apocalypse_bot/commands/v1060_authentic_card_games.py,1943,command
게임진행검수,gameplayaudit | cardflowaudit,play,cards,카드·화투 게임,,apocalypse_bot/commands/v1060_authentic_card_games.py,1952,command
훌라,hoola | hula,play,cards,카드·화투 게임,,apocalypse_bot/commands/v1090_integrated_renewal.py,1432,command
라미,rummy,play,cards,카드·화투 게임,,apocalypse_bot/commands/v1090_integrated_renewal.py,1436,command
대통령,president | daifugo,play,cards,카드·화투 게임,,apocalypse_bot/commands/v1090_integrated_renewal.py,1440,command
주사위카드,dicecard | dicecardpoker,play,cards,카드·화투 게임,,apocalypse_bot/commands/v1090_integrated_renewal.py,1444,command
삼봉,sambong,play,cards,카드·화투 게임,,apocalypse_bot/commands/v1090_integrated_renewal.py,1448,command
도리짓고땡,dorijitgottaeng | dori,play,cards,카드·화투 게임,,apocalypse_bot/commands/v1090_integrated_renewal.py,1452,command
민화투,minhwatu,play,cards,카드·화투 게임,,apocalypse_bot/commands/v1090_integrated_renewal.py,1456,command
육백,yukbaek | hwatu600,play,cards,카드·화투 게임,,apocalypse_bot/commands/v1090_integrated_renewal.py,1460,command
블랙잭토너먼트,blackjacktournament | bjtournament,play,cards,카드·화투 게임,,apocalypse_bot/commands/v1090_integrated_renewal.py,1464,command
카드룸,cardroom | cardlobby,play,cards,카드·화투 게임,,apocalypse_bot/commands/v1090_integrated_renewal.py,1517,command
게임방목록,gamelobbies | roomlist,play,cards,카드·화투 게임,,apocalypse_bot/commands/v1090_integrated_renewal.py,1532,command
빠른대전,quickmatch,play,cards,카드·화투 게임,,apocalypse_bot/commands/v1090_integrated_renewal.py,1536,command
재대결,rematch,play,cards,카드·화투 게임,,apocalypse_bot/commands/v1090_integrated_renewal.py,1544,command
관전,spectate,play,cards,카드·화투 게임,,apocalypse_bot/commands/v1090_integrated_renewal.py,1553,command
테이블정보,tableinfo,play,cards,카드·화투 게임,,apocalypse_bot/commands/v1090_integrated_renewal.py,1568,command
관전종료,stopspectating,play,cards,카드·화투 게임,,apocalypse_bot/commands/v1090_integrated_renewal.py,1572,command
최근게임,recentgame,play,cards,카드·화투 게임,,apocalypse_bot/commands/v1090_integrated_renewal.py,1593,command
게임리플레이,gamereplay,play,cards,카드·화투 게임,,apocalypse_bot/commands/v1090_integrated_renewal.py,1597,command
게임기록,gamelog,play,cards,카드·화투 게임,,apocalypse_bot/commands/v1090_integrated_renewal.py,1601,command
아바돈난이도,abaddondifficulty,play,cards,카드·화투 게임,,apocalypse_bot/commands/v1090_integrated_renewal.py,1605,command
아바돈성향,abaddonpersonality,play,cards,카드·화투 게임,,apocalypse_bot/commands/v1090_integrated_renewal.py,1621,command
생존대시보드,survivordashboard | dashboard,play,cards,카드·화투 게임,,apocalypse_bot/commands/v1090_integrated_renewal.py,1698,command
게임대시보드,gamedashboard,play,cards,카드·화투 게임,,apocalypse_bot/commands/v1090_integrated_renewal.py,1703,command
경제대시보드,economydashboard,play,cards,카드·화투 게임,,apocalypse_bot/commands/v1090_integrated_renewal.py,1707,command
세계대시보드,worlddashboard,play,cards,카드·화투 게임,,apocalypse_bot/commands/v1090_integrated_renewal.py,1711,command
지도대시보드,mapdashboard,play,cards,카드·화투 게임,,apocalypse_bot/commands/v1090_integrated_renewal.py,1715,command
동료대시보드,companiondashboard,play,cards,카드·화투 게임,,apocalypse_bot/commands/v1090_integrated_renewal.py,1719,command
연합대시보드,alliancedashboard,play,cards,카드·화투 게임,,apocalypse_bot/commands/v1090_integrated_renewal.py,1723,command
시즌대시보드,seasondashboard,play,cards,카드·화투 게임,,apocalypse_bot/commands/v1090_integrated_renewal.py,1727,command
정보패널,infopanel,play,cards,카드·화투 게임,,apocalypse_bot/commands/v1090_integrated_renewal.py,1731,command
정보리뉴얼현황,inforenewalstatus,play,cards,카드·화투 게임,,apocalypse_bot/commands/v1090_integrated_renewal.py,1737,command
카드리그,cardleague,play,collections,수집·꾸미기·보상,,apocalypse_bot/commands/v1090_integrated_renewal.py,1763,command
주간랭킹,weeklyranking,play,cards,카드·화투 게임,,apocalypse_bot/commands/v1090_integrated_renewal.py,1773,command
명예의전당,halloffame,play,collections,수집·꾸미기·보상,,apocalypse_bot/commands/v1090_integrated_renewal.py,1777,command
대회센터,tournamentcenter,play,collections,수집·꾸미기·보상,,apocalypse_bot/commands/v1090_integrated_renewal.py,1787,command
리그참가,joinleague,play,collections,수집·꾸미기·보상,,apocalypse_bot/commands/v1090_integrated_renewal.py,1796,command
리그기록,leaguerecord,play,collections,수집·꾸미기·보상,,apocalypse_bot/commands/v1090_integrated_renewal.py,1803,command
부채,debt,play,cards,카드·화투 게임,,apocalypse_bot/commands/v1090_integrated_renewal.py,1815,command
채무기록,debthistory,play,cards,카드·화투 게임,,apocalypse_bot/commands/v1090_integrated_renewal.py,1819,command
파산대시보드,bankruptcydashboard,play,cards,카드·화투 게임,,apocalypse_bot/commands/v1090_integrated_renewal.py,1831,command
재기임무,recoverymission,play,economy,경제·거래·사업,,apocalypse_bot/commands/v1090_integrated_renewal.py,1835,command
카드대시보드,carddashboard | cardcatalog | cardgamesdashboard | 카드도감,play,cards,카드·화투 게임,,apocalypse_bot/commands/v1091_card_dashboard_hotfix.py,269,command
경마장,racetrack | horsearena,play,casino,카지노·경마·도박,경주마다 새로 바뀌는 배당과 실시간 경마 규칙을 확인합니다.,apocalypse_bot/commands/v1092_visual_status_horserace.py,540,command
경마전적,horseracestats | racestats,play,casino,카지노·경마·도박,내 실시간 경마 전적과 손익을 확인합니다.,apocalypse_bot/commands/v1092_visual_status_horserace.py,548,command
UI검수,uiaudit | componentaudit | commanduiaudit,system,audit,검수·진단·오류,Discord 버튼·선택 메뉴·모달과 명령 도감의 최신 안정화 상태를 검사합니다.,apocalypse_bot/commands/v1093_command_ui_audit.py,189,command
이미지검수,imageaudit | renderaudit | cardimageaudit,play,cards,카드·화투 게임,v10.9.4 PNG 글꼴·레이아웃·카드 테이블 연결을 검사합니다.,apocalypse_bot/commands/v1094_image_table_patch.py,63,command
리플레이이미지,replayimage | visualreplay,main,codex,도감·연대기·진행 확인,최근 게임 진행 기록을 이미지 타임라인으로 확인합니다.,apocalypse_bot/commands/v1095_gameplay_polish_patch.py,131,command
실시간보드,liveboard | gameliveboard | livestatusboard,play,cards,카드·화투 게임,진행 중인 카드게임과 경마를 이미지 보드로 확인합니다.,apocalypse_bot/commands/v1095_gameplay_polish_patch.py,178,command
연출검수,polishaudit | visualpolishaudit | gamefxaudit,main,base,기지·대피소·세계 진행,v10.9.5 이미지 연출·복구·리플레이·실시간 보드를 검사합니다.,apocalypse_bot/commands/v1095_gameplay_polish_patch.py,204,command
게임도시,gamecity | cardcity | gamingcity,play,cards,카드·화투 게임,카드룸·경마·리그·관전·장부를 한 화면에서 확인합니다.,apocalypse_bot/commands/v1100_game_city_overhaul.py,128,command
베팅제한,betlimit | raiselimit,play,cards,카드·화투 게임,현재 서버의 자유 레이즈 안전 한도를 확인합니다.,apocalypse_bot/commands/v1100_game_city_overhaul.py,140,command
베팅제한설정,setbetlimit | setraiselimit,play,cards,카드·화투 게임,관리자가 서버의 1회 레이즈 안전 한도를 설정합니다.,apocalypse_bot/commands/v1100_game_city_overhaul.py,146,command
정산조회,settlement | settlementlookup,play,cards,카드·화투 게임,번호 또는 정산 ID로 게임 결과와 잔액 이동을 확인합니다.,apocalypse_bot/commands/v1100_game_city_overhaul.py,160,command
최근정산,recentsettlement | latestsettlement,play,cards,카드·화투 게임,가장 최근 게임 정산을 확인합니다.,apocalypse_bot/commands/v1100_game_city_overhaul.py,164,command
게임결과,gameresult | matchresult,play,cards,카드·화투 게임,최근 또는 지정 게임의 승자·손익·현재 잔액을 확인합니다.,apocalypse_bot/commands/v1100_game_city_overhaul.py,168,command
셔플검증,shuffleverify | deckverify,play,cards,카드·화투 게임,종료된 게임의 시작 커밋과 공개값을 다시 계산합니다.,apocalypse_bot/commands/v1100_game_city_overhaul.py,172,command
공정성검증,fairnesscheck | fairnessverify,play,cards,카드·화투 게임,최근 게임의 덱 커밋과 정산 장부를 확인합니다.,apocalypse_bot/commands/v1100_game_city_overhaul.py,181,command
게임세션,gamesession | sessionstatus,play,cards,카드·화투 게임,현재 채널 게임·모집방·미정산 예약 상태를 확인합니다.,apocalypse_bot/commands/v1100_game_city_overhaul.py,185,command
게임복구,recovergame | gamerecovery,play,cards,카드·화투 게임,재시작 복구 상태와 안전 환불 경로를 확인합니다.,apocalypse_bot/commands/v1100_game_city_overhaul.py,192,command
화투도감,hwatucatalog | hwatudeck,play,cards,카드·화투 게임,전통 문양 기반 48장 화투 이미지 도감을 확인합니다.,apocalypse_bot/commands/v1100_game_city_overhaul.py,197,command
화투패보기,viewhwatu | hwatuart,play,cards,카드·화투 게임,ABADDON 화투 이미지 도감을 엽니다.,apocalypse_bot/commands/v1100_game_city_overhaul.py,205,command
테이블테마,tabletheme | gametheme,play,cards,카드·화투 게임,게임 테이블 테마를 확인하거나 선택합니다.,apocalypse_bot/commands/v1100_game_city_overhaul.py,209,command
카드스킨,cardskin | cardback,play,cards,카드·화투 게임,카드 뒷면 스킨을 확인하거나 선택합니다.,apocalypse_bot/commands/v1100_game_city_overhaul.py,221,command
내게임장식,mygamecosmetics | mytabledecor,play,cards,카드·화투 게임,선택한 테이블 테마와 카드 스킨을 확인합니다.,apocalypse_bot/commands/v1100_game_city_overhaul.py,233,command
게임도시검수,gamecityaudit | v1100audit,play,cards,카드·화투 게임,v11.0.0에서 변경한 결과·레이즈·경마·화투·장부만 검사합니다.,apocalypse_bot/commands/v1100_game_city_overhaul.py,258,command
챔피언십,championship | abaddonchampionship,play,cards,카드·화투 게임,현재 시즌 이벤트·리그 점수·챔피언 도전 조건을 확인합니다.,apocalypse_bot/commands/v1140_championship_alliance_casino_story.py,286,command
시즌순위,seasonranking | championshipranking,play,cards,카드·화투 게임,현재 서버의 챔피언십 순위를 확인합니다.,apocalypse_bot/commands/v1140_championship_alliance_casino_story.py,316,command
챔피언도전,challengechampion | championchallenge,play,cards,카드·화투 게임,10LP 이상이면 챔피언 테이블에서 아바돈에게 도전합니다.,apocalypse_bot/commands/v1140_championship_alliance_casino_story.py,326,command
대회일정,tournamentschedule | championshipschedule,play,cards,카드·화투 게임,주간 챔피언십과 시즌 종료 일정을 확인합니다.,apocalypse_bot/commands/v1140_championship_alliance_casino_story.py,349,command
NPC딜러,npcdealers | dealerroster,play,cards,카드·화투 게임,ABADDON 게임도시의 NPC 딜러 6명을 확인합니다.,apocalypse_bot/commands/v1140_championship_alliance_casino_story.py,356,command
딜러선택,selectdealer | choosedealer,play,cards,카드·화투 게임,개인 카지노와 아바돈 대전에 사용할 NPC 딜러를 선택합니다.,apocalypse_bot/commands/v1140_championship_alliance_casino_story.py,364,command
시즌사건,seasonevent | weeklyevent,play,cards,카드·화투 게임,이번 주 챔피언십 특별 규칙을 확인합니다.,apocalypse_bot/commands/v1140_championship_alliance_casino_story.py,383,command
연합대항전,alliancewar | alliancechampionship,play,cards,카드·화투 게임,연합 대항전 상태와 현재 점수를 확인합니다.,apocalypse_bot/commands/v1140_championship_alliance_casino_story.py,388,command
연합대항전참가,joinalliancewar | alliancewarjoin,play,cards,카드·화투 게임,현재 서버 연합을 시즌 대항전에 등록합니다.,apocalypse_bot/commands/v1140_championship_alliance_casino_story.py,397,command
연합대항순위,alliancewarranking | allianceranking,play,cards,카드·화투 게임,전체 서버 연합 대항전 순위를 확인합니다.,apocalypse_bot/commands/v1140_championship_alliance_casino_story.py,411,command
연합임무,alliancemissions | alliancewarquests,play,cards,카드·화투 게임,연합 대항전 주간 임무를 확인합니다.,apocalypse_bot/commands/v1140_championship_alliance_casino_story.py,417,command
연합상점,allianceshop | alliancewarshop,play,cards,카드·화투 게임,연합 대항전에서 해금할 수 있는 장식을 확인합니다.,apocalypse_bot/commands/v1140_championship_alliance_casino_story.py,422,command
개인카지노,mycasino | personalcasino,play,cards,카드·화투 게임,내 전속 딜러·장식·레벨을 이미지 카드로 확인합니다.,apocalypse_bot/commands/v1140_championship_alliance_casino_story.py,427,command
카지노꾸미기,decoratecasino | casinodesign,play,cards,카드·화투 게임,개인 카지노 이름을 변경합니다.,apocalypse_bot/commands/v1140_championship_alliance_casino_story.py,441,command
장식상점,decorationshop | casinodecorstore,play,cards,카드·화투 게임,개인 카지노 장식 목록과 가격을 확인합니다.,apocalypse_bot/commands/v1140_championship_alliance_casino_story.py,450,command
장식구매,buydecoration | purchasedecor,play,cards,카드·화투 게임,칩으로 개인 카지노 장식을 구매합니다.,apocalypse_bot/commands/v1140_championship_alliance_casino_story.py,456,command
딜러고용,hiredealer | employdealer,play,cards,카드·화투 게임,NPC 딜러를 개인 카지노 전속 딜러로 고용합니다.,apocalypse_bot/commands/v1140_championship_alliance_casino_story.py,472,command
카지노공개,publishcasino | casinoprivacy,play,cards,카드·화투 게임,개인 카지노 공개 여부를 설정합니다.,apocalypse_bot/commands/v1140_championship_alliance_casino_story.py,476,command
카드캠페인,cardcampaign | storycampaign,main,codex,도감·연대기·진행 확인,ABADDON 스토리형 카드 캠페인 진행 상황을 확인합니다.,apocalypse_bot/commands/v1140_championship_alliance_casino_story.py,484,command
캠페인선택,campaignchoice | storychoice,main,codex,도감·연대기·진행 확인,스토리 캠페인의 기본 성향을 선택합니다.,apocalypse_bot/commands/v1140_championship_alliance_casino_story.py,494,command
캠페인진행,advancecampaign | campaignadvance,main,codex,도감·연대기·진행 확인,현재 챕터 조건을 검사하고 다음 챕터로 진행합니다.,apocalypse_bot/commands/v1140_championship_alliance_casino_story.py,516,command
캠페인보상,campaignreward | storyreward,main,codex,도감·연대기·진행 확인,완료한 캠페인 챕터 보상을 수령합니다.,apocalypse_bot/commands/v1140_championship_alliance_casino_story.py,536,command
캠페인기록,campaignlog | storylog,main,codex,도감·연대기·진행 확인,완료 챕터·선택·보상 기록을 확인합니다.,apocalypse_bot/commands/v1140_championship_alliance_casino_story.py,546,command
스토리도감,storycodex | campaigncodex,main,codex,도감·연대기·진행 확인,카드 캠페인 전체 챕터 목록을 확인합니다.,apocalypse_bot/commands/v1140_championship_alliance_casino_story.py,553,command
1140통합검수,v1140audit | unified1140audit,play,cards,카드·화투 게임,v11.0.1~v11.4.0에서 추가·수정한 기능만 검사합니다.,apocalypse_bot/commands/v1140_championship_alliance_casino_story.py,615,command
경마표시검수,racetrackaudit | horsemarkeraudit | v1141audit,play,casino,카지노·경마·도박,v11.4.1에서 수정한 말 표식과 공통 결승선만 검사합니다.,apocalypse_bot/commands/v1141_horse_marker_hotfix.py,50,command
경마배당검수,raceoddsaudit | dynamicoddsaudit | v1142audit,play,casino,카지노·경마·도박,v11.4.2에서 추가한 경주별 랜덤 배당과 정산 연결만 검사합니다.,apocalypse_bot/commands/v1142_dynamic_horse_odds.py,57,command
재난알림,재난구독 | 비상알림 | disasteralerts | disastersubscribe,system,alerts,알림·구독·운영센터,서버별 자동 재난 알림 구독 상태를 확인하거나 켜고 끕니다.,apocalypse_bot/commands/v1143_disaster_optin.py,242,command
재난알림해제,재난채널해제 | 비상알림해제 | removedisasteralerts,system,alerts,알림·구독·운영센터,이 서버의 자동 재난 알림 구독과 지정 채널을 모두 해제합니다.,apocalypse_bot/commands/v1143_disaster_optin.py,250,command
재난알림검수,disasteralertaudit | disasternotificationaudit | v1143audit,system,alerts,알림·구독·운영센터,v11.4.3 서버별 재난 알림 구독 변경만 검사합니다.,apocalypse_bot/commands/v1143_disaster_optin.py,268,command
서버운영,서버운영센터 | serveroperations | serverops,system,security,권한·보안·관리,서버별 알림·채널·봇 권한·복구 상태를 한 화면에서 확인합니다.,apocalypse_bot/commands/v1150_server_operations_permissions.py,623,command
서버알림,운영알림설정 | 서버알림설정 | serveralerts | alertsubscriptions,system,security,권한·보안·관리,서버별 자동 알림 종류·채널·상태를 설정합니다.,apocalypse_bot/commands/v1150_server_operations_permissions.py,673,command
알림채널,운영채널설정 | serveralertchannel | alertchannel,system,security,권한·보안·관리,알림 종류별 전용 채널을 지정합니다.,apocalypse_bot/commands/v1150_server_operations_permissions.py,717,command
알림멘션,서버알림멘션 | alertmention,system,security,권한·보안·관리,알림 종류에 사용할 역할 멘션을 설정하거나 해제합니다.,apocalypse_bot/commands/v1150_server_operations_permissions.py,736,command
알림시간,조용한시간 | alerthours | quiethours,system,security,권한·보안·관리,자동 알림이 게시될 시간을 설정합니다. 시간 밖에는 연동 알림을 일시 정지합니다.,apocalypse_bot/commands/v1150_server_operations_permissions.py,755,command
알림시간해제,조용한시간해제 | disablealerthours,system,security,권한·보안·관리,시간 제한 없이 구독 알림을 게시합니다.,apocalypse_bot/commands/v1150_server_operations_permissions.py,774,command
알림요약,alertdigest,system,security,권한·보안·관리,운영센터 자체 경고의 요약 표시 설정을 켜거나 끕니다.,apocalypse_bot/commands/v1150_server_operations_permissions.py,785,command
알림테스트,serveralerttest | testalert,system,security,권한·보안·관리,실제 이벤트를 만들지 않고 지정 알림 채널에 미리보기를 보냅니다.,apocalypse_bot/commands/v1150_server_operations_permissions.py,799,command
서버봇목록,봇목록 | serverbots | botinventory,system,security,권한·보안·관리,서버에 참가한 봇과 강한 관리 권한을 확인합니다.,apocalypse_bot/commands/v1150_server_operations_permissions.py,836,command
서버봇권한검수,봇권한점검 | serverbotaudit | botpermissionaudit,system,security,권한·보안·관리,서버의 모든 봇이 접근 가능한 채널과 위험 권한을 요약합니다.,apocalypse_bot/commands/v1150_server_operations_permissions.py,854,command
권한백업,봇권한백업 | permissionbackup,system,security,권한·보안·관리,현재 채널의 모든 봇 권한 덮어쓰기를 복구 지점으로 저장합니다.,apocalypse_bot/commands/v1150_server_operations_permissions.py,904,command
봇권한적용,권한프로필적용 | applybotpermissions,system,security,권한·보안·관리,선택한 봇에 채널 권한 프로필을 적용합니다. 적용 전 자동 백업합니다.,apocalypse_bot/commands/v1150_server_operations_permissions.py,918,command
권한자동설정,채널권한자동설정 | autopermissions | autoconfigurepermissions,system,security,권한·보안·관리,채널 이름과 종류에 따라 ABADDON 권한 프로필을 미리보기 또는 적용합니다.,apocalypse_bot/commands/v1150_server_operations_permissions.py,959,command
권한복구,봇권한복구 | restorepermissions | permissionrollback,system,security,권한·보안·관리,권한 적용 전에 생성된 복구 ID로 채널 덮어쓰기를 되돌립니다.,apocalypse_bot/commands/v1150_server_operations_permissions.py,1005,command
권한변경내역,권한복구목록 | permissionhistory,system,security,권한·보안·관리,최근 권한 백업과 복구 ID를 확인합니다.,apocalypse_bot/commands/v1150_server_operations_permissions.py,1035,command
서버설정백업,운영설정백업 | serversettingsbackup,system,security,권한·보안·관리,서버 알림·시간·채널 설정을 복구 지점으로 저장합니다.,apocalypse_bot/commands/v1150_server_operations_permissions.py,1046,command
서버설정복구,운영설정복구 | restoreserversettings,system,security,권한·보안·관리,서버 운영 설정 백업을 복구합니다.,apocalypse_bot/commands/v1150_server_operations_permissions.py,1063,command
서버설정복구목록,serversettingshistory,system,security,권한·보안·관리,최근 서버 설정 백업 ID를 확인합니다.,apocalypse_bot/commands/v1150_server_operations_permissions.py,1096,command
서버설정검수,운영설정검수 | serverconfigaudit | v1150audit,system,security,권한·보안·관리,v11.5.0 알림·권한·백업 변경만 검사합니다.,apocalypse_bot/commands/v1150_server_operations_permissions.py,1105,command
알림UI검수,알림설정UI검수 | alertuiaudit | alertsettingsaudit,system,alerts,알림·구독·운영센터,v11.5.1 드롭다운 알림 설정 UI만 검사합니다.,apocalypse_bot/commands/v1151_alert_settings_ui.py,601,command
화투패검수,전통화투검수 | traditionalhwatuaudit | hwatuassetaudit,play,cards,카드·화투 게임,v11.5.2 전통 문양 화투 48장과 화투 게임 연결만 검사합니다.,apocalypse_bot/commands/v1152_traditional_hwatu_refresh.py,47,command
게임복구목록,recoverylist | gamesessionlist,system,recovery,백업·복구·안정화,현재 서버의 활성·중단·일시정지 게임 체크포인트를 확인합니다.,apocalypse_bot/commands/v1160_game_recovery_validation.py,629,command
게임재개,resumegame | continuegame,system,recovery,백업·복구·안정화,일시정지 게임을 재개하거나 저장된 게임을 복구합니다.,apocalypse_bot/commands/v1160_game_recovery_validation.py,676,command
게임강제환불,forcegamerefund | sessionrefund,system,recovery,백업·복구·안정화,관리자가 중단 게임의 실제 납부액을 한 번만 환불합니다.,apocalypse_bot/commands/v1160_game_recovery_validation.py,697,command
잠수규칙,afkrules | timeoutpolicy,system,recovery,백업·복구·안정화,현재 서버의 턴 시간 초과 처리 방식을 확인합니다.,apocalypse_bot/commands/v1160_game_recovery_validation.py,704,command
잠수규칙설정,setafkrules | settimeoutpolicy,system,recovery,백업·복구·안정화,턴 시간 초과 처리 방식을 설정합니다.,apocalypse_bot/commands/v1160_game_recovery_validation.py,712,command
턴시간설정,setturntime | turntimeout,system,recovery,백업·복구·안정화,게임 턴 제한시간을 20~600초로 설정합니다.,apocalypse_bot/commands/v1160_game_recovery_validation.py,725,command
판정요청,게임신고 | rulingrequest | reportgame,system,recovery,백업·복구·안정화,현재 또는 최근 게임의 공개 로그·정산 검토를 요청합니다.,apocalypse_bot/commands/v1160_game_recovery_validation.py,734,command
판정로그,rulinglog | gamerulinglog,system,recovery,백업·복구·안정화,판정 요청과 연결된 공개 게임 상태를 확인합니다.,apocalypse_bot/commands/v1160_game_recovery_validation.py,754,command
실전게임검수,livegameaudit | recoveryaudit,system,recovery,백업·복구·안정화,v11.6.0에서 변경한 복구·종료·잠수·화투 검증만 검사합니다.,apocalypse_bot/commands/v1160_game_recovery_validation.py,790,command
일정,일정센터 | schedule | schedulecenter,social,schedule,일정·예약·방송,서버의 오늘·이번 주 이벤트를 이미지 달력으로 확인합니다.,apocalypse_bot/commands/v1190_event_broadcast_collection.py,540,command
이벤트달력,eventcalendar | servercalendar,play,collections,수집·꾸미기·보상,서버 이벤트 달력을 확인합니다.,apocalypse_bot/commands/v1190_event_broadcast_collection.py,543,command
오늘일정,todayschedule | todayevents,social,schedule,일정·예약·방송,오늘 남은 서버 일정을 확인합니다.,apocalypse_bot/commands/v1190_event_broadcast_collection.py,546,command
이번주일정,weekschedule | weekevents,social,schedule,일정·예약·방송,앞으로 7일 일정을 확인합니다.,apocalypse_bot/commands/v1190_event_broadcast_collection.py,551,command
일정등록,addevent | createevent,social,schedule,일정·예약·방송,관리자가 서버 일정을 등록합니다. `!일정등록 YYYY-MM-DD HH:MM 종류 제목`,apocalypse_bot/commands/v1190_event_broadcast_collection.py,555,command
일정삭제,deleteevent | removeevent,social,schedule,일정·예약·방송,관리자가 등록한 서버 일정을 삭제합니다.,apocalypse_bot/commands/v1190_event_broadcast_collection.py,568,command
게임예약,reservegame | gamebooking,social,schedule,일정·예약·방송,게임 일정을 예약합니다. `!게임예약 텍사스홀덤 2026-08-05 21:00 10000 아바돈허용`,apocalypse_bot/commands/v1190_event_broadcast_collection.py,574,command
예약참가,joinreservation | joinbooking,social,schedule,일정·예약·방송,예약된 게임에 참가합니다.,apocalypse_bot/commands/v1190_event_broadcast_collection.py,585,command
예약취소,cancelreservation | cancelbooking,social,schedule,일정·예약·방송,내 게임 예약 참가를 취소하거나 방장이 예약을 취소합니다.,apocalypse_bot/commands/v1190_event_broadcast_collection.py,594,command
예약목록,reservationlist | gamebookings,social,schedule,일정·예약·방송,서버의 예정 게임 예약을 확인합니다.,apocalypse_bot/commands/v1190_event_broadcast_collection.py,605,command
중계,경기중계 | broadcast | livebroadcast,social,schedule,일정·예약·방송,현재 채널의 카드게임 또는 서버의 진행 중 경마를 공개 정보만으로 실시간 중계합니다.,apocalypse_bot/commands/v1190_event_broadcast_collection.py,610,command
중계종료,stopbroadcast | endbroadcast,social,schedule,일정·예약·방송,현재 채널의 자동 경기 중계를 종료합니다.,apocalypse_bot/commands/v1190_event_broadcast_collection.py,619,command
결승중계,finalbroadcast | finalscast,social,schedule,일정·예약·방송,최근 또는 지정 정산을 결승 결과 카드로 표시합니다.,apocalypse_bot/commands/v1190_event_broadcast_collection.py,623,command
중계응원,cheermatch | broadcastcheer,social,schedule,일정·예약·방송,현재 경기 중계에 응원 수를 추가합니다. 결과에는 영향을 주지 않습니다.,apocalypse_bot/commands/v1190_event_broadcast_collection.py,629,command
중계설정,broadcastsettings | castsettings,social,schedule,일정·예약·방송,관리자가 중계 갱신 간격과 해설을 설정합니다.,apocalypse_bot/commands/v1190_event_broadcast_collection.py,634,command
업적센터,achievementcenter | gameachievementscenter,play,collections,수집·꾸미기·보상,게임 업적과 수집 진행도를 이미지 카드로 확인합니다.,apocalypse_bot/commands/v1190_event_broadcast_collection.py,638,command
업적도감,achievementcatalog | achievementbook,play,collections,수집·꾸미기·보상,전체 게임 업적 조건과 해금 상태를 확인합니다.,apocalypse_bot/commands/v1190_event_broadcast_collection.py,646,command
수집도감,collectioncatalog | collectionbook,play,collections,수집·꾸미기·보상,화투·포커 족보·경마 우승마·딜러·장식 수집을 확인합니다.,apocalypse_bot/commands/v1190_event_broadcast_collection.py,649,command
화투수집,hwatucollection | hwatucodex,play,collections,수집·꾸미기·보상,수집한 화투 월과 48장 도감 진행도를 확인합니다.,apocalypse_bot/commands/v1190_event_broadcast_collection.py,659,command
포커족보도감,pokerhandcatalog | pokerhandbook,play,collections,수집·꾸미기·보상,발견한 포커 족보를 확인합니다.,apocalypse_bot/commands/v1190_event_broadcast_collection.py,665,command
경마우승마도감,winninghorsecatalog | horsewinnerbook,play,collections,수집·꾸미기·보상,내가 적중한 경마 우승마를 확인합니다.,apocalypse_bot/commands/v1190_event_broadcast_collection.py,672,command
딜러친밀도,dealeraffinity | dealerbond,play,collections,수집·꾸미기·보상,NPC 딜러 6명의 친밀도를 확인합니다.,apocalypse_bot/commands/v1190_event_broadcast_collection.py,677,command
장식도감,decorationcatalog | decorbook,play,collections,수집·꾸미기·보상,개인 카지노 장식 수집 현황을 확인합니다.,apocalypse_bot/commands/v1190_event_broadcast_collection.py,684,command
업적전시,achievementdisplay | showcaseachievements,play,collections,수집·꾸미기·보상,프로필에 전시할 업적을 최대 3개 선택합니다.,apocalypse_bot/commands/v1190_event_broadcast_collection.py,691,command
1190통합검수,v1190audit | eventbroadcastcollectionaudit,play,collections,수집·꾸미기·보상,v11.7~v11.9 통합 기능을 검사합니다.,apocalypse_bot/commands/v1190_event_broadcast_collection.py,721,command
혼돈축제,재미기능 | chaosfestival | funhub,play,party_games,파티게임·축제·미니게임,v12.2.0 재미 기능 전체 메뉴를 엽니다.,apocalypse_bot/commands/v1220_chaos_festival_complete.py,562,command
돌발이벤트,chaosevent | randomevent,play,party_games,파티게임·축제·미니게임,현재 돌발 이벤트를 확인하거나 관리자가 즉시 시작합니다.,apocalypse_bot/commands/v1220_chaos_festival_complete.py,569,command
이벤트참가,joinevent | eventaction,play,party_games,파티게임·축제·미니게임,진행 중인 돌발 이벤트에 참가합니다.,apocalypse_bot/commands/v1220_chaos_festival_complete.py,617,command
이벤트순위,eventranking | chaosranking,play,party_games,파티게임·축제·미니게임,서버 돌발 이벤트 순위를 확인합니다.,apocalypse_bot/commands/v1220_chaos_festival_complete.py,623,command
이벤트설정,eventsettings | chaossettings,play,party_games,파티게임·축제·미니게임,돌발 이벤트 자동 출현 채널과 빈도를 설정합니다.,apocalypse_bot/commands/v1220_chaos_festival_complete.py,640,command
파티게임,partygames | partyhub,play,party_games,파티게임·축제·미니게임,폭탄·마피아·라이어·그림자·생존·심리전 메뉴를 엽니다.,apocalypse_bot/commands/v1220_chaos_festival_complete.py,682,command
폭탄돌리기,hotpotato | bombgame,play,party_games,파티게임·축제·미니게임,폭탄 돌리기 로비를 엽니다.,apocalypse_bot/commands/v1220_chaos_festival_complete.py,692,command
폭탄참가,joinbomb | joinhotpotato,play,party_games,파티게임·축제·미니게임,진행 중인 폭탄 돌리기에 참가합니다.,apocalypse_bot/commands/v1220_chaos_festival_complete.py,710,command
폭탄넘기기,passbomb | throwbomb,play,party_games,파티게임·축제·미니게임,내가 가진 폭탄을 참가자에게 넘깁니다.,apocalypse_bot/commands/v1220_chaos_festival_complete.py,724,command
마피아,mafia | werewolf,play,party_games,파티게임·축제·미니게임,마피아 게임 로비를 엽니다.,apocalypse_bot/commands/v1220_chaos_festival_complete.py,743,command
마피아참가,joinmafia | joinwerewolf,play,party_games,파티게임·축제·미니게임,마피아 로비에 참가합니다.,apocalypse_bot/commands/v1220_chaos_festival_complete.py,758,command
마피아시작,startmafia | startwerewolf,play,party_games,파티게임·축제·미니게임,마피아 역할을 배정하고 게임을 시작합니다.,apocalypse_bot/commands/v1220_chaos_festival_complete.py,769,command
마피아투표,mafiavote | werewolfvote,play,party_games,파티게임·축제·미니게임,마피아 게임에서 처형 대상을 투표합니다.,apocalypse_bot/commands/v1220_chaos_festival_complete.py,795,command
라이어게임,liargame | wordliar,play,party_games,파티게임·축제·미니게임,라이어 게임 로비를 엽니다.,apocalypse_bot/commands/v1220_chaos_festival_complete.py,827,command
라이어참가,joinliar | joinliargame,play,party_games,파티게임·축제·미니게임,라이어 게임에 참가합니다.,apocalypse_bot/commands/v1220_chaos_festival_complete.py,838,command
라이어시작,startliar | startliargame,play,party_games,파티게임·축제·미니게임,라이어 단어를 DM으로 배정합니다.,apocalypse_bot/commands/v1220_chaos_festival_complete.py,849,command
라이어투표,liarvote | wordliarvote,play,party_games,파티게임·축제·미니게임,라이어로 의심되는 참가자에게 투표합니다.,apocalypse_bot/commands/v1220_chaos_festival_complete.py,874,command
그림자추리,shadowquiz | silhouettequiz,play,party_games,파티게임·축제·미니게임,그림자·단서 추리 문제를 시작합니다.,apocalypse_bot/commands/v1220_chaos_festival_complete.py,894,command
그림자정답,shadowanswer | silhouetteanswer,play,party_games,파티게임·축제·미니게임,그림자 추리 정답을 제출합니다.,apocalypse_bot/commands/v1220_chaos_festival_complete.py,906,command
생존룰렛,survivalroulette | saferoulette,play,party_games,파티게임·축제·미니게임,안전 구역을 고르는 생존 룰렛을 시작합니다.,apocalypse_bot/commands/v1220_chaos_festival_complete.py,917,command
생존선택,survivalpick | safezone,play,party_games,파티게임·축제·미니게임,생존 룰렛의 안전 구역을 선택합니다.,apocalypse_bot/commands/v1220_chaos_festival_complete.py,928,command
심리전,mindgame | betrayalbutton,play,party_games,파티게임·축제·미니게임,개인 보상과 공동 보상 사이에서 선택하는 심리전을 시작합니다.,apocalypse_bot/commands/v1220_chaos_festival_complete.py,952,command
심리선택,mindchoice | betrayalchoice,play,party_games,파티게임·축제·미니게임,심리전에서 공동 또는 개인을 선택합니다.,apocalypse_bot/commands/v1220_chaos_festival_complete.py,981,command
축제대화,talkabaddon | abaddontalk,play,party_games,파티게임·축제·미니게임,아바돈과 오늘의 대화를 나눕니다.,apocalypse_bot/commands/v1220_chaos_festival_complete.py,1038,command
딜러대화,dealertalk | npctalk,social,companions,동료·펫·육성,NPC 딜러와 대화해 친밀도를 올립니다.,apocalypse_bot/commands/v1220_chaos_festival_complete.py,1057,command
딜러선물,dealergift | npcgift,social,companions,동료·펫·육성,NPC에게 선물을 주어 관계를 변화시킵니다.,apocalypse_bot/commands/v1220_chaos_festival_complete.py,1073,command
관계도,festivalrelations | npcrelations,social,companions,동료·펫·육성,NPC별 친밀도와 경쟁도를 확인합니다.,apocalypse_bot/commands/v1220_chaos_festival_complete.py,1094,command
축제인물도감,npccatalog | festivalcharactercodex,social,companions,동료·펫·육성,혼돈의 축제 NPC 인물 정보를 확인합니다.,apocalypse_bot/commands/v1220_chaos_festival_complete.py,1105,command
오늘의대화,dailytalk | todaydialogue,social,companions,동료·펫·육성,오늘 가장 잘 맞는 NPC와 짧은 대화를 봅니다.,apocalypse_bot/commands/v1220_chaos_festival_complete.py,1111,command
펫센터,petcenter | companioncenter,social,companions,동료·펫·육성,보유 동료와 육성 상태를 확인합니다.,apocalypse_bot/commands/v1220_chaos_festival_complete.py,1126,command
동료뽑기,drawcompanion | petdraw,social,companions,동료·펫·육성,"3,000칩으로 동료 알을 부화합니다.",apocalypse_bot/commands/v1220_chaos_festival_complete.py,1139,command
동료먹이,feedcompanion | feedpet,social,companions,동료·펫·육성,동료에게 먹이를 주어 경험치를 올립니다.,apocalypse_bot/commands/v1220_chaos_festival_complete.py,1160,command
동료탐험,festivalpetexpedition | petexpedition,social,companions,동료·펫·육성,동료를 짧은 탐험에 보내거나 귀환 보상을 받습니다.,apocalypse_bot/commands/v1220_chaos_festival_complete.py,1182,command
동료진화,evolvecompanion | evolvepet,social,companions,동료·펫·육성,5레벨 이상 동료를 진화시킵니다.,apocalypse_bot/commands/v1220_chaos_festival_complete.py,1201,command
동료도감,companioncatalog | petcatalog,social,companions,동료·펫·육성,전체 동료와 획득 상태를 확인합니다.,apocalypse_bot/commands/v1220_chaos_festival_complete.py,1217,command
펫레이스,petrace | companionrace,social,companions,동료·펫·육성,활성 동료와 짧은 친선 경주를 합니다.,apocalypse_bot/commands/v1220_chaos_festival_complete.py,1226,command
탐험,festivalexpedition | chaosadventure,play,economy,경제·거래·사업,개인 선택형 탐험을 시작하거나 현재 상태를 확인합니다.,apocalypse_bot/commands/v1220_chaos_festival_complete.py,1251,command
파티탐험,partyexpedition | groupadventure,play,economy,경제·거래·사업,서버 파티 탐험 로비를 엽니다.,apocalypse_bot/commands/v1220_chaos_festival_complete.py,1267,command
탐험참가,joinpartyexpedition | joinadventure,play,economy,경제·거래·사업,진행 중인 파티 탐험에 참가합니다.,apocalypse_bot/commands/v1220_chaos_festival_complete.py,1282,command
탐험선택,expeditionchoice | adventurechoice,play,economy,경제·거래·사업,개인 또는 파티 탐험의 행동을 선택합니다.,apocalypse_bot/commands/v1220_chaos_festival_complete.py,1293,command
탐험가방,expeditionbag | adventurebag,play,economy,경제·거래·사업,탐험에서 획득한 보물을 확인합니다.,apocalypse_bot/commands/v1220_chaos_festival_complete.py,1347,command
보물도감,treasurecatalog | reliccatalog,play,economy,경제·거래·사업,알려진 탐험 보물과 획득 상태를 확인합니다.,apocalypse_bot/commands/v1220_chaos_festival_complete.py,1354,command
던전순위,dungeonranking | expeditionranking,play,economy,경제·거래·사업,서버 탐험 완료 순위를 확인합니다.,apocalypse_bot/commands/v1220_chaos_festival_complete.py,1360,command
내사업,mybusiness | businessdashboard,play,economy,경제·거래·사업,내 사업 현황과 정산 가능한 수익을 확인합니다.,apocalypse_bot/commands/v1220_chaos_festival_complete.py,1389,command
사업개설,openbusiness | createbusiness,play,economy,경제·거래·사업,칩을 사용해 서버 사업을 개설합니다.,apocalypse_bot/commands/v1220_chaos_festival_complete.py,1399,command
상품설정,setproduct | businessproduct,play,economy,경제·거래·사업,내 사업의 대표 상품과 가격을 설정합니다.,apocalypse_bot/commands/v1220_chaos_festival_complete.py,1421,command
직원고용,hirestaff | hireemployee,social,companions,동료·펫·육성,NPC 직원을 고용해 사업 수익을 올립니다.,apocalypse_bot/commands/v1220_chaos_festival_complete.py,1433,command
가게방문,visitshop | visitbusiness,play,party_games,파티게임·축제·미니게임,서버 구성원의 가게를 방문하고 상품을 구매합니다.,apocalypse_bot/commands/v1220_chaos_festival_complete.py,1448,command
서버상권,servermarket | businessdistrict,play,economy,경제·거래·사업,서버에 개설된 사업 목록을 확인합니다.,apocalypse_bot/commands/v1220_chaos_festival_complete.py,1473,command
사업순위,businessranking | shopranking,play,economy,경제·거래·사업,서버 사업 인기 순위를 확인합니다.,apocalypse_bot/commands/v1220_chaos_festival_complete.py,1483,command
오늘의명장면,dailyhighlight | todayhighlight,play,party_games,파티게임·축제·미니게임,공개 기록만으로 오늘의 서버 명장면을 뽑습니다.,apocalypse_bot/commands/v1220_chaos_festival_complete.py,1512,command
주간예능,weeklyvariety | weeklyshow,play,party_games,파티게임·축제·미니게임,서버의 공개 재미 기록을 주간 예능처럼 정리합니다.,apocalypse_bot/commands/v1220_chaos_festival_complete.py,1525,command
월간시상식,monthlyawards | monthlyshow,play,party_games,파티게임·축제·미니게임,서버의 월간 재미 시상식을 표시합니다.,apocalypse_bot/commands/v1220_chaos_festival_complete.py,1542,command
불운왕,unluckiest | badluckking,play,party_games,파티게임·축제·미니게임,공개 잔액 기준 오늘의 불운왕을 뽑습니다.,apocalypse_bot/commands/v1220_chaos_festival_complete.py,1565,command
역전왕,comebackking | turnaroundking,play,party_games,파티게임·축제·미니게임,공개 재미 기록에서 가장 큰 보상을 받은 사용자를 보여줍니다.,apocalypse_bot/commands/v1220_chaos_festival_complete.py,1573,command
블러프분석,bluffanalysis | bluffmeter,play,party_games,파티게임·축제·미니게임,공개 활동만으로 재미용 블러프 지수를 계산합니다.,apocalypse_bot/commands/v1220_chaos_festival_complete.py,1581,command
축제운세,festivalfortune | dailyfestivalfortune,play,party_games,파티게임·축제·미니게임,사용자별 오늘의 운세와 행운 숫자를 확인합니다.,apocalypse_bot/commands/v1220_chaos_festival_complete.py,1593,command
궁합,compatibility | servercompatibility,play,party_games,파티게임·축제·미니게임,두 사용자의 오늘의 재미 궁합을 확인합니다.,apocalypse_bot/commands/v1220_chaos_festival_complete.py,1605,command
축제밸런스,chaosbalance | festivalbalance,play,party_games,파티게임·축제·미니게임,서버 밸런스 게임 질문을 시작합니다.,apocalypse_bot/commands/v1220_chaos_festival_complete.py,1611,command
밸런스선택,balancechoice | wouldyouratherchoice,play,party_games,파티게임·축제·미니게임,진행 중인 밸런스 게임에 투표합니다.,apocalypse_bot/commands/v1220_chaos_festival_complete.py,1619,command
월드컵,worldcup | tournamentpick,play,party_games,파티게임·축제·미니게임,ABADDON 콘텐츠 이상형 월드컵을 시작합니다.,apocalypse_bot/commands/v1220_chaos_festival_complete.py,1634,command
월드컵선택,worldcupchoice | tournamentchoice,play,party_games,파티게임·축제·미니게임,월드컵 대진에서 1번 또는 2번을 선택합니다.,apocalypse_bot/commands/v1220_chaos_festival_complete.py,1643,command
랜덤벌칙,randompenalty | partyforfeit,play,party_games,파티게임·축제·미니게임,안전하고 가벼운 랜덤 벌칙을 뽑습니다.,apocalypse_bot/commands/v1220_chaos_festival_complete.py,1662,command
칭찬릴레이,praiserelay | complimentchain,play,party_games,파티게임·축제·미니게임,다른 사용자에게 공개 칭찬을 이어갑니다.,apocalypse_bot/commands/v1220_chaos_festival_complete.py,1675,command
친목설정,socialsettings | communitysettings,play,party_games,파티게임·축제·미니게임,익명 응원 등 친목 기능을 서버별로 설정합니다.,apocalypse_bot/commands/v1220_chaos_festival_complete.py,1696,command
익명응원,anonymouscheer | anonymoussupport,play,party_games,파티게임·축제·미니게임,관리자가 허용한 서버에서 익명 응원 DM을 보냅니다.,apocalypse_bot/commands/v1220_chaos_festival_complete.py,1705,command
익명응원로그,anonymouslog | supportlog,play,party_games,파티게임·축제·미니게임,관리자가 익명 응원 감사 로그를 확인합니다.,apocalypse_bot/commands/v1220_chaos_festival_complete.py,1728,command
익명응원신고,reportanonymous | reportsupport,play,party_games,파티게임·축제·미니게임,받은 익명 응원 기록을 관리자 검토 대상으로 표시합니다.,apocalypse_bot/commands/v1220_chaos_festival_complete.py,1734,command
비밀친구,secretfriend | secretbuddy,play,party_games,파티게임·축제·미니게임,비밀친구 이벤트 상태를 확인합니다.,apocalypse_bot/commands/v1220_chaos_festival_complete.py,1742,command
비밀친구참가,joinsecretfriend | joinsecretbuddy,play,party_games,파티게임·축제·미니게임,열린 비밀친구 모집에 참가합니다.,apocalypse_bot/commands/v1220_chaos_festival_complete.py,1748,command
비밀친구시작,startsecretfriend | startsecretbuddy,play,party_games,파티게임·축제·미니게임,관리자가 참가자 비밀친구를 배정합니다.,apocalypse_bot/commands/v1220_chaos_festival_complete.py,1759,command
서버빙고,serverbingo | guildbingo,play,party_games,파티게임·축제·미니게임,서버 월간 빙고판과 내 체크 상태를 확인합니다.,apocalypse_bot/commands/v1220_chaos_festival_complete.py,1783,command
빙고체크,bingocheck | markbingo,play,party_games,파티게임·축제·미니게임,서버 빙고 칸을 체크합니다. 월 1회 첫 빙고 보상이 있습니다.,apocalypse_bot/commands/v1220_chaos_festival_complete.py,1792,command
출석도장,festivalattendance | festivalcheckin,play,party_games,파티게임·축제·미니게임,하루 한 번 축제 출석 도장을 받습니다.,apocalypse_bot/commands/v1220_chaos_festival_complete.py,1807,command
생일카드,birthdaycard | celebrationcard,play,party_games,파티게임·축제·미니게임,서버 구성원에게 축하 카드를 보냅니다.,apocalypse_bot/commands/v1220_chaos_festival_complete.py,1818,command
꾸미기센터,cosmeticcenter | profilecosmetics,play,collections,수집·꾸미기·보상,프로필 이미지와 보유 꾸미기 항목을 확인합니다.,apocalypse_bot/commands/v1220_chaos_festival_complete.py,1836,command
프로필꾸미기,customizeprofile | setcosmetic,play,collections,수집·꾸미기·보상,칭호·배경·테이블·카드뒷면을 선택합니다.,apocalypse_bot/commands/v1220_chaos_festival_complete.py,1844,command
칭호도감,titlecatalog | titles,play,collections,수집·꾸미기·보상,혼돈의 축제 칭호 도감을 확인합니다.,apocalypse_bot/commands/v1220_chaos_festival_complete.py,1866,command
배경도감,backgroundcatalog | backgrounds,play,collections,수집·꾸미기·보상,프로필 배경 도감을 확인합니다.,apocalypse_bot/commands/v1220_chaos_festival_complete.py,1871,command
카드뒷면,cardbacks | cardbackcatalog,play,party_games,파티게임·축제·미니게임,보유 카드 뒷면 스킨을 확인합니다.,apocalypse_bot/commands/v1220_chaos_festival_complete.py,1876,command
테이블스킨,tableskins | tablethemes,play,party_games,파티게임·축제·미니게임,보유 게임 테이블 스킨을 확인합니다.,apocalypse_bot/commands/v1220_chaos_festival_complete.py,1881,command
트로피룸,chaostrophyroom | mytrophies,play,collections,수집·꾸미기·보상,내 업적·비밀·수집 트로피를 확인합니다.,apocalypse_bot/commands/v1220_chaos_festival_complete.py,1886,command
공동트로피룸,guildtrophyroom | servertrophies,play,party_games,파티게임·축제·미니게임,서버 공동 트로피와 월간 기록을 확인합니다.,apocalypse_bot/commands/v1220_chaos_festival_complete.py,1901,command
비밀힌트,secrethint | easteregghint,play,party_games,파티게임·축제·미니게임,숨겨진 콘텐츠의 짧은 힌트를 확인합니다.,apocalypse_bot/commands/v1220_chaos_festival_complete.py,1932,command
수상한상인,mysteriousmerchant | hiddenmerchant,play,party_games,파티게임·축제·미니게임,특정 시간에만 나타나는 숨겨진 상인을 찾습니다.,apocalypse_bot/commands/v1220_chaos_festival_complete.py,1937,command
숨겨진임무,hiddenmission | secretmission,play,party_games,파티게임·축제·미니게임,현재 조건으로 발견 가능한 숨겨진 임무를 검사합니다.,apocalypse_bot/commands/v1220_chaos_festival_complete.py,1960,command
전설아이템,legendaryitem | guildrelic,play,party_games,파티게임·축제·미니게임,서버에 단 하나뿐인 전설 유물의 주인을 확인하거나 획득합니다.,apocalypse_bot/commands/v1220_chaos_festival_complete.py,1974,command
혼돈설정,festivalsettings | funsettings,play,party_games,파티게임·축제·미니게임,혼돈의 축제 서버 설정을 확인합니다.,apocalypse_bot/commands/v1220_chaos_festival_complete.py,1993,command
혼돈백업,chaosbackup | festivalbackup,play,party_games,파티게임·축제·미니게임,관리자가 혼돈의 축제 서버 데이터와 구성원 재미 데이터를 백업합니다.,apocalypse_bot/commands/v1220_chaos_festival_complete.py,2006,command
혼돈복구,chaosrestore | festivalrestore,play,party_games,파티게임·축제·미니게임,혼돈 백업 ID로 서버 재미 데이터를 복원합니다.,apocalypse_bot/commands/v1220_chaos_festival_complete.py,2022,command
1220통합검수,v1220audit | chaosfestivalaudit,play,party_games,파티게임·축제·미니게임,v12.0~v12.2 전체 재미 기능을 검사합니다.,apocalypse_bot/commands/v1220_chaos_festival_complete.py,2136,command
도시,city | blackcity,world,black_city,BLACK CITY,BLACK CITY 메인 메뉴를 엽니다.,apocalypse_bot/commands/v1320_black_city_complete.py,298,command
도시개설,createcity | renamecity,world,black_city,BLACK CITY,관리자가 도시 이름을 정하고 기능을 활성화합니다.,apocalypse_bot/commands/v1320_black_city_complete.py,312,command
도시지도,citymap | blackcitymap,world,black_city,BLACK CITY,서버 도시 지도를 PNG로 표시합니다.,apocalypse_bot/commands/v1320_black_city_complete.py,326,command
도시이동,citymove | gotodistrict,world,black_city,BLACK CITY,검은 도시의 다른 지역으로 이동합니다.,apocalypse_bot/commands/v1320_black_city_complete.py,332,command
도시상태,citystatus | blackcitystatus,world,black_city,BLACK CITY,도시 지표와 개방 지역을 확인합니다.,apocalypse_bot/commands/v1320_black_city_complete.py,345,command
오늘의도시,citytoday | dailycity,world,black_city,BLACK CITY,오늘의 NPC·도시 사건을 확인합니다.,apocalypse_bot/commands/v1320_black_city_complete.py,357,command
도시세력,cityfactions | blackfactions,world,black_city,BLACK CITY,검은 도시의 세력 현황을 확인합니다.,apocalypse_bot/commands/v1320_black_city_complete.py,368,command
세력창설,createfaction | foundfaction,world,black_city,BLACK CITY,"20,000칩을 사용해 도시 세력을 창설합니다.",apocalypse_bot/commands/v1320_black_city_complete.py,377,command
세력가입,joinfaction,world,black_city,BLACK CITY,도시 세력에 가입합니다.,apocalypse_bot/commands/v1320_black_city_complete.py,385,command
세력탈퇴,leavefaction,world,black_city,BLACK CITY,현재 도시 세력에서 탈퇴합니다.,apocalypse_bot/commands/v1320_black_city_complete.py,393,command
영토지도,territorymap,world,black_city,BLACK CITY,지역별 점령 세력과 방어도를 확인합니다.,apocalypse_bot/commands/v1320_black_city_complete.py,401,command
영토공격,attackterritory | territoryattack,world,black_city,BLACK CITY,소속 세력으로 지역 점령을 시도합니다.,apocalypse_bot/commands/v1320_black_city_complete.py,408,command
영토방어,defendterritory | territorydefend,world,black_city,BLACK CITY,점령 지역의 방어도를 강화합니다.,apocalypse_bot/commands/v1320_black_city_complete.py,419,command
세력외교,factiondiplomacy,world,black_city,BLACK CITY,세력 간 관계를 동맹·휴전·중립·적대로 설정합니다.,apocalypse_bot/commands/v1320_black_city_complete.py,433,command
도시직업,cityjobs | blackcityjobs,world,black_city,BLACK CITY,BLACK CITY 직업 10종을 확인합니다.,apocalypse_bot/commands/v1320_black_city_complete.py,448,command
도시직업선택,choosecityjob | selectcityjob,world,black_city,BLACK CITY,BLACK CITY 생산 직업을 선택합니다.,apocalypse_bot/commands/v1320_black_city_complete.py,453,command
도시채집,citygather | blackgather,world,black_city,BLACK CITY,선택한 도시 직업의 재료를 채집합니다.,apocalypse_bot/commands/v1320_black_city_complete.py,461,command
도시제작법,cityrecipes | blackrecipes,world,city_decor,도시 꾸미기·공방,도시 제작법을 확인합니다.,apocalypse_bot/commands/v1320_black_city_complete.py,471,command
도시제작,citycraft | blackcraft,world,city_decor,도시 꾸미기·공방,재료를 사용해 도시 제작품을 만듭니다.,apocalypse_bot/commands/v1320_black_city_complete.py,476,command
도시거래소,citymarket | blackmarketboard,world,black_city,BLACK CITY,사용자 제작품 거래소를 확인합니다.,apocalypse_bot/commands/v1320_black_city_complete.py,487,command
판매등록,marketlist | listcityitem,world,black_city,BLACK CITY,제작품을 도시 거래소에 등록합니다.,apocalypse_bot/commands/v1320_black_city_complete.py,494,command
도시판매취소,marketcancel | cancelcitylisting,world,black_city,BLACK CITY,본인의 도시 거래소 판매 글을 취소합니다.,apocalypse_bot/commands/v1320_black_city_complete.py,503,command
거래구매,citymarketbuy | buycitylisting,world,black_city,BLACK CITY,도시 거래소의 판매 글을 구매합니다.,apocalypse_bot/commands/v1320_black_city_complete.py,511,command
도시시세,marketprices | cityprices,world,black_city,BLACK CITY,최근 체결가와 평균가를 확인합니다.,apocalypse_bot/commands/v1320_black_city_complete.py,524,command
내아지트,myhideout | cityhome,world,black_city,BLACK CITY,개인 아지트를 구매하거나 확인합니다.,apocalypse_bot/commands/v1320_black_city_complete.py,533,command
아지트꾸미기,decoratehideout,world,city_decor,도시 꾸미기·공방,개인 아지트에 장식을 설치합니다.,apocalypse_bot/commands/v1320_black_city_complete.py,546,command
아지트공개,publishhideout,world,black_city,BLACK CITY,다른 사용자의 아지트 방문 허용을 켜거나 끕니다.,apocalypse_bot/commands/v1320_black_city_complete.py,554,command
아지트방문,visithideout,world,black_city,BLACK CITY,공개된 다른 사용자의 아지트를 방문합니다.,apocalypse_bot/commands/v1320_black_city_complete.py,565,command
공동시설,cityfacilities | publicfacilities,world,black_city,BLACK CITY,서버 공동 시설의 건설 진행도를 확인합니다.,apocalypse_bot/commands/v1320_black_city_complete.py,573,command
도시건설,citybuild,world,black_city,BLACK CITY,공동 시설 목록과 기부 방법을 안내합니다.,apocalypse_bot/commands/v1320_black_city_complete.py,582,command
건설기부,donateconstruction,world,black_city,BLACK CITY,공동 시설 건설에 칩을 기부합니다.,apocalypse_bot/commands/v1320_black_city_complete.py,592,command
범죄,citycrime | blackcitycrime,world,black_city,BLACK CITY,실제 사용자 재산을 빼앗지 않는 선택형 도시 범죄 임무입니다.,apocalypse_bot/commands/v1320_black_city_complete.py,604,command
현상수배,citybounty | bountyboard,world,black_city,BLACK CITY,참여형 사용자 현상금 임무를 등록하거나 확인합니다.,apocalypse_bot/commands/v1320_black_city_complete.py,615,command
수사,cityinvestigate | blackcityinvestigate,world,black_city,BLACK CITY,대상에 관한 가상 단서를 수집합니다.,apocalypse_bot/commands/v1320_black_city_complete.py,627,command
체포,arrest | cityarrest,world,black_city,BLACK CITY,단서와 대상 수배도를 사용해 선택형 체포를 시도합니다.,apocalypse_bot/commands/v1320_black_city_complete.py,634,command
감옥,cityjail | jailstatus,world,black_city,BLACK CITY,본인의 수감 상태를 확인합니다.,apocalypse_bot/commands/v1320_black_city_complete.py,644,command
탈옥,escapejail | jailbreak,world,black_city,BLACK CITY,수감 중일 때 탈옥을 시도합니다.,apocalypse_bot/commands/v1320_black_city_complete.py,652,command
재판,citytrial | jurytrial,world,black_city,BLACK CITY,선택형 시민 재판 이벤트를 엽니다.,apocalypse_bot/commands/v1320_black_city_complete.py,660,command
도시인물,citynpcs | livingnpcs,world,black_city,BLACK CITY,시간에 따라 움직이는 도시 NPC를 확인합니다.,apocalypse_bot/commands/v1320_black_city_complete.py,670,command
도시의뢰,cityrequest | npcrequest,world,black_city,BLACK CITY,오늘의 NPC 의뢰를 받습니다.,apocalypse_bot/commands/v1320_black_city_complete.py,675,command
시장선거,mayorelection | cityelection,world,black_city,BLACK CITY,NPC 시장 선거 현황을 확인하거나 후보에게 응원표를 보냅니다.,apocalypse_bot/commands/v1320_black_city_complete.py,682,command
도시뉴스,citynews | blackcitynews,world,black_city,BLACK CITY,최근 도시 뉴스를 확인합니다.,apocalypse_bot/commands/v1320_black_city_complete.py,694,command
서버역사,cityhistory | serverhistory,world,black_city,BLACK CITY,서버에서 쌓인 BLACK CITY 역사를 확인합니다.,apocalypse_bot/commands/v1320_black_city_complete.py,699,command
오늘의신문,citypaper | dailycitypaper,world,black_city,BLACK CITY,최근 도시 사건을 신문 PNG로 만듭니다.,apocalypse_bot/commands/v1320_black_city_complete.py,704,command
역사도감,historycatalog | citycodex,world,black_city,BLACK CITY,도시 사건 유형별 누적 기록을 확인합니다.,apocalypse_bot/commands/v1320_black_city_complete.py,708,command
도시명예전당,cityhalloffame | blackcitylegends,world,black_city,BLACK CITY,세력·거래·건설·도시 기록의 명예 전당입니다.,apocalypse_bot/commands/v1320_black_city_complete.py,714,command
도시시즌,cityseason | blackcityseason,world,black_city,BLACK CITY,4주 월드 시즌의 진행 상태를 확인합니다.,apocalypse_bot/commands/v1320_black_city_complete.py,723,command
시즌기여,seasoncontribute | cityseasoncontribute,world,black_city,BLACK CITY,개인 활동 점수를 시즌 분야에 기여합니다.,apocalypse_bot/commands/v1320_black_city_complete.py,729,command
시즌결말,seasonending | cityending,world,black_city,BLACK CITY,현재 예상 결말과 달성 조건 방향을 확인합니다.,apocalypse_bot/commands/v1320_black_city_complete.py,740,command
도시운영,cityoperations | blackcityops,world,black_city,BLACK CITY,BLACK CITY 운영 설정·백업·경제 상태를 확인합니다.,apocalypse_bot/commands/v1320_black_city_complete.py,746,command
도시설정,citysettings | blackcitysettings,world,black_city,BLACK CITY,관리자가 도시 자동 기능과 공개 설정을 켜고 끕니다.,apocalypse_bot/commands/v1320_black_city_complete.py,752,command
도시알림채널,cityalertchannel | citynewschannel,world,black_city,BLACK CITY,자동 도시 뉴스가 게시될 채널을 지정하거나 해제합니다.,apocalypse_bot/commands/v1320_black_city_complete.py,764,command
도시백업,citybackup | blackcitybackup,world,black_city,BLACK CITY,현재 서버의 BLACK CITY 상태를 백업합니다.,apocalypse_bot/commands/v1320_black_city_complete.py,777,command
도시복구,cityrestore | blackcityrestore,world,black_city,BLACK CITY,백업 ID로 서버의 BLACK CITY 상태를 복구합니다.,apocalypse_bot/commands/v1320_black_city_complete.py,782,command
경제검수,cityeconomyaudit | blackeconomyaudit,world,black_city,BLACK CITY,거래·원장·이벤트 자금과 비정상 잔액을 검사합니다.,apocalypse_bot/commands/v1320_black_city_complete.py,792,command
월드강제종료,forceworldend | endcityworld,world,black_city,BLACK CITY,활성 월드 사건 또는 시즌을 안전하게 강제 종료합니다.,apocalypse_bot/commands/v1320_black_city_complete.py,798,command
오류검수,runtimeaudit | uierroraudit,world,black_city,BLACK CITY,UI 이모지 재시도·상호작용 응답 패치를 확인합니다.,apocalypse_bot/commands/v1320_black_city_complete.py,807,command
1320통합검수,v1320audit | blackcityaudit,world,black_city,BLACK CITY,BLACK CITY 전체 데이터·경제·영토·시즌·복구 상태를 검사합니다.,apocalypse_bot/commands/v1320_black_city_complete.py,812,command
명령등록검수,commandregistryaudit | registrationaudit,system,audit,검수·진단·오류,명령어 이름·별칭 충돌과 격리 내역을 확인합니다.,apocalypse_bot/commands/v1330_command_registry_guard.py,148,command
1330안정화검수,v1330audit | 1330audit,system,audit,검수·진단·오류,v13.3.0 부팅 안정화 패치 상태를 확인합니다.,apocalypse_bot/commands/v1330_command_registry_guard.py,181,command
도시지도,,world,neon,NEON ABYSS·차원,한글 안전 글꼴과 장식 레이어를 사용하는 NEON ABYSS 도시 지도를 표시합니다.,apocalypse_bot/commands/v1500_neon_abyss.py,577,command
도시전경,citypanorama | neonpanorama,world,city_decor,도시 꾸미기·공방,정보 패널을 줄인 꾸민 도시 전경을 표시합니다.,apocalypse_bot/commands/v1500_neon_abyss.py,583,command
도시사진,cityphoto | citysnapshot,world,city_decor,도시 꾸미기·공방,현재 도시 상태와 장식을 기념 사진으로 저장합니다.,apocalypse_bot/commands/v1500_neon_abyss.py,587,command
도시부품,cityparts | citypartcatalog,world,city_decor,도시 꾸미기·공방,꾸밀 수 있는 도시 부품 이미지 목록 또는 상세 이미지를 표시합니다.,apocalypse_bot/commands/v1500_neon_abyss.py,593,command
도시꾸미기,citydecorate | decoratecity,world,city_decor,도시 꾸미기·공방,드롭다운과 방향 버튼으로 도시 부품을 배치합니다.,apocalypse_bot/commands/v1500_neon_abyss.py,612,command
도시꾸미기복구,citydecorrestore,world,city_decor,도시 꾸미기·공방,가장 최근 도시 장식 백업을 복구합니다.,apocalypse_bot/commands/v1500_neon_abyss.py,618,command
지역보기,districtview | viewdistrict,world,city_decor,도시 꾸미기·공방,도시 지역의 전용 이미지를 표시합니다.,apocalypse_bot/commands/v1500_neon_abyss.py,624,command
연출설정,effectsettings | fxsettings,world,city_decor,도시 꾸미기·공방,행동 연출을 끄기·간단·화려 단계로 설정합니다.,apocalypse_bot/commands/v1500_neon_abyss.py,634,command
연출도감,effectcatalog | fxpreview,world,city_decor,도시 꾸미기·공방,공격·채집·제작·탐험 이모지 연출 도감을 표시합니다.,apocalypse_bot/commands/v1500_neon_abyss.py,640,command
1500시각검수,v1500visualaudit,world,neon,NEON ABYSS·차원,글꼴·도시 부품·연출 자산을 읽기 전용으로 검사합니다.,apocalypse_bot/commands/v1500_neon_abyss.py,645,command
차원문,dimensiongate | abyssgate,world,neon,NEON ABYSS·차원,현재 차원 항해 상태를 확인합니다.,apocalypse_bot/commands/v1500_neon_abyss.py,655,command
차원탐사,dimensionexplore | scanrift,world,neon,NEON ABYSS·차원,새로운 주간 차원을 발견하거나 현재 차원을 진행합니다.,apocalypse_bot/commands/v1500_neon_abyss.py,661,command
차원지도,dimensionmap | riftmap,world,neon,NEON ABYSS·차원,발견한 차원과 현재 진행도를 확인합니다.,apocalypse_bot/commands/v1500_neon_abyss.py,675,command
차원탈출,dimensionescape | escaperift,world,neon,NEON ABYSS·차원,현재 차원 진행을 포기하고 안전하게 귀환합니다.,apocalypse_bot/commands/v1500_neon_abyss.py,681,command
캠페인,campaignhub | abysscampaign,world,neon,NEON ABYSS·차원,아바돈 게임 마스터 캠페인 상태를 확인합니다.,apocalypse_bot/commands/v1500_neon_abyss.py,687,command
캠페인참가,joincampaign,world,neon,NEON ABYSS·차원,현재 캠페인에 참가하거나 새 캠페인을 시작합니다.,apocalypse_bot/commands/v1500_neon_abyss.py,693,command
행동선택,chooseaction | abysschoice,world,neon,NEON ABYSS·차원,캠페인에서 전투·협상·탐사 중 하나를 선택합니다.,apocalypse_bot/commands/v1500_neon_abyss.py,700,command
크루,crew | crewstatus,world,crew_raid,크루·우주선·공격대,내 크루 또는 서버 크루 목록을 표시합니다.,apocalypse_bot/commands/v1500_neon_abyss.py,709,command
크루창설,createcrew,world,crew_raid,크루·우주선·공격대,새 고정 파티 크루를 창설합니다.,apocalypse_bot/commands/v1500_neon_abyss.py,716,command
크루임무,crewmission,world,crew_raid,크루·우주선·공격대,크루 공동 임무를 진행합니다.,apocalypse_bot/commands/v1500_neon_abyss.py,723,command
우주선,spaceship | abyssship,world,crew_raid,크루·우주선·공격대,서버 공동 차원 우주선 상태를 표시합니다.,apocalypse_bot/commands/v1500_neon_abyss.py,731,command
시설강화,upgradefacility | shipupgrade,world,crew_raid,크루·우주선·공격대,서버 공동 우주선 시설을 강화합니다.,apocalypse_bot/commands/v1500_neon_abyss.py,736,command
차원기지,dimensionbase | riftbase,world,crew_raid,크루·우주선·공격대,서버 차원 기지와 우주선 시설을 한 화면에 표시합니다.,apocalypse_bot/commands/v1500_neon_abyss.py,742,command
항해출발,launchvoyage | startvoyage,world,crew_raid,크루·우주선·공격대,서버 우주선으로 선택한 차원 또는 무작위 차원 항해를 시작합니다.,apocalypse_bot/commands/v1500_neon_abyss.py,751,command
연합망,federationnetwork | servernetwork,world,neon,NEON ABYSS·차원,서버 연합망 참여 상태를 확인하거나 켜고 끕니다.,apocalypse_bot/commands/v1500_neon_abyss.py,765,command
서버연합,serverfederation | federation,world,neon,NEON ABYSS·차원,서버 연합을 만들거나 받은 초대를 승인해 가입합니다.,apocalypse_bot/commands/v1500_neon_abyss.py,772,command
연합초대,federationinvite | inviteserver,world,neon,NEON ABYSS·차원,연합 소유 서버가 연합망을 켠 다른 서버를 ID로 초대합니다.,apocalypse_bot/commands/v1500_neon_abyss.py,789,command
연합순위,federationranking | servernetworkranking,world,neon,NEON ABYSS·차원,연합망에 참여한 서버 연합 순위를 집계합니다.,apocalypse_bot/commands/v1500_neon_abyss.py,798,command
공격대,dimensionraid | abyssraid,world,crew_raid,크루·우주선·공격대,차원 공격대 보스 상태를 표시합니다.,apocalypse_bot/commands/v1500_neon_abyss.py,809,command
공격대소환,summonriftboss,world,crew_raid,크루·우주선·공격대,관리자가 연출형 차원 보스를 소환합니다.,apocalypse_bot/commands/v1500_neon_abyss.py,817,command
공격대참가,joinraid,world,crew_raid,크루·우주선·공격대,현재 차원 공격대에 참가합니다.,apocalypse_bot/commands/v1500_neon_abyss.py,821,command
차원보스공격,riftbossattack | attackriftboss,world,neon,NEON ABYSS·차원,차원 보스의 약점을 공격합니다.,apocalypse_bot/commands/v1500_neon_abyss.py,827,command
보스방어,bossdefend | raiddefend,world,crew_raid,크루·우주선·공격대,공격대 방어 태세로 지원 점수를 올립니다.,apocalypse_bot/commands/v1500_neon_abyss.py,841,command
창작센터,creatorstudio | contentstudio,world,creator,창작센터·콘텐츠 교환,서버 사용자 제작 콘텐츠 현황을 확인합니다.,apocalypse_bot/commands/v1500_neon_abyss.py,848,command
보스제작,createboss | bosscreator,world,crew_raid,크루·우주선·공격대,서버 전용 공격대 보스 초안을 제작합니다.,apocalypse_bot/commands/v1500_neon_abyss.py,853,command
퀘스트제작,createquest,world,creator,창작센터·콘텐츠 교환,검수 가능한 사용자 제작 퀘스트 초안을 만듭니다.,apocalypse_bot/commands/v1500_neon_abyss.py,862,command
콘텐츠공개,publishcontent,world,creator,창작센터·콘텐츠 교환,검수된 사용자 제작 콘텐츠를 서버에 공개합니다.,apocalypse_bot/commands/v1500_neon_abyss.py,869,command
콘텐츠공유,contentsharing | sharecontent,world,creator,창작센터·콘텐츠 교환,서버 제작 콘텐츠의 연합망 공유를 켜거나 끕니다.,apocalypse_bot/commands/v1500_neon_abyss.py,879,command
콘텐츠검색,contentsearch | searchcontent,world,creator,창작센터·콘텐츠 교환,연합망에 공개된 사용자 콘텐츠를 검색합니다.,apocalypse_bot/commands/v1500_neon_abyss.py,885,command
콘텐츠설치,contentinstall | installcontent,world,creator,창작센터·콘텐츠 교환,연합망 공개 콘텐츠를 현재 서버에 복제 설치합니다.,apocalypse_bot/commands/v1500_neon_abyss.py,894,command
콘텐츠교환소,contentexchange | contentmarketplace,world,creator,창작센터·콘텐츠 교환,현재 서버에서 공개한 사용자 콘텐츠를 표시합니다.,apocalypse_bot/commands/v1500_neon_abyss.py,900,command
경기요약,matchsummary | replaysummary,world,neon,NEON ABYSS·차원,최근 공개 기록으로 간단한 경기 요약을 저장합니다.,apocalypse_bot/commands/v1500_neon_abyss.py,905,command
리플레이,replaystudio | replaylist,world,neon,NEON ABYSS·차원,저장된 공개 경기 요약과 명장면을 표시합니다.,apocalypse_bot/commands/v1500_neon_abyss.py,909,command
세계연표,worldtimeline | dimensiontimeline,world,neon,NEON ABYSS·차원,차원 발견·캠페인 결말·보스 격파를 시간순으로 표시합니다.,apocalypse_bot/commands/v1500_neon_abyss.py,914,command
차원계보,dimensionlineage | worldlineage,world,neon,NEON ABYSS·차원,도시의 차원·캠페인·보스 영구 기록을 표시합니다.,apocalypse_bot/commands/v1500_neon_abyss.py,919,command
대화모드,chatmode | conversationmode,world,neon,NEON ABYSS·차원,아바돈 대화를 문맥형 또는 기존 기본형으로 전환합니다.,apocalypse_bot/commands/v1500_neon_abyss.py,925,command
대화상태,chatstatus | conversationstatus,world,neon,NEON ABYSS·차원,문맥형 대화의 언어·보존 시간·기억 상태를 확인합니다.,apocalypse_bot/commands/v1500_neon_abyss.py,934,command
대화기억요약,conversationmemory | chatmemorysummary,world,neon,NEON ABYSS·차원,내 서버 대화·기억 사용 통계를 요약합니다.,apocalypse_bot/commands/v1500_neon_abyss.py,945,command
1500통합검수,v1500audit,world,neon,NEON ABYSS·차원,v15.0 기능·영문 접근·글꼴·자산·상태를 읽기 전용 검사합니다.,apocalypse_bot/commands/v1500_neon_abyss.py,951,command
채집센터,gatheringhub | gatherhub,main,codex,도감·연대기·진행 확인,통합 채집센터를 엽니다.,apocalypse_bot/commands/v1620_living_legends.py,776,command
차원채집,dimensiongather | riftgather,main,codex,도감·연대기·진행 확인,통합 채집센터의 차원 채집을 즉시 진행합니다.,apocalypse_bot/commands/v1620_living_legends.py,781,command
크루채집,crewgather,main,codex,도감·연대기·진행 확인,통합 채집센터의 크루 공동 채집을 즉시 진행합니다.,apocalypse_bot/commands/v1620_living_legends.py,785,command
편의센터,quickhub | conveniencehub,main,codex,도감·연대기·진행 확인,자주 쓰는 기능과 진행 상태를 한 화면에 표시합니다.,apocalypse_bot/commands/v1620_living_legends.py,792,command
내진행,myprogress | continuehub,main,codex,도감·연대기·진행 확인,현재 진행 중인 도시·차원·게임·사건을 요약합니다.,apocalypse_bot/commands/v1620_living_legends.py,805,command
즐겨찾기,favorites | favourites,system,help,명령어·언어·접근성,자주 쓰는 명령을 최대 8개 저장합니다.,apocalypse_bot/commands/v1620_living_legends.py,822,command
최근명령,recentcommands | commandhistory,system,help,명령어·언어·접근성,최근 완료한 명령을 확인합니다.,apocalypse_bot/commands/v1620_living_legends.py,837,command
내전설,mylegend | personallegend,main,codex,도감·연대기·진행 확인,개인 전설과 성향·주요 기록을 확인합니다.,apocalypse_bot/commands/v1620_living_legends.py,846,command
모험연대기,chronicle | adventurechronicle,main,codex,도감·연대기·진행 확인,개인 연대기를 페이지로 확인합니다.,apocalypse_bot/commands/v1620_living_legends.py,859,command
전설카드,legendcard | profilelegend,world,neon,NEON ABYSS·차원,도시·성향·탈것이 포함된 개인 전설 이미지를 만듭니다.,apocalypse_bot/commands/v1620_living_legends.py,866,command
운명,fate | alignment,main,codex,도감·연대기·진행 확인,현재 운명 성향과 누적 선택을 확인합니다.,apocalypse_bot/commands/v1620_living_legends.py,882,command
오늘의사건,todayscene | dailyscene,main,codex,도감·연대기·진행 확인,개인 선택형 일상 사건을 엽니다.,apocalypse_bot/commands/v1620_living_legends.py,888,command
사건선택,scenechoice | chooseevent,main,codex,도감·연대기·진행 확인,오늘의 사건 선택을 확정합니다.,apocalypse_bot/commands/v1620_living_legends.py,904,command
탈것도감,mounts | mountcatalog,world,neon,NEON ABYSS·차원,탈것 8종과 해금 상태를 확인합니다.,apocalypse_bot/commands/v1620_living_legends.py,923,command
탈것탑승,ride | mount,world,neon,NEON ABYSS·차원,해금한 탈것을 대표 탈것으로 설정합니다.,apocalypse_bot/commands/v1620_living_legends.py,935,command
캐릭터꾸미기,characterstyle | avatarstyle,main,codex,도감·연대기·진행 확인,오라·포즈·배경 외형 설정을 확인하거나 변경합니다.,apocalypse_bot/commands/v1620_living_legends.py,950,command
크루합동기,crewcombo | comboskill,main,codex,도감·연대기·진행 확인,크루 역할 조합과 합동기 기록을 확인합니다.,apocalypse_bot/commands/v1620_living_legends.py,965,command
감독센터,directorcenter | eventdirector,main,codex,도감·연대기·진행 확인,관리자용 서버 사건 연출과 안전 설정을 관리합니다.,apocalypse_bot/commands/v1620_living_legends.py,982,command
도시침공,cityinvasion,main,codex,도감·연대기·진행 확인,관리자가 선택형 도시 침공 장면을 시작합니다.,apocalypse_bot/commands/v1620_living_legends.py,1009,command
축제시작,startfestival,main,codex,도감·연대기·진행 확인,관리자가 도시 축제 연출을 시작합니다.,apocalypse_bot/commands/v1620_living_legends.py,1013,command
서버엔딩,serverending,main,codex,도감·연대기·진행 확인,관리자가 서버 시즌 엔딩 장면을 시작합니다.,apocalypse_bot/commands/v1620_living_legends.py,1017,command
명령어UI검수,helpuiaudit | commandcenteraudit,main,codex,도감·연대기·진행 확인,새 명령어 센터의 카테고리·페이지·버튼 구성을 검사합니다.,apocalypse_bot/commands/v1620_living_legends.py,1049,command
초기기능검수,legacyfeatureaudit | corefeatureaudit,main,codex,도감·연대기·진행 확인,초기 핵심 기능이 삭제되지 않았는지 검사합니다.,apocalypse_bot/commands/v1620_living_legends.py,1061,command
1620통합검수,v1620audit | livinglegendsaudit,main,codex,도감·연대기·진행 확인,v16.2 기능과 기존 기능·언어·명령 충돌을 검사합니다.,apocalypse_bot/commands/v1620_living_legends.py,1067,command
이미지검수,visualaudit1621 | fontaudit,system,audit,검수·진단·오류,한글 폰트와 정보 이미지 렌더러 상태를 검사합니다.,apocalypse_bot/commands/v1621_visual_command_hotfix.py,688,command
1621통합검수,v1621audit | 1621audit,system,audit,검수·진단·오류,v16.2.1 이미지·명령어·홈페이지 패치 연결을 검사합니다.,apocalypse_bot/commands/v1621_visual_command_hotfix.py,712,command
명령어전수검수,fullcommandaudit | commandregistryaudit1630,system,help,명령어·언어·접근성,전체 런타임 명령의 카테고리·페이지·스토리 노출·버튼 실행 연결을 검사합니다.,apocalypse_bot/commands/v1630_core_rpg_command_city_overhaul.py,1155,command
도시부품검수,citypartaudit | cityworkshopaudit,world,city_decor,도시 꾸미기·공방,도시 꾸미기 20종의 파일명·라벨·크기·투명도·공방 호환을 검사합니다.,apocalypse_bot/commands/v1630_core_rpg_command_city_overhaul.py,1185,command
이모지확장설정,reactionexpansionsetup | emojiupgrade,system,auto_emoji,자동 이모지·반응,현재 서버에 확장 자동 이모지 프리셋·키워드 규칙과 메시지당 7개 반응을 적용합니다.,apocalypse_bot/commands/v1630_core_rpg_command_city_overhaul.py,1233,command
1630통합검수,v1630audit | 1630audit,system,auto_emoji,자동 이모지·반응,v16.3.0 메인 RPG 명령센터·도시 공방·정보 버튼·자동 이모지 연결을 검사합니다.,apocalypse_bot/commands/v1630_core_rpg_command_city_overhaul.py,1266,command
패치노트,업데이트 | 변경내역,play,gear,상점·장비·강화·제작,아바돈의 최신·이전 업데이트 기록을 드롭다운으로 확인합니다.,apocalypse_bot/commands/v21_reborn.py,461,command
강화정보,,play,gear,상점·장비·강화·제작,,apocalypse_bot/commands/v21_reborn.py,466,command
보호강화,,play,gear,상점·장비·강화·제작,,apocalypse_bot/commands/v21_reborn.py,487,command
강화랭킹,,play,collections,수집·꾸미기·보상,,apocalypse_bot/commands/v21_reborn.py,525,command
장비옵션,,play,gear,상점·장비·강화·제작,,apocalypse_bot/commands/v21_reborn.py,545,command
옵션재설정,,play,gear,상점·장비·강화·제작,,apocalypse_bot/commands/v21_reborn.py,559,command
세트효과,,play,gear,상점·장비·강화·제작,,apocalypse_bot/commands/v21_reborn.py,583,command
심층던전,층던전,play,gear,상점·장비·강화·제작,,apocalypse_bot/commands/v21_reborn.py,591,command
던전기록,,play,gear,상점·장비·강화·제작,,apocalypse_bot/commands/v21_reborn.py,674,command
보스도감,,play,gear,상점·장비·강화·제작,,apocalypse_bot/commands/v21_reborn.py,686,command
생활숙련도,,play,gear,상점·장비·강화·제작,,apocalypse_bot/commands/v21_reborn.py,699,command
종합랭킹,,play,collections,수집·꾸미기·보상,,apocalypse_bot/commands/v21_reborn.py,711,command
거래검색,,play,gear,상점·장비·강화·제작,,apocalypse_bot/commands/v21_reborn.py,728,command
경매등록,,play,gear,상점·장비·강화·제작,,apocalypse_bot/commands/v21_reborn.py,742,command
입찰,,play,economy,경제·거래·사업,,apocalypse_bot/commands/v21_reborn.py,767,command
경매마감,,play,gear,상점·장비·강화·제작,,apocalypse_bot/commands/v21_reborn.py,798,command
거래기록,,play,gear,상점·장비·강화·제작,,apocalypse_bot/commands/v21_reborn.py,838,command
도움말,help,play,combat,전투·보스·던전,초보 가이드와 카테고리별 명령어 브라우저를 엽니다.,apocalypse_bot/commands/v30_invasion.py,215,command
침공,서버침공 | 침공현황,play,combat,전투·보스·던전,,apocalypse_bot/commands/v30_invasion.py,234,command
참전,침공참가,play,combat,전투·보스·던전,,apocalypse_bot/commands/v30_invasion.py,264,command
침공공격,침공전투,play,combat,전투·보스·던전,,apocalypse_bot/commands/v30_invasion.py,284,command
침공랭킹,침공기여도,play,combat,전투·보스·던전,,apocalypse_bot/commands/v30_invasion.py,343,command
침공기록,,play,combat,전투·보스·던전,,apocalypse_bot/commands/v30_invasion.py,356,command
침공상점,,play,combat,전투·보스·던전,,apocalypse_bot/commands/v30_invasion.py,369,command
침공시작,,play,combat,전투·보스·던전,,apocalypse_bot/commands/v30_invasion.py,405,command
침공종료,,play,combat,전투·보스·던전,,apocalypse_bot/commands/v30_invasion.py,429,command
침공토큰지급,,play,combat,전투·보스·던전,,apocalypse_bot/commands/v30_invasion.py,438,command
퀴즈알림설정,,play,party_games,파티게임·축제·미니게임,,apocalypse_bot/commands/v31_quiz_notify.py,205,command
퀴즈알림해제,,play,party_games,파티게임·축제·미니게임,,apocalypse_bot/commands/v31_quiz_notify.py,225,command
퀴즈알림상태,,play,party_games,파티게임·축제·미니게임,,apocalypse_bot/commands/v31_quiz_notify.py,234,command
rpg,,play,party_games,파티게임·축제·미니게임,RPG 시작과 가입 안내를 확인합니다.,apocalypse_bot/commands/v31_quiz_notify.py,249,group
start,시작,play,party_games,파티게임·축제·미니게임,,apocalypse_bot/commands/v31_quiz_notify.py,253,command
전투,,play,party_games,파티게임·축제·미니게임,,apocalypse_bot/commands/v31_quiz_notify.py,293,command
도감,,main,codex,도감·연대기·진행 확인,"수집한 장비, 펫, 몬스터 도감을 확인합니다.",apocalypse_bot/commands/v32_codex_settings_tutorial.py,113,group
장비,,main,codex,도감·연대기·진행 확인,,apocalypse_bot/commands/v32_codex_settings_tutorial.py,131,command
펫,,main,codex,도감·연대기·진행 확인,,apocalypse_bot/commands/v32_codex_settings_tutorial.py,140,command
몬스터,,main,codex,도감·연대기·진행 확인,,apocalypse_bot/commands/v32_codex_settings_tutorial.py,149,command
도감보상,,main,codex,도감·연대기·진행 확인,,apocalypse_bot/commands/v32_codex_settings_tutorial.py,160,command
서버설정,,system,server_setup,서버 설치·채널·역할,,apocalypse_bot/commands/v32_codex_settings_tutorial.py,179,command
서버채널,,system,server_setup,서버 설치·채널·역할,,apocalypse_bot/commands/v32_codex_settings_tutorial.py,203,command
서버기능,,system,server_setup,서버 설치·채널·역할,,apocalypse_bot/commands/v32_codex_settings_tutorial.py,225,command
튜토리얼,,main,codex,도감·연대기·진행 확인,,apocalypse_bot/commands/v32_codex_settings_tutorial.py,240,command
튜토리얼건너뛰기,,main,codex,도감·연대기·진행 확인,,apocalypse_bot/commands/v32_codex_settings_tutorial.py,261,command
스토리,이야기,main,story1,시즌 1 · 검은 주파수,검은 주파수 스토리를 진행하고 기록을 확인합니다.,apocalypse_bot/commands/v33_story.py,408,group
시작,,main,story1,시즌 1 · 검은 주파수,,apocalypse_bot/commands/v33_story.py,419,command
선택,,main,story1,시즌 1 · 검은 주파수,,apocalypse_bot/commands/v33_story.py,443,command
전투,,main,story1,시즌 1 · 검은 주파수,,apocalypse_bot/commands/v33_story.py,510,command
기록,,main,story1,시즌 1 · 검은 주파수,,apocalypse_bot/commands/v33_story.py,528,command
재시작,,main,story1,시즌 1 · 검은 주파수,,apocalypse_bot/commands/v33_story.py,549,command
시세,암시장시세,play,economy,경제·거래·사업,,apocalypse_bot/commands/v36_gambling_market.py,851,command
매수,투자,play,economy,경제·거래·사업,,apocalypse_bot/commands/v36_gambling_market.py,855,command
매도,코인판매,play,economy,경제·거래·사업,,apocalypse_bot/commands/v36_gambling_market.py,859,command
자산,투자자산,play,economy,경제·거래·사업,,apocalypse_bot/commands/v36_gambling_market.py,873,command
암시장기록,투자기록,play,economy,경제·거래·사업,,apocalypse_bot/commands/v36_gambling_market.py,877,command
도박정보,도박도움말,play,economy,경제·거래·사업,,apocalypse_bot/commands/v36_gambling_market.py,881,command
암시장,도박시장,play,economy,경제·거래·사업,실시간 시세를 확인하고 암시장 자산을 거래합니다.,apocalypse_bot/commands/v36_gambling_market.py,892,group
매수,,play,economy,경제·거래·사업,식량으로 암시장 종목을 구매합니다.,apocalypse_bot/commands/v36_gambling_market.py,896,command
매도,,play,economy,경제·거래·사업,인수를 생략하면 드롭다운에서 보유 코인을 판매합니다.,apocalypse_bot/commands/v36_gambling_market.py,900,command
자산,,play,economy,경제·거래·사업,보유 종목의 평가금과 손익을 확인합니다.,apocalypse_bot/commands/v36_gambling_market.py,914,command
기록,,play,economy,경제·거래·사업,최근 암시장 매수·매도 기록을 확인합니다.,apocalypse_bot/commands/v36_gambling_market.py,918,command
도움말,,play,economy,경제·거래·사업,기존 도박과 실시간 암시장 명령어를 확인합니다.,apocalypse_bot/commands/v36_gambling_market.py,922,command
탐색,,play,casino,카지노·경마·도박,왼쪽 또는 오른쪽 폐허 통로에 식량을 배팅합니다.,apocalypse_bot/commands/v37_gambling_experience.py,299,command
주파수,,play,casino,카지노·경마·도박,세 개의 검은 신호 결과에 식량을 배팅합니다.,apocalypse_bot/commands/v37_gambling_experience.py,363,command
룰렛,,play,casino,카지노·경마·도박,남은 약실에 따라 위험도가 올라가는 생존 룰렛입니다.,apocalypse_bot/commands/v37_gambling_experience.py,440,command
파산신청,,play,casino,카지노·경마·도박,식량이 마이너스일 때 1시간마다 빚 탕감을 신청합니다.,apocalypse_bot/commands/v37_gambling_experience.py,540,command
도박잔액,도박자금 | 도박통계,play,casino,카지노·경마·도박,현재 식량과 최근·오늘·누적 도박 손익을 확인합니다.,apocalypse_bot/commands/v37_gambling_experience.py,562,command
알바,일하기,play,casino,카지노·경마·도박,하루 40회 폐허 알바를 하며 식량과 알바 경험치를 얻습니다.,apocalypse_bot/commands/v37_gambling_experience.py,584,command
코인,코인탐색,play,casino,카지노·경마·도박,1분마다 희귀도가 다른 암시장 자산 코인을 탐색합니다. 하루 30회,apocalypse_bot/commands/v37_gambling_experience.py,795,command
암시장알림설정,,play,casino,카지노·경마·도박,,apocalypse_bot/commands/v37_gambling_experience.py,1020,command
암시장알림해제,,play,casino,카지노·경마·도박,,apocalypse_bot/commands/v37_gambling_experience.py,1024,command
암시장알림상태,,play,casino,카지노·경마·도박,,apocalypse_bot/commands/v37_gambling_experience.py,1028,command
알림설정,,play,casino,카지노·경마·도박,현재 채널에 암시장 급등락·시장 사건 자동 알림을 설정합니다.,apocalypse_bot/commands/v37_gambling_experience.py,1034,command
알림해제,,play,casino,카지노·경마·도박,이 서버의 암시장 자동 알림을 해제합니다.,apocalypse_bot/commands/v37_gambling_experience.py,1038,command
알림상태,,play,casino,카지노·경마·도박,암시장 자동 알림 채널과 상태를 확인합니다.,apocalypse_bot/commands/v37_gambling_experience.py,1042,command
카지노,casino,play,casino,카지노·경마·도박,폐허 카지노 로비와 게임 목록을 확인합니다.,apocalypse_bot/commands/v39_casino.py,1301,group
블랙잭,,play,casino,카지노·경마·도박,히트·스탠드·더블다운 버튼으로 진행하는 블랙잭입니다.,apocalypse_bot/commands/v39_casino.py,1306,command
하이로우,,play,casino,카지노·경마·도박,다음 카드의 높낮이를 맞히고 연승 배당을 현금화합니다.,apocalypse_bot/commands/v39_casino.py,1311,command
슬롯,,play,casino,카지노·경마·도박,세 개의 릴을 돌리는 폐허 슬롯머신입니다.,apocalypse_bot/commands/v39_casino.py,1316,command
다이스,,play,casino,카지노·경마·도박,홀짝 또는 정확한 숫자를 예측하는 주사위 게임입니다.,apocalypse_bot/commands/v39_casino.py,1321,command
바카라,,play,casino,카지노·경마·도박,플레이어·뱅커·타이 중 하나에 배팅합니다.,apocalypse_bot/commands/v39_casino.py,1326,command
룰렛,,play,casino,카지노·경마·도박,1/6부터 위험도가 증가하는 기존 생존 룰렛을 실행합니다.,apocalypse_bot/commands/v39_casino.py,1339,command
주파수,,play,casino,카지노·경마·도박,세 개의 검은 신호를 맞추는 기존 주파수 슬롯을 실행합니다.,apocalypse_bot/commands/v39_casino.py,1344,command
탐색,,play,casino,카지노·경마·도박,왼쪽·오른쪽 폐허 통로를 선택하는 기존 방향 도박입니다.,apocalypse_bot/commands/v39_casino.py,1349,command
잔액,,play,casino,카지노·경마·도박,"카지노 전적, 실시간 칩, 오늘·누적 손익을 확인합니다.",apocalypse_bot/commands/v39_casino.py,1353,command
기록,,play,casino,카지노·경마·도박,최근 카지노 이용 내역과 결과를 확인합니다.,apocalypse_bot/commands/v39_casino.py,1357,command
랭킹,,play,casino,카지노·경마·도박,카지노 누적 순이익 상위 생존자를 확인합니다.,apocalypse_bot/commands/v39_casino.py,1361,command
도움말,,play,casino,카지노·경마·도박,"카지노 게임별 규칙, 배당, 배팅 범위를 확인합니다.",apocalypse_bot/commands/v39_casino.py,1365,command
블랙잭,,play,casino,카지노·경마·도박,,apocalypse_bot/commands/v39_casino.py,1373,command
하이로우,,play,casino,카지노·경마·도박,,apocalypse_bot/commands/v39_casino.py,1378,command
슬롯,,play,casino,카지노·경마·도박,,apocalypse_bot/commands/v39_casino.py,1383,command
다이스,,play,casino,카지노·경마·도박,,apocalypse_bot/commands/v39_casino.py,1388,command
바카라,,play,casino,카지노·경마·도박,,apocalypse_bot/commands/v39_casino.py,1393,command
카지노잔액,카지노자금,play,casino,카지노·경마·도박,,apocalypse_bot/commands/v39_casino.py,1397,command
카지노기록,,play,casino,카지노·경마·도박,,apocalypse_bot/commands/v39_casino.py,1401,command
카지노랭킹,,play,casino,카지노·경마·도박,,apocalypse_bot/commands/v39_casino.py,1405,command
카지노도움말,,play,casino,카지노·경마·도박,,apocalypse_bot/commands/v39_casino.py,1409,command
서버세팅,서버꾸미기,system,server_setup,서버 설치·채널·역할,,apocalypse_bot/commands/v403_server_builder.py,469,group
미리보기,preview | 확인,system,server_setup,서버 설치·채널·역할,,apocalypse_bot/commands/v403_server_builder.py,475,command
상태,status,system,server_setup,서버 설치·채널·역할,,apocalypse_bot/commands/v403_server_builder.py,529,command
취소,cancel,system,server_setup,서버 설치·채널·역할,,apocalypse_bot/commands/v403_server_builder.py,550,command
실행,start | 적용,system,server_setup,서버 설치·채널·역할,,apocalypse_bot/commands/v403_server_builder.py,566,command
환전,,play,casino,카지노·경마·도박,식량과 카지노 칩을 교환합니다.,apocalypse_bot/commands/v40_black_casino.py,1006,command
vip,,play,casino,카지노·경마·도박,카지노 VIP 등급과 혜택을 확인합니다.,apocalypse_bot/commands/v40_black_casino.py,1010,command
잭팟,,play,casino,카지노·경마·도박,전 서버 누적 잭팟을 확인합니다.,apocalypse_bot/commands/v40_black_casino.py,1014,command
미션,,play,casino,카지노·경마·도박,오늘의 카지노 미션을 확인합니다.,apocalypse_bot/commands/v40_black_casino.py,1018,command
미션보상,,play,casino,카지노·경마·도박,완료한 카지노 미션 보상을 수령합니다. 0은 전부 수령,apocalypse_bot/commands/v40_black_casino.py,1022,command
업적,,play,casino,카지노·경마·도박,BLACK CASINO 100종 이상 업적을 페이지별로 확인합니다.,apocalypse_bot/commands/v40_black_casino.py,1026,command
상점,,play,casino,카지노·경마·도박,카지노 전용 NPC 상점을 확인합니다.,apocalypse_bot/commands/v40_black_casino.py,1030,command
구매,,play,casino,카지노·경마·도박,카지노 NPC 상점에서 아이템을 구매합니다.,apocalypse_bot/commands/v40_black_casino.py,1034,command
럭키휠,,play,casino,카지노·경마·도박,이용권 또는 칩으로 럭키휠을 돌립니다.,apocalypse_bot/commands/v40_black_casino.py,1039,command
코인플립,,play,casino,카지노·경마·도박,앞면 또는 뒷면에 카지노 칩을 배팅합니다.,apocalypse_bot/commands/v40_black_casino.py,1044,command
올인,,play,casino,카지노·경마·도박,보유 카지노 칩 전부를 코인플립에 배팅합니다.,apocalypse_bot/commands/v40_black_casino.py,1049,command
시즌랭킹,,play,casino,카지노·경마·도박,시즌·전체·오늘 TOP100 순이익 랭킹을 확인합니다.,apocalypse_bot/commands/v40_black_casino.py,1053,command
카지노칩,,play,casino,카지노·경마·도박,,apocalypse_bot/commands/v40_black_casino.py,1058,command
카지노환전,,play,casino,카지노·경마·도박,,apocalypse_bot/commands/v40_black_casino.py,1063,command
카지노VIP,,play,casino,카지노·경마·도박,,apocalypse_bot/commands/v40_black_casino.py,1067,command
카지노잭팟,,play,casino,카지노·경마·도박,,apocalypse_bot/commands/v40_black_casino.py,1071,command
카지노미션,,play,casino,카지노·경마·도박,,apocalypse_bot/commands/v40_black_casino.py,1075,command
카지노미션보상,,play,casino,카지노·경마·도박,,apocalypse_bot/commands/v40_black_casino.py,1079,command
카지노업적,,play,casino,카지노·경마·도박,,apocalypse_bot/commands/v40_black_casino.py,1083,command
카지노상점,,play,casino,카지노·경마·도박,,apocalypse_bot/commands/v40_black_casino.py,1087,command
카지노구매,,play,casino,카지노·경마·도박,,apocalypse_bot/commands/v40_black_casino.py,1091,command
럭키휠,,play,casino,카지노·경마·도박,,apocalypse_bot/commands/v40_black_casino.py,1096,command
코인플립,,play,casino,카지노·경마·도박,,apocalypse_bot/commands/v40_black_casino.py,1101,command
올인,,play,casino,카지노·경마·도박,,apocalypse_bot/commands/v40_black_casino.py,1106,command
카지노딜러,,play,casino,카지노·경마·도박,,apocalypse_bot/commands/v40_black_casino.py,1110,command
카지노시즌랭킹,,play,casino,카지노·경마·도박,,apocalypse_bot/commands/v40_black_casino.py,1114,command
은행,,play,economy,경제·거래·사업,"예금, 출금, 은행 대출과 신용을 관리합니다.",apocalypse_bot/commands/v40_finance.py,526,group
입금,,play,economy,경제·거래·사업,현금 식량을 은행 예금으로 이동합니다.,apocalypse_bot/commands/v40_finance.py,530,command
출금,,play,economy,경제·거래·사업,은행 예금을 현금 식량으로 출금합니다.,apocalypse_bot/commands/v40_finance.py,534,command
대출,,play,economy,경제·거래·사업,신용 한도 안에서 은행 대출을 받습니다.,apocalypse_bot/commands/v40_finance.py,538,command
상환,,play,economy,경제·거래·사업,은행 대출금을 상환합니다.,apocalypse_bot/commands/v40_finance.py,542,command
이자,,play,economy,경제·거래·사업,오늘까지의 예금·대출·사채 이자를 정산합니다.,apocalypse_bot/commands/v40_finance.py,546,command
신용,,play,economy,경제·거래·사업,신용점수와 은행 대출 한도를 확인합니다.,apocalypse_bot/commands/v40_finance.py,550,command
기록,,play,economy,경제·거래·사업,최근 은행 거래 기록을 확인합니다.,apocalypse_bot/commands/v40_finance.py,554,command
사채,,play,economy,경제·거래·사업,"고금리 사금융 차입, 상환과 추심 위험을 관리합니다.",apocalypse_bot/commands/v40_finance.py,564,group
빌리기,,play,economy,경제·거래·사업,은행 심사 없이 고금리 사채를 빌립니다.,apocalypse_bot/commands/v40_finance.py,568,command
상환,,play,economy,경제·거래·사업,사채 빚을 상환합니다.,apocalypse_bot/commands/v40_finance.py,572,command
추심,,play,economy,경제·거래·사업,현재 사채 추심 위험과 경고를 확인합니다.,apocalypse_bot/commands/v40_finance.py,576,command
기록,,play,economy,경제·거래·사업,최근 사채 차입과 상환 기록을 확인합니다.,apocalypse_bot/commands/v40_finance.py,580,command
입금,,play,economy,경제·거래·사업,,apocalypse_bot/commands/v40_finance.py,585,command
출금,,play,economy,경제·거래·사업,,apocalypse_bot/commands/v40_finance.py,589,command
대출,,play,economy,경제·거래·사업,,apocalypse_bot/commands/v40_finance.py,593,command
상환,,play,economy,경제·거래·사업,,apocalypse_bot/commands/v40_finance.py,597,command
은행이자,,play,economy,경제·거래·사업,,apocalypse_bot/commands/v40_finance.py,601,command
신용,,play,economy,경제·거래·사업,,apocalypse_bot/commands/v40_finance.py,605,command
은행기록,,play,economy,경제·거래·사업,,apocalypse_bot/commands/v40_finance.py,609,command
사채빌리기,,play,economy,경제·거래·사업,,apocalypse_bot/commands/v40_finance.py,613,command
사채상환,,play,economy,경제·거래·사업,,apocalypse_bot/commands/v40_finance.py,617,command
사채추심,,play,economy,경제·거래·사업,,apocalypse_bot/commands/v40_finance.py,621,command
사채기록,,play,economy,경제·거래·사업,,apocalypse_bot/commands/v40_finance.py,625,command
운영도움말,,system,server_setup,서버 설치·채널·역할,서버 운영 및 관리 명령어를 확인합니다.,apocalypse_bot/commands/v410_server_management.py,685,command
운영초기설정,가드초기설정 | 운영설정초기화,system,server_setup,서버 설치·채널·역할,현재 서버 구조를 감지해 운영 기능을 자동 연결합니다.,apocalypse_bot/commands/v410_server_management.py,740,command
운영진단,가드진단,system,server_setup,서버 설치·채널·역할,SERVER GUARD 명령 등록과 권한 상태를 확인합니다.,apocalypse_bot/commands/v410_server_management.py,876,command
운영설정,,system,server_setup,서버 설치·채널·역할,현재 서버 관리 설정을 확인합니다.,apocalypse_bot/commands/v410_server_management.py,919,command
경고,,system,server_setup,서버 설치·채널·역할,멤버에게 사유와 함께 경고를 부여합니다.,apocalypse_bot/commands/v410_server_management.py,968,command
경고조회,,system,server_setup,서버 설치·채널·역할,멤버의 활성 경고 기록을 확인합니다.,apocalypse_bot/commands/v410_server_management.py,992,command
경고취소,,system,server_setup,서버 설치·채널·역할,사건 번호로 활성 경고를 취소합니다.,apocalypse_bot/commands/v410_server_management.py,1016,command
타임아웃,,system,server_setup,서버 설치·채널·역할,멤버를 지정한 기간 동안 타임아웃합니다.,apocalypse_bot/commands/v410_server_management.py,1047,command
타임아웃해제,,system,server_setup,서버 설치·채널·역할,멤버의 타임아웃을 즉시 해제합니다.,apocalypse_bot/commands/v410_server_management.py,1077,command
추방,,system,server_setup,서버 설치·채널·역할,멤버를 서버에서 추방합니다.,apocalypse_bot/commands/v410_server_management.py,1108,command
차단,,system,server_setup,서버 설치·채널·역할,멤버를 서버에서 차단합니다.,apocalypse_bot/commands/v410_server_management.py,1139,command
차단해제,,system,server_setup,서버 설치·채널·역할,유저 ID로 서버 차단을 해제합니다.,apocalypse_bot/commands/v410_server_management.py,1170,command
청소,,system,server_setup,서버 설치·채널·역할,현재 채널의 최근 메시지를 일괄 삭제합니다.,apocalypse_bot/commands/v410_server_management.py,1199,command
슬로우,,system,server_setup,서버 설치·채널·역할,현재 채널의 느린 모드 시간을 설정합니다.,apocalypse_bot/commands/v410_server_management.py,1229,command
채널잠금,,system,server_setup,서버 설치·채널·역할,현재 채널에서 일반 멤버의 메시지 전송을 잠급니다.,apocalypse_bot/commands/v410_server_management.py,1246,command
채널해제,,system,server_setup,서버 설치·채널·역할,현재 채널의 메시지 잠금을 원래 상태로 복원합니다.,apocalypse_bot/commands/v410_server_management.py,1284,command
닉네임,,system,server_setup,서버 설치·채널·역할,멤버의 서버 닉네임을 변경하거나 초기화합니다.,apocalypse_bot/commands/v410_server_management.py,1312,command
역할지급,,system,server_setup,서버 설치·채널·역할,멤버에게 지정한 역할을 지급합니다.,apocalypse_bot/commands/v410_server_management.py,1338,command
역할회수,,system,server_setup,서버 설치·채널·역할,멤버에게서 지정한 역할을 회수합니다.,apocalypse_bot/commands/v410_server_management.py,1362,command
로그채널,,system,server_setup,서버 설치·채널·역할,운영 기록이 전송될 로그 채널을 지정합니다.,apocalypse_bot/commands/v410_server_management.py,1383,command
환영채널,,system,server_setup,서버 설치·채널·역할,신규 멤버 환영 메시지 채널을 지정합니다.,apocalypse_bot/commands/v410_server_management.py,1392,command
인삿말설정,인사말설정 | 환영안내설정,system,server_setup,서버 설치·채널·역할,환영 메시지에 표시할 공지·규칙·가입 채널을 지정합니다.,apocalypse_bot/commands/v410_server_management.py,1409,command
인삿말미리보기,인사말미리보기 | 환영미리보기,system,server_setup,서버 설치·채널·역할,,apocalypse_bot/commands/v410_server_management.py,1445,command
인삿말상태,인사말상태,system,server_setup,서버 설치·채널·역할,,apocalypse_bot/commands/v410_server_management.py,1471,command
퇴장채널,,system,server_setup,서버 설치·채널·역할,멤버 퇴장 메시지 채널을 지정합니다.,apocalypse_bot/commands/v410_server_management.py,1486,command
자동역할,,system,server_setup,서버 설치·채널·역할,신규 멤버에게 자동 지급할 역할을 지정합니다.,apocalypse_bot/commands/v410_server_management.py,1495,command
자동역할해제,,system,server_setup,서버 설치·채널·역할,신규 멤버 자동 역할을 해제합니다.,apocalypse_bot/commands/v410_server_management.py,1520,command
관리역할추가,,system,server_setup,서버 설치·채널·역할,SERVER GUARD 운영 명령어를 사용할 역할을 추가합니다.,apocalypse_bot/commands/v410_server_management.py,1532,command
관리역할제거,,system,server_setup,서버 설치·채널·역할,SERVER GUARD 운영 역할 등록을 해제합니다.,apocalypse_bot/commands/v410_server_management.py,1546,command
자동관리,,system,server_setup,서버 설치·채널·역할,"도배, 멘션 도배 등 자동 관리를 켜거나 끕니다.",apocalypse_bot/commands/v410_server_management.py,1557,command
초대차단,,system,server_setup,서버 설치·채널·역할,Discord 초대 링크 자동 삭제를 켜거나 끕니다.,apocalypse_bot/commands/v410_server_management.py,1569,command
욕설차단,,system,server_setup,서버 설치·채널·역할,관리자가 등록한 금칙어 자동 삭제를 켜거나 끕니다.,apocalypse_bot/commands/v410_server_management.py,1581,command
욕설추가,,system,server_setup,서버 설치·채널·역할,자동 삭제할 금칙어를 추가합니다.,apocalypse_bot/commands/v410_server_management.py,1593,command
욕설삭제,,system,server_setup,서버 설치·채널·역할,등록된 금칙어를 삭제합니다.,apocalypse_bot/commands/v410_server_management.py,1610,command
욕설목록,,system,server_setup,서버 설치·채널·역할,등록된 금칙어 목록을 운영진에게만 표시합니다.,apocalypse_bot/commands/v410_server_management.py,1623,command
예외채널,,system,server_setup,서버 설치·채널·역할,자동 관리가 작동하지 않을 채널을 추가합니다.,apocalypse_bot/commands/v410_server_management.py,1636,command
예외채널해제,,system,server_setup,서버 설치·채널·역할,자동 관리 예외 채널 등록을 해제합니다.,apocalypse_bot/commands/v410_server_management.py,1647,command
자동처벌,,system,server_setup,서버 설치·채널·역할,경고 누적 및 자동 관리 타임아웃을 켜거나 끕니다.,apocalypse_bot/commands/v410_server_management.py,1660,command
문의패널,,system,server_setup,서버 설치·채널·역할,버튼으로 문의 채널을 만드는 패널을 설치합니다.,apocalypse_bot/commands/v410_server_management.py,1672,command
문의닫기,,system,server_setup,서버 설치·채널·역할,현재 아바돈 문의 채널을 종료합니다.,apocalypse_bot/commands/v410_server_management.py,1687,command
문의추가,,system,server_setup,서버 설치·채널·역할,현재 문의 채널에 다른 멤버를 추가합니다.,apocalypse_bot/commands/v410_server_management.py,1699,command
문의제거,,system,server_setup,서버 설치·채널·역할,현재 문의 채널에서 멤버를 제거합니다.,apocalypse_bot/commands/v410_server_management.py,1723,command
서버통계,,system,server_setup,서버 설치·채널·역할,현재 서버의 운영 및 멤버 통계를 확인합니다.,apocalypse_bot/commands/v410_server_management.py,1745,command
관리확장도움말,운영강화도움말,system,auto_emoji,자동 이모지·반응,자동 이모지 및 확장 관리 명령어를 확인합니다.,apocalypse_bot/commands/v411_server_guard_plus.py,490,command
운영강화설정,관리확장초기설정,system,auto_emoji,자동 이모지·반응,자동 이모지 채널과 격리 역할을 자동 준비합니다.,apocalypse_bot/commands/v411_server_guard_plus.py,553,command
자동이모지,,system,auto_emoji,자동 이모지·반응,자동 이모지 반응 기능을 켜거나 끕니다.,apocalypse_bot/commands/v411_server_guard_plus.py,581,command
이모지자동설정,,system,auto_emoji,자동 이모지·반응,채널 이름을 보고 적절한 자동 반응 모드를 연결합니다.,apocalypse_bot/commands/v411_server_guard_plus.py,601,command
이모지채널추가,,system,auto_emoji,자동 이모지·반응,특정 채널에 자동 반응 프리셋을 연결합니다.,apocalypse_bot/commands/v411_server_guard_plus.py,613,command
이모지채널삭제,,system,auto_emoji,자동 이모지·반응,채널의 자동 이모지 규칙을 제거합니다.,apocalypse_bot/commands/v411_server_guard_plus.py,635,command
이모지채널목록,,system,auto_emoji,자동 이모지·반응,자동 반응이 연결된 채널 목록을 확인합니다.,apocalypse_bot/commands/v411_server_guard_plus.py,651,command
이모지규칙추가,,system,auto_emoji,자동 이모지·반응,키워드가 포함된 메시지에 자동 반응할 이모지를 추가합니다.,apocalypse_bot/commands/v411_server_guard_plus.py,668,command
이모지규칙삭제,,system,auto_emoji,자동 이모지·반응,번호로 키워드 자동 반응 규칙을 삭제합니다.,apocalypse_bot/commands/v411_server_guard_plus.py,687,command
이모지규칙목록,,system,auto_emoji,자동 이모지·반응,키워드 자동 반응 규칙을 확인합니다.,apocalypse_bot/commands/v411_server_guard_plus.py,699,command
이모지프리셋목록,,system,auto_emoji,자동 이모지·반응,기본 및 사용자 자동 반응 프리셋을 확인합니다.,apocalypse_bot/commands/v411_server_guard_plus.py,707,command
이모지프리셋추가,,system,auto_emoji,자동 이모지·반응,사용자 자동 반응 프리셋을 추가하거나 갱신합니다.,apocalypse_bot/commands/v411_server_guard_plus.py,724,command
이모지프리셋삭제,,system,auto_emoji,자동 이모지·반응,사용자 자동 반응 프리셋을 삭제합니다.,apocalypse_bot/commands/v411_server_guard_plus.py,749,command
이모지첨부반응,,system,auto_emoji,자동 이모지·반응,사진·영상·음성·파일 첨부 스마트 반응을 설정합니다.,apocalypse_bot/commands/v411_server_guard_plus.py,767,command
이모지최대개수,,system,auto_emoji,자동 이모지·반응,메시지 하나에 자동으로 추가할 반응 개수를 설정합니다.,apocalypse_bot/commands/v411_server_guard_plus.py,783,command
이모지웹훅,,system,auto_emoji,자동 이모지·반응,웹훅 메시지에도 자동 반응할지 설정합니다.,apocalypse_bot/commands/v411_server_guard_plus.py,794,command
격리역할생성,,system,security,권한·보안·관리,격리 역할과 채널 권한을 생성 또는 갱신합니다.,apocalypse_bot/commands/v411_server_guard_plus.py,814,command
안티레이드,,system,security,권한·보안·관리,가입 폭주 및 신규 계정 격리 기능을 설정합니다.,apocalypse_bot/commands/v411_server_guard_plus.py,825,command
레이드설정,,system,security,권한·보안·관리,가입 폭주 기준과 최소 계정 나이를 설정합니다.,apocalypse_bot/commands/v411_server_guard_plus.py,848,command
레이드자동잠금,,system,security,권한·보안·관리,레이드 감지 시 서버 전체 잠금 여부를 설정합니다.,apocalypse_bot/commands/v411_server_guard_plus.py,862,command
레이드해제,,system,security,권한·보안·관리,현재 레이드 감지 상태를 수동 해제합니다.,apocalypse_bot/commands/v411_server_guard_plus.py,874,command
격리,,system,security,권한·보안·관리,멤버를 격리 역할로 제한합니다.,apocalypse_bot/commands/v411_server_guard_plus.py,885,command
격리해제,,system,security,권한·보안·관리,멤버의 격리 역할을 제거합니다.,apocalypse_bot/commands/v411_server_guard_plus.py,896,command
소프트밴,,system,security,권한·보안·관리,메시지를 정리한 뒤 즉시 차단 해제합니다.,apocalypse_bot/commands/v411_server_guard_plus.py,922,command
청소유저,,system,security,권한·보안·관리,특정 멤버의 최근 메시지만 삭제합니다.,apocalypse_bot/commands/v411_server_guard_plus.py,959,command
청소봇,,system,security,권한·보안·관리,최근 봇 메시지만 삭제합니다.,apocalypse_bot/commands/v411_server_guard_plus.py,965,command
청소링크,,system,security,권한·보안·관리,최근 링크 포함 메시지만 삭제합니다.,apocalypse_bot/commands/v411_server_guard_plus.py,971,command
청소첨부,,system,security,권한·보안·관리,최근 첨부 파일 메시지만 삭제합니다.,apocalypse_bot/commands/v411_server_guard_plus.py,977,command
사건조회,,system,security,권한·보안·관리,SERVER GUARD 사건 번호의 상세 기록을 확인합니다.,apocalypse_bot/commands/v411_server_guard_plus.py,983,command
사건목록,,system,security,권한·보안·관리,최근 사건 또는 특정 멤버의 사건 기록을 확인합니다.,apocalypse_bot/commands/v411_server_guard_plus.py,1003,command
멤버정보,운영유저정보,system,security,권한·보안·관리,"멤버의 계정, 역할, 경고, 타임아웃 정보를 확인합니다.",apocalypse_bot/commands/v411_server_guard_plus.py,1020,command
서버잠금,,system,security,권한·보안·관리,모든 텍스트 채널의 일반 멤버 전송을 잠급니다.,apocalypse_bot/commands/v411_server_guard_plus.py,1044,command
서버해제,,system,security,권한·보안·관리,서버잠금으로 변경한 채널 권한을 원래대로 복원합니다.,apocalypse_bot/commands/v411_server_guard_plus.py,1056,command
비상모드,,system,security,권한·보안·관리,"안티레이드, 높은 인증 수준, 서버 잠금을 한 번에 설정합니다.",apocalypse_bot/commands/v411_server_guard_plus.py,1068,command
공지전송,,system,security,권한·보안·관리,지정 채널에 운영진 공지 임베드를 전송합니다.,apocalypse_bot/commands/v411_server_guard_plus.py,1109,command
투표,,system,security,권한·보안·관리,현재 채널에 2~10개 선택지 투표를 만듭니다.,apocalypse_bot/commands/v411_server_guard_plus.py,1134,command
고정메시지,,system,security,권한·보안·관리,현재 채널에 자동 재게시되는 고정 안내를 설정합니다.,apocalypse_bot/commands/v411_server_guard_plus.py,1149,command
고정간격,,system,security,권한·보안·관리,현재 채널 고정 메시지 재게시 간격을 설정합니다.,apocalypse_bot/commands/v411_server_guard_plus.py,1188,command
채널복제,,system,security,권한·보안·관리,현재 채널의 권한과 설정을 복제합니다.,apocalypse_bot/commands/v411_server_guard_plus.py,1206,command
역할복제,,system,security,권한·보안·관리,"역할의 이름, 색상, 권한을 복제합니다.",apocalypse_bot/commands/v411_server_guard_plus.py,1221,command
서버점검,,system,security,권한·보안·관리,"아바돈의 권한, 역할 순서, 관리 설정을 점검합니다.",apocalypse_bot/commands/v411_server_guard_plus.py,1242,command
운영도구도움말,운영센터도움말,system,security,권한·보안·관리,V4.2 운영 보조 명령어를 확인합니다.,apocalypse_bot/commands/v420_ops_center.py,112,command
운영대시보드,운영센터,system,security,권한·보안·관리,SERVER GUARD 주요 설정과 운영 상태를 한 화면에 표시합니다.,apocalypse_bot/commands/v420_ops_center.py,142,command
봇권한,권한점검,system,security,권한·보안·관리,현재 서버와 채널에서 아바돈이 가진 권한을 점검합니다.,apocalypse_bot/commands/v420_ops_center.py,221,command
운영설정내보내기,운영백업,system,security,권한·보안·관리,현재 서버의 SERVER GUARD 설정만 JSON으로 내보냅니다.,apocalypse_bot/commands/v420_ops_center.py,259,command
채널정보,,system,security,권한·보안·관리,채널 설정과 주요 권한 상태를 확인합니다.,apocalypse_bot/commands/v420_ops_center.py,279,command
역할정보,,system,security,권한·보안·관리,"역할의 서열, 인원, 색상과 핵심 권한을 확인합니다.",apocalypse_bot/commands/v420_ops_center.py,327,command
대화금지,채널뮤트,system,security,권한·보안·관리,현재 채널에서 특정 멤버의 전송과 반응을 제한합니다.,apocalypse_bot/commands/v420_ops_center.py,366,command
대화허용,채널언뮤트,system,security,권한·보안·관리,대화금지 전에 저장한 채널 권한으로 복구합니다.,apocalypse_bot/commands/v420_ops_center.py,412,command
운영메모,,system,security,권한·보안·관리,관리자 로그용 운영 메모를 저장합니다.,apocalypse_bot/commands/v420_ops_center.py,444,command
운영메모목록,,system,security,권한·보안·관리,최근 운영 메모를 확인합니다.,apocalypse_bot/commands/v420_ops_center.py,483,command
운영메모삭제,,system,security,권한·보안·관리,번호로 운영 메모를 삭제합니다.,apocalypse_bot/commands/v420_ops_center.py,505,command
투표종료,,system,security,권한·보안·관리,현재 채널의 아바돈 투표 메시지를 집계합니다.,apocalypse_bot/commands/v420_ops_center.py,519,command
운영편의도움말,편의도움말,system,server_setup,서버 설치·채널·역할,V4.2.1 셀프 역할과 편의 명령어를 확인합니다.,apocalypse_bot/commands/v421_utility_pack.py,148,command
셀프역할추가,,system,server_setup,서버 설치·채널·역할,셀프 역할 패널에 사용할 이모지와 역할을 등록합니다.,apocalypse_bot/commands/v421_utility_pack.py,181,command
셀프역할삭제,,system,server_setup,서버 설치·채널·역할,등록된 셀프 역할 항목을 이모지로 삭제합니다.,apocalypse_bot/commands/v421_utility_pack.py,224,command
셀프역할목록,,system,server_setup,서버 설치·채널·역할,현재 등록된 셀프 역할 항목을 확인합니다.,apocalypse_bot/commands/v421_utility_pack.py,239,command
셀프역할패널,,system,server_setup,서버 설치·채널·역할,현재 채널에 반응형 셀프 역할 패널을 만듭니다.,apocalypse_bot/commands/v421_utility_pack.py,255,command
셀프역할패널목록,,system,server_setup,서버 설치·채널·역할,저장된 셀프 역할 패널의 채널과 메시지 ID를 확인합니다.,apocalypse_bot/commands/v421_utility_pack.py,332,command
셀프역할패널삭제,,system,server_setup,서버 설치·채널·역할,메시지 ID로 셀프 역할 패널 등록과 메시지를 삭제합니다.,apocalypse_bot/commands/v421_utility_pack.py,353,command
최근가입,,system,server_setup,서버 설치·채널·역할,최근 서버에 들어온 멤버를 가입 순서대로 확인합니다.,apocalypse_bot/commands/v421_utility_pack.py,393,command
의심계정,,system,server_setup,서버 설치·채널·역할,생성된 지 얼마 안 된 계정을 운영 점검용으로 표시합니다.,apocalypse_bot/commands/v421_utility_pack.py,419,command
역할멤버,,system,server_setup,서버 설치·채널·역할,특정 역할을 가진 멤버를 확인합니다.,apocalypse_bot/commands/v421_utility_pack.py,449,command
아바타,,system,server_setup,서버 설치·채널·역할,자신 또는 멘션한 멤버의 프로필 이미지를 표시합니다.,apocalypse_bot/commands/v421_utility_pack.py,469,command
서버아이콘,,system,server_setup,서버 설치·채널·역할,현재 서버의 아이콘 원본을 표시합니다.,apocalypse_bot/commands/v421_utility_pack.py,480,command
가입일,,system,server_setup,서버 설치·채널·역할,자신 또는 멘션한 멤버의 계정 생성일과 서버 가입일을 표시합니다.,apocalypse_bot/commands/v421_utility_pack.py,493,command
핑,지연시간,system,server_setup,서버 설치·채널·역할,아바돈의 Discord 연결 지연시간을 표시합니다.,apocalypse_bot/commands/v421_utility_pack.py,524,command
보안센터도움말,보안도움말,system,security,권한·보안·관리,V4.2.2 보안센터와 분리 로그 명령어를 확인합니다.,apocalypse_bot/commands/v422_security_center.py,249,command
보안초기설정,로그초기설정,system,security,권한·보안·관리,비공개 보안센터와 분리 로그 채널을 자동 생성합니다.,apocalypse_bot/commands/v422_security_center.py,285,command
로그채널설정,,system,security,권한·보안·관리,보안/메시지/멤버/운영 로그 채널을 개별 지정합니다.,apocalypse_bot/commands/v422_security_center.py,402,command
보안상태,보안대시보드,system,security,권한·보안·관리,분리 로그와 자동 관리 설정을 한 화면에 표시합니다.,apocalypse_bot/commands/v422_security_center.py,417,command
보안테스트,,system,security,권한·보안·관리,분리 로그 채널 4곳에 테스트 메시지를 전송합니다.,apocalypse_bot/commands/v422_security_center.py,473,command
자동관리모드,,system,security,권한·보안·관리,자동관리 적발 시 알림만/삭제/타임아웃 처리 중 하나를 선택합니다.,apocalypse_bot/commands/v422_security_center.py,493,command
자동관리기준,,system,security,권한·보안·관리,"도배, 멘션, 누적 횟수와 자동 타임아웃 기준을 설정하거나 확인합니다.",apocalypse_bot/commands/v422_security_center.py,513,command
초대허용채널,,system,security,권한·보안·관리,Discord 초대 링크 차단에서 제외할 채널을 추가합니다.,apocalypse_bot/commands/v422_security_center.py,545,command
초대허용해제,,system,security,권한·보안·관리,Discord 초대 링크 허용 채널에서 제거합니다.,apocalypse_bot/commands/v422_security_center.py,555,command
초대허용목록,,system,security,권한·보안·관리,Discord 초대 링크 차단에서 제외된 채널을 확인합니다.,apocalypse_bot/commands/v422_security_center.py,565,command
신생계정알림,,system,security,권한·보안·관리,설정한 일수보다 새 계정이 가입하면 보안 로그로 알립니다.,apocalypse_bot/commands/v422_security_center.py,574,command
내경고,내제재,system,security,권한·보안·관리,자신의 활성 경고와 최근 제재 기록을 확인합니다.,apocalypse_bot/commands/v422_security_center.py,588,command
제재기록,,system,security,권한·보안·관리,운영진이 전체 또는 특정 멤버의 최근 제재 기록을 확인합니다.,apocalypse_bot/commands/v422_security_center.py,620,command
접수센터도움말,접수도움말,social,support,문의·건의·신고·도움,V4.2.3 문의·신고·건의 처리센터 명령어를 확인합니다.,apocalypse_bot/commands/v423_intake_center.py,637,command
접수초기설정,,social,support,문의·건의·신고·도움,접수 카테고리와 처리 로그를 연결하고 현재 채널에 패널을 설치합니다.,apocalypse_bot/commands/v423_intake_center.py,686,command
접수패널,,social,support,문의·건의·신고·도움,현재 채널에 유형별 문의·신고·건의 접수 패널을 설치합니다.,apocalypse_bot/commands/v423_intake_center.py,727,command
접수센터상태,,social,support,문의·건의·신고·도움,접수센터 채널 연결과 처리 통계를 확인합니다.,apocalypse_bot/commands/v423_intake_center.py,733,command
접수현황,,social,support,문의·건의·신고·도움,열린 접수 대기열을 상태별로 확인합니다.,apocalypse_bot/commands/v423_intake_center.py,753,command
접수정보,,social,support,문의·건의·신고·도움,현재 접수 채널의 처리 정보를 확인합니다.,apocalypse_bot/commands/v423_intake_center.py,802,command
접수담당,,social,support,문의·건의·신고·도움,현재 접수의 담당 운영자를 지정합니다.,apocalypse_bot/commands/v423_intake_center.py,817,command
접수담당해제,,social,support,문의·건의·신고·도움,현재 접수의 담당자 배정을 해제합니다.,apocalypse_bot/commands/v423_intake_center.py,841,command
접수상태,,social,support,문의·건의·신고·도움,현재 접수의 처리 상태를 변경합니다.,apocalypse_bot/commands/v423_intake_center.py,857,command
접수우선순위,접수우선도,social,support,문의·건의·신고·도움,현재 접수의 우선순위를 변경합니다.,apocalypse_bot/commands/v423_intake_center.py,878,command
접수메모,,social,support,문의·건의·신고·도움,현재 접수에 운영진 전용 처리 메모를 저장합니다.,apocalypse_bot/commands/v423_intake_center.py,899,command
답변양식추가,,social,support,문의·건의·신고·도움,접수 채널에서 사용할 빠른 답변 양식을 등록합니다. 이름 | 내용,apocalypse_bot/commands/v423_intake_center.py,938,command
답변양식삭제,,social,support,문의·건의·신고·도움,등록된 빠른 답변 양식을 삭제합니다.,apocalypse_bot/commands/v423_intake_center.py,959,command
답변양식목록,,social,support,문의·건의·신고·도움,등록된 빠른 답변 양식 목록을 확인합니다.,apocalypse_bot/commands/v423_intake_center.py,971,command
빠른답변,,social,support,문의·건의·신고·도움,현재 접수 채널에 등록된 답변 양식을 전송합니다.,apocalypse_bot/commands/v423_intake_center.py,982,command
내접수,,social,support,문의·건의·신고·도움,현재 열린 접수 상태를 DM으로 확인합니다.,apocalypse_bot/commands/v423_intake_center.py,1010,command
접수종료,,social,support,문의·건의·신고·도움,현재 접수를 기록과 함께 종료합니다.,apocalypse_bot/commands/v423_intake_center.py,1031,command
시즌2,백색방주 | 후일담,main,story2,시즌 2 · 백색 방주,,apocalypse_bot/commands/v430_story_expedition.py,720,group
시작,,main,story2,시즌 2 · 백색 방주,,apocalypse_bot/commands/v430_story_expedition.py,731,command
선택,,main,story2,시즌 2 · 백색 방주,,apocalypse_bot/commands/v430_story_expedition.py,757,command
기록,,main,exploration,생존 탐험·원정·사건,,apocalypse_bot/commands/v430_story_expedition.py,832,command
재시작,,main,story2,시즌 2 · 백색 방주,,apocalypse_bot/commands/v430_story_expedition.py,856,command
원정,원정대,main,exploration,생존 탐험·원정·사건,,apocalypse_bot/commands/v430_story_expedition.py,1027,group
도움말,,main,exploration,생존 탐험·원정·사건,,apocalypse_bot/commands/v430_story_expedition.py,1057,command
목록,,main,exploration,생존 탐험·원정·사건,,apocalypse_bot/commands/v430_story_expedition.py,1076,command
출발,,main,exploration,생존 탐험·원정·사건,,apocalypse_bot/commands/v430_story_expedition.py,1094,command
행동,,main,exploration,생존 탐험·원정·사건,,apocalypse_bot/commands/v430_story_expedition.py,1142,command
포기,,main,exploration,생존 탐험·원정·사건,,apocalypse_bot/commands/v430_story_expedition.py,1358,command
보급,,main,exploration,생존 탐험·원정·사건,,apocalypse_bot/commands/v430_story_expedition.py,1375,command
유물,,main,exploration,생존 탐험·원정·사건,,apocalypse_bot/commands/v430_story_expedition.py,1399,command
기록,,main,exploration,생존 탐험·원정·사건,,apocalypse_bot/commands/v430_story_expedition.py,1415,command
랭킹,,main,exploration,생존 탐험·원정·사건,,apocalypse_bot/commands/v430_story_expedition.py,1426,command
신규장비,장비패치,main,quests,퀘스트·성장·업적,,apocalypse_bot/commands/v431_growth_balance.py,413,command
경제밸런스,경제변경,main,quests,퀘스트·성장·업적,,apocalypse_bot/commands/v431_growth_balance.py,427,command
유물,,main,quests,퀘스트·성장·업적,,apocalypse_bot/commands/v431_growth_balance.py,442,group
장착,,play,gear,상점·장비·강화·제작,,apocalypse_bot/commands/v431_growth_balance.py,467,command
해제,,play,gear,상점·장비·강화·제작,,apocalypse_bot/commands/v431_growth_balance.py,486,command
강화,,main,quests,퀘스트·성장·업적,,apocalypse_bot/commands/v431_growth_balance.py,501,command
분해,,main,quests,퀘스트·성장·업적,,apocalypse_bot/commands/v431_growth_balance.py,528,command
장비,,main,quests,퀘스트·성장·업적,,apocalypse_bot/commands/v431_growth_balance.py,550,command
임무,,main,quests,퀘스트·성장·업적,,apocalypse_bot/commands/v431_growth_balance.py,563,command
임무보상,,main,quests,퀘스트·성장·업적,,apocalypse_bot/commands/v431_growth_balance.py,581,command
복구,,main,quests,퀘스트·성장·업적,,apocalypse_bot/commands/v431_growth_balance.py,611,command
장면,,main,story2,시즌 2 · 백색 방주,,apocalypse_bot/commands/v431_growth_balance.py,632,command
수집,,main,quests,퀘스트·성장·업적,,apocalypse_bot/commands/v431_growth_balance.py,657,command
계승,,main,story2,시즌 2 · 백색 방주,,apocalypse_bot/commands/v431_growth_balance.py,676,command
복구,,main,quests,퀘스트·성장·업적,,apocalypse_bot/commands/v431_growth_balance.py,692,command
강화기록,,play,gear,상점·장비·강화·제작,최근 강화 결과 10개를 확인합니다.,apocalypse_bot/commands/v432_forge_live.py,1059,command
강화연출,,play,gear,상점·장비·강화·제작,강화 단계별 장비 표시 이름과 장인의 열기를 안내합니다.,apocalypse_bot/commands/v432_forge_live.py,1077,command
실시간피드상태,,play,gear,상점·장비·강화·제작,Background Worker와 홈페이지 실시간 피드 릴레이 상태를 확인합니다.,apocalypse_bot/commands/v432_forge_live.py,1088,command
실시간피드,,play,gear,상점·장비·강화·제작,홈페이지 공개 이벤트 피드를 켜거나 끕니다.,apocalypse_bot/commands/v432_forge_live.py,1120,command
실시간공지,,play,gear,상점·장비·강화·제작,공식 홈페이지 실시간 피드에 공개 공지를 등록합니다.,apocalypse_bot/commands/v432_forge_live.py,1136,command
실시간피드테스트,,play,gear,상점·장비·강화·제작,별도 Web Service로 테스트 이벤트와 상태 심박을 직접 전송합니다.,apocalypse_bot/commands/v432_forge_live.py,1154,command
TTS,티티에스 | 음성성역,social,voice,음성·하이라이트·미디어,,apocalypse_bot/commands/v433_voice_sanctuary.py,1373,group
음성입장,보이스입장,social,voice,음성·하이라이트·미디어,,apocalypse_bot/commands/v433_voice_sanctuary.py,1395,command
음성퇴장,보이스퇴장,social,voice,음성·하이라이트·미디어,,apocalypse_bot/commands/v433_voice_sanctuary.py,1412,command
말해,읽어 | say,social,voice,음성·하이라이트·미디어,,apocalypse_bot/commands/v433_voice_sanctuary.py,1425,command
채널,채널설정 | 자동채널 | setchannel,social,voice,음성·하이라이트·미디어,,apocalypse_bot/commands/v433_voice_sanctuary.py,1475,command
TTS채널,채널설정 | TTS채널설정,social,voice,음성·하이라이트·미디어,,apocalypse_bot/commands/v433_voice_sanctuary.py,1483,command
켜기,on,social,voice,음성·하이라이트·미디어,,apocalypse_bot/commands/v433_voice_sanctuary.py,1491,command
끄기,off,social,voice,음성·하이라이트·미디어,,apocalypse_bot/commands/v433_voice_sanctuary.py,1514,command
음성채널,보이스채널,social,voice,음성·하이라이트·미디어,,apocalypse_bot/commands/v433_voice_sanctuary.py,1525,command
목소리,음성,social,voice,음성·하이라이트·미디어,,apocalypse_bot/commands/v433_voice_sanctuary.py,1538,command
기본목소리,서버목소리 | defaultvoice,social,voice,음성·하이라이트·미디어,,apocalypse_bot/commands/v433_voice_sanctuary.py,1566,command
엔진,provider,social,voice,음성·하이라이트·미디어,,apocalypse_bot/commands/v433_voice_sanctuary.py,1586,command
TTS엔진,,social,voice,음성·하이라이트·미디어,,apocalypse_bot/commands/v433_voice_sanctuary.py,1604,command
음성격리초기화,음성복구 | voice-reset,social,voice,음성·하이라이트·미디어,,apocalypse_bot/commands/v433_voice_sanctuary.py,1608,command
속도,,social,voice,음성·하이라이트·미디어,,apocalypse_bot/commands/v433_voice_sanctuary.py,1620,command
볼륨,,social,voice,음성·하이라이트·미디어,,apocalypse_bot/commands/v433_voice_sanctuary.py,1633,command
대기열,queue,social,voice,음성·하이라이트·미디어,,apocalypse_bot/commands/v433_voice_sanctuary.py,1646,command
비우기,clear,social,voice,음성·하이라이트·미디어,,apocalypse_bot/commands/v433_voice_sanctuary.py,1655,command
진단,diagnose | 검사,social,voice,음성·하이라이트·미디어,,apocalypse_bot/commands/v433_voice_sanctuary.py,1665,command
상태,status,social,voice,음성·하이라이트·미디어,,apocalypse_bot/commands/v433_voice_sanctuary.py,1689,command
목소리,,social,voice,음성·하이라이트·미디어,내 TTS 목소리를 드롭다운에서 선택합니다.,apocalypse_bot/commands/v433_voice_sanctuary.py,1770,command
내설정,,social,voice,음성·하이라이트·미디어,내 TTS 목소리와 서버 기본 설정을 확인합니다.,apocalypse_bot/commands/v433_voice_sanctuary.py,1783,command
초기화,,social,voice,음성·하이라이트·미디어,내 개인 목소리 설정을 지우고 서버 기본값을 사용합니다.,apocalypse_bot/commands/v433_voice_sanctuary.py,1799,command
미리듣기,,social,voice,음성·하이라이트·미디어,선택한 목소리를 지정 음성 채널에서 시험 재생합니다.,apocalypse_bot/commands/v433_voice_sanctuary.py,1814,command
기본목소리,,social,voice,음성·하이라이트·미디어,개인 설정이 없는 사용자의 서버 기본 목소리를 정합니다.,apocalypse_bot/commands/v433_voice_sanctuary.py,1843,command
엔진,,social,voice,음성·하이라이트·미디어,서버 TTS 합성 엔진을 선택합니다.,apocalypse_bot/commands/v433_voice_sanctuary.py,1861,command
채널,,social,voice,음성·하이라이트·미디어,현재 채널을 TTS 채팅 채널로 지정합니다.,apocalypse_bot/commands/v433_voice_sanctuary.py,1872,command
켜기,,social,voice,음성·하이라이트·미디어,저장된 채널에서 자동 TTS를 켭니다.,apocalypse_bot/commands/v433_voice_sanctuary.py,1893,command
끄기,,social,voice,음성·하이라이트·미디어,자동 TTS를 끄고 대기열을 비웁니다.,apocalypse_bot/commands/v433_voice_sanctuary.py,1908,command
서버리뉴얼,서버정리 | 서버디자인,social,voice,음성·하이라이트·미디어,,apocalypse_bot/commands/v433_voice_sanctuary.py,2083,group
테마목록,themes | 테마,social,voice,음성·하이라이트·미디어,,apocalypse_bot/commands/v433_voice_sanctuary.py,2209,command
미리보기,preview,social,voice,음성·하이라이트·미디어,,apocalypse_bot/commands/v433_voice_sanctuary.py,2224,command
적용,apply | 계획,social,voice,음성·하이라이트·미디어,,apocalypse_bot/commands/v433_voice_sanctuary.py,2234,command
게임미리보기,봇게임미리보기 | 게임프리뷰,social,voice,음성·하이라이트·미디어,,apocalypse_bot/commands/v433_voice_sanctuary.py,2285,command
게임정리,봇게임정리 | 게임채널정리,social,voice,음성·하이라이트·미디어,,apocalypse_bot/commands/v433_voice_sanctuary.py,2295,command
백업,수동백업 | backup,social,voice,음성·하이라이트·미디어,,apocalypse_bot/commands/v433_voice_sanctuary.py,2340,command
백업목록,backups | 복구목록,social,voice,음성·하이라이트·미디어,,apocalypse_bot/commands/v433_voice_sanctuary.py,2356,command
되돌리기,undo | 복원,social,voice,음성·하이라이트·미디어,,apocalypse_bot/commands/v433_voice_sanctuary.py,2425,command
다음,next | 계속,social,voice,음성·하이라이트·미디어,,apocalypse_bot/commands/v433_voice_sanctuary.py,2489,command
계획상태,planstatus | 적용상태,social,voice,음성·하이라이트·미디어,,apocalypse_bot/commands/v433_voice_sanctuary.py,2590,command
자동시작,autostart | 자동진행,social,voice,음성·하이라이트·미디어,,apocalypse_bot/commands/v433_voice_sanctuary.py,2692,command
자동중지,autostop | 자동일시정지,social,voice,음성·하이라이트·미디어,,apocalypse_bot/commands/v433_voice_sanctuary.py,2736,command
자동상태,autostatus,social,voice,음성·하이라이트·미디어,,apocalypse_bot/commands/v433_voice_sanctuary.py,2752,command
429상태,ratelimit | 쿨다운 | 안전대기,social,voice,음성·하이라이트·미디어,,apocalypse_bot/commands/v433_voice_sanctuary.py,2775,command
계획취소,plancancel | 적용취소,social,voice,음성·하이라이트·미디어,,apocalypse_bot/commands/v433_voice_sanctuary.py,2797,command
복구다음,recovernext | 복구계속,social,voice,음성·하이라이트·미디어,,apocalypse_bot/commands/v433_voice_sanctuary.py,2816,command
복구상태,recoverstatus,social,voice,음성·하이라이트·미디어,,apocalypse_bot/commands/v433_voice_sanctuary.py,2935,command
복구취소,recovercancel,social,voice,음성·하이라이트·미디어,,apocalypse_bot/commands/v433_voice_sanctuary.py,2958,command
중지,stop | 취소,social,voice,음성·하이라이트·미디어,,apocalypse_bot/commands/v433_voice_sanctuary.py,2971,command
작업상태,progress | 진행상태,social,voice,음성·하이라이트·미디어,,apocalypse_bot/commands/v433_voice_sanctuary.py,2997,command
긴급정리,cleanup | 잔여정리,social,voice,음성·하이라이트·미디어,,apocalypse_bot/commands/v433_voice_sanctuary.py,3012,command
상태,status,social,voice,음성·하이라이트·미디어,,apocalypse_bot/commands/v433_voice_sanctuary.py,3059,command
빈카테고리,empty,social,voice,음성·하이라이트·미디어,,apocalypse_bot/commands/v433_voice_sanctuary.py,3074,command
빈카테고리선택,emptyselect | 선택삭제,social,voice,음성·하이라이트·미디어,,apocalypse_bot/commands/v433_voice_sanctuary.py,3180,command
빈카테고리삭제,cleanempty,social,voice,음성·하이라이트·미디어,,apocalypse_bot/commands/v433_voice_sanctuary.py,3193,command
서버메뉴,채널메뉴 | 안내패널,social,voice,음성·하이라이트·미디어,,apocalypse_bot/commands/v433_voice_sanctuary.py,3241,group
생성,create,social,voice,음성·하이라이트·미디어,,apocalypse_bot/commands/v433_voice_sanctuary.py,3248,command
갱신,update,social,voice,음성·하이라이트·미디어,,apocalypse_bot/commands/v433_voice_sanctuary.py,3268,command
삭제,delete,social,voice,음성·하이라이트·미디어,,apocalypse_bot/commands/v433_voice_sanctuary.py,3287,command
아바돈진단,진단센터 | 통합진단,system,audit,검수·진단·오류,ABADDON 주요 시스템을 드롭다운으로 통합 진단합니다.,apocalypse_bot/commands/v521_diagnostics.py,920,command
설정,아바돈설정 | 설정센터,system,audit,검수·진단·오류,서버 주요 설정을 드롭다운에서 관리합니다.,apocalypse_bot/commands/v521_diagnostics.py,933,command
게임,게임센터 | 게임메뉴 | rpg메뉴,system,help,명령어·언어·접근성,,apocalypse_bot/commands/v600_game_center.py,2565,command
시즌3,종말의왕좌 | 왕좌,main,story3,시즌 3 · 종말의 왕좌,,apocalypse_bot/commands/v600_game_center.py,2578,group
시작,,main,story3,시즌 3 · 종말의 왕좌,,apocalypse_bot/commands/v600_game_center.py,2585,command
선택,,main,story3,시즌 3 · 종말의 왕좌,,apocalypse_bot/commands/v600_game_center.py,2614,command
기록,,system,help,명령어·언어·접근성,,apocalypse_bot/commands/v600_game_center.py,2686,command
재시작,,main,story3,시즌 3 · 종말의 왕좌,,apocalypse_bot/commands/v600_game_center.py,2705,command
채널규칙,규칙작성 | 규칙고정 | 채널안내 | 채널가이드 | 서버가이드,system,server_setup,서버 설치·채널·역할,,apocalypse_bot/commands/v602_channel_rules.py,1733,group
자동,,system,server_setup,서버 설치·채널·역할,,apocalypse_bot/commands/v602_channel_rules.py,1762,command
일괄설치,일괄 | 대량설치,system,server_setup,서버 설치·채널·역할,,apocalypse_bot/commands/v602_channel_rules.py,1774,command
전체설치,서버전체 | 가이드전체 | 전체가이드,system,server_setup,서버 설치·채널·역할,,apocalypse_bot/commands/v602_channel_rules.py,1794,command
일괄상태,,system,server_setup,서버 설치·채널·역할,,apocalypse_bot/commands/v602_channel_rules.py,1863,command
일괄시작,일괄재개,system,server_setup,서버 설치·채널·역할,,apocalypse_bot/commands/v602_channel_rules.py,1875,command
일괄중지,,system,server_setup,서버 설치·채널·역할,,apocalypse_bot/commands/v602_channel_rules.py,1894,command
목록,,system,server_setup,서버 설치·채널·역할,,apocalypse_bot/commands/v602_channel_rules.py,1907,command
상태,,system,server_setup,서버 설치·채널·역할,,apocalypse_bot/commands/v602_channel_rules.py,1925,command
갱신,,system,server_setup,서버 설치·채널·역할,,apocalypse_bot/commands/v602_channel_rules.py,1944,command
제거,,system,server_setup,서버 설치·채널·역할,,apocalypse_bot/commands/v602_channel_rules.py,1959,command
땅파기,굴착 | 삽질,play,life,생활·채집·파밍,,apocalypse_bot/commands/v610_digging_treasure.py,505,command
보물감정,보물감정소 | 감정소,play,life,생활·채집·파밍,,apocalypse_bot/commands/v610_digging_treasure.py,618,command
감정사,감정사목록,play,life,생활·채집·파밍,,apocalypse_bot/commands/v610_digging_treasure.py,649,command
보물함,땅파기상태 | 굴착상태,play,life,생활·채집·파밍,,apocalypse_bot/commands/v610_digging_treasure.py,655,command
대화,대화센터 | 아바돈대화 | chatcenter | conversationcenter,social,chat,대화·친목·예능,아바돈 대화·기억 드롭다운 제어실을 엽니다.,apocalypse_bot/commands/v620_dialogue_memory.py,1166,command
아바돈,말걸기 | chat | talktoabaddon,social,chat,대화·친목·예능,모달 없이 아바돈과 연속 대화를 시작하거나 바로 질문합니다.,apocalypse_bot/commands/v620_dialogue_memory.py,1170,command
대화종료,말걸기종료 | 대화끝 | endchat | stopconversation,social,chat,대화·친목·예능,현재 채널에서 진행 중인 아바돈 연속 대화를 종료합니다.,apocalypse_bot/commands/v620_dialogue_memory.py,1188,command
가르치기,기억등록 | 지식등록,social,chat,대화·친목·예능,서버 전용 질문과 답변 등록 양식을 엽니다.,apocalypse_bot/commands/v620_dialogue_memory.py,1195,command
지식,기억,social,chat,대화·친목·예능,서버 승인 기억과 검수 상태를 관리합니다.,apocalypse_bot/commands/v620_dialogue_memory.py,1202,group
목록,,social,chat,대화·친목·예능,,apocalypse_bot/commands/v620_dialogue_memory.py,1224,command
검색,,social,chat,대화·친목·예능,,apocalypse_bot/commands/v620_dialogue_memory.py,1239,command
지식검색,,social,chat,대화·친목·예능,승인된 서버 기억을 검색합니다.,apocalypse_bot/commands/v620_dialogue_memory.py,1259,command
검수,,social,chat,대화·친목·예능,,apocalypse_bot/commands/v620_dialogue_memory.py,1264,command
지식검수,,social,chat,대화·친목·예능,운영진이 대기 중인 기억을 드롭다운으로 검수합니다.,apocalypse_bot/commands/v620_dialogue_memory.py,1320,command
삭제,,social,chat,대화·친목·예능,,apocalypse_bot/commands/v620_dialogue_memory.py,1325,command
자동반응,,social,chat,대화·친목·예능,,apocalypse_bot/commands/v620_dialogue_memory.py,1339,command
오늘의질문,하루질문,social,chat,대화·친목·예능,서버 구성원이 답할 수 있는 오늘의 대화 질문을 엽니다.,apocalypse_bot/commands/v620_dialogue_memory.py,1355,command
밸런스게임,생존밸런스,social,chat,대화·친목·예능,두 가지 생존 선택지를 반응으로 투표합니다.,apocalypse_bot/commands/v620_dialogue_memory.py,1361,command
교감,교감도,social,chat,대화·친목·예능,아바돈과의 대화 누적 기록을 확인합니다.,apocalypse_bot/commands/v620_dialogue_memory.py,1365,command
한마디,아바돈한마디,social,chat,대화·친목·예능,ABADDON 세계관의 짧은 원문 한마디를 표시합니다.,apocalypse_bot/commands/v620_dialogue_memory.py,1381,command
응원,응원해줘,social,chat,대화·친목·예능,자신 또는 선택한 멤버에게 짧은 응원 메시지를 전합니다.,apocalypse_bot/commands/v620_dialogue_memory.py,1386,command
월드보스목록,보스목록 | 월보목록 | worldbosslist,play,combat,전투·보스·던전,,apocalypse_bot/commands/v630_world_boss.py,1104,command
월드보스기여도,내기여도 | 월보기여도,play,combat,전투·보스·던전,,apocalypse_bot/commands/v630_world_boss.py,1110,command
월드보스보상목록,월보보상목록 | worldbossrewards,play,combat,전투·보스·던전,,apocalypse_bot/commands/v630_world_boss.py,1151,command
월드보스보상,보스보상 | 월보보상,play,combat,전투·보스·던전,,apocalypse_bot/commands/v630_world_boss.py,1179,command
월드보스이력,월보이력 | worldbosshistory,play,combat,전투·보스·던전,,apocalypse_bot/commands/v630_world_boss.py,1252,command
월드보스도감,월보도감,play,combat,전투·보스·던전,,apocalypse_bot/commands/v630_world_boss.py,1271,command
월드보스테스트,월보테스트 | worldbosstest,play,combat,전투·보스·던전,,apocalypse_bot/commands/v630_world_boss.py,1291,command
월드보스테스트상태,월보테스트상태 | worldbossteststatus,play,combat,전투·보스·던전,,apocalypse_bot/commands/v630_world_boss.py,1322,command
월드보스테스트공격,월보테스트공격 | worldbosstestattack,play,combat,전투·보스·던전,,apocalypse_bot/commands/v630_world_boss.py,1334,command
월드보스테스트종료,월보테스트종료 | worldbosstestend,play,combat,전투·보스·던전,,apocalypse_bot/commands/v630_world_boss.py,1338,command
인카운트도감,조우도감 | 랜덤이벤트도감,play,life,생활·채집·파밍,,apocalypse_bot/commands/v631_life_visuals.py,408,command
인카운트도감,조우도감 | 랜덤이벤트도감,play,life,생활·채집·파밍,,apocalypse_bot/commands/v632_life_visuals.py,350,command
장비외형,장비비주얼 | 강화외형,play,gear,상점·장비·강화·제작,,apocalypse_bot/commands/v633_equipment_crafting.py,455,command
날씨,,world,disaster,재난·기상·복구,,apocalypse_bot/commands/v636_world_combat.py,265,command
자원시장,,play,combat,전투·보스·던전,,apocalypse_bot/commands/v636_world_combat.py,282,command
자원구매,,play,economy,경제·거래·사업,,apocalypse_bot/commands/v636_world_combat.py,304,command
자원판매,,play,economy,경제·거래·사업,,apocalypse_bot/commands/v636_world_combat.py,325,command
기지칩교환,,play,combat,전투·보스·던전,,apocalypse_bot/commands/v636_world_combat.py,347,command
기지방어,,play,combat,전투·보스·던전,,apocalypse_bot/commands/v636_world_combat.py,382,command
기지방어공격,,play,combat,전투·보스·던전,,apocalypse_bot/commands/v636_world_combat.py,401,command
전투,,play,combat,전투·보스·던전,,apocalypse_bot/commands/v636_world_combat.py,666,command
던전전술,,play,combat,전투·보스·던전,,apocalypse_bot/commands/v636_world_combat.py,670,command
전투상태,,play,combat,전투·보스·던전,,apocalypse_bot/commands/v636_world_combat.py,674,command
전투포기,,play,combat,전투·보스·던전,,apocalypse_bot/commands/v636_world_combat.py,685,command
오늘의,오늘의운세 | 운세,play,party_games,파티게임·축제·미니게임,,apocalypse_bot/commands/v637_dynamic_events.py,403,command
무전,무전해독 | 구조신호 | sos | SOS,main,exploration,생존 탐험·원정·사건,,apocalypse_bot/commands/v637_dynamic_events.py,532,command
내구도,,play,gear,상점·장비·강화·제작,,apocalypse_bot/commands/v637_dynamic_events.py,553,command
무기수리,수리,play,party_games,파티게임·축제·미니게임,,apocalypse_bot/commands/v637_dynamic_events.py,575,command
개조목록,,play,gear,상점·장비·강화·제작,,apocalypse_bot/commands/v637_dynamic_events.py,612,command
개조부품제작,부품제작,play,gear,상점·장비·강화·제작,,apocalypse_bot/commands/v637_dynamic_events.py,625,command
무기개조,개조,play,gear,상점·장비·강화·제작,,apocalypse_bot/commands/v637_dynamic_events.py,657,command
개조해제,,play,gear,상점·장비·강화·제작,,apocalypse_bot/commands/v637_dynamic_events.py,689,command
까마귀,떠돌이상인 | 게릴라상점,play,party_games,파티게임·축제·미니게임,,apocalypse_bot/commands/v637_dynamic_events.py,727,command
까마귀구매,,play,economy,경제·거래·사업,,apocalypse_bot/commands/v637_dynamic_events.py,755,command
위험구역,돌연변이구역 | 오염구역,main,exploration,생존 탐험·원정·사건,,apocalypse_bot/commands/v637_dynamic_events.py,798,command
랜덤박스,대형랜덤박스 | 보급박스,play,party_games,파티게임·축제·미니게임,,apocalypse_bot/commands/v637_dynamic_events.py,814,command
테스트,패치테스트,play,party_games,파티게임·축제·미니게임,,apocalypse_bot/commands/v637_dynamic_events.py,902,command
괴질탈출,크래시 | 괴질크래시,play,combat,전투·보스·던전,,apocalypse_bot/commands/v638_hardcore_arcade.py,833,command
비상주파수,주파수가로채기 | 타이밍주파수,play,party_games,파티게임·축제·미니게임,,apocalypse_bot/commands/v638_hardcore_arcade.py,852,command
지뢰찾기,폐허횡단 | 마인즈,play,party_games,파티게임·축제·미니게임,,apocalypse_bot/commands/v638_hardcore_arcade.py,871,command
돌연변이경주,투기장경주 | 괴수경주,play,party_games,파티게임·축제·미니게임,,apocalypse_bot/commands/v638_hardcore_arcade.py,921,command
돌연변이배팅,투기장배팅,play,party_games,파티게임·축제·미니게임,,apocalypse_bot/commands/v638_hardcore_arcade.py,938,command
오염문,폐허3지선다 | 세개의문,play,combat,전투·보스·던전,,apocalypse_bot/commands/v638_hardcore_arcade.py,966,command
비상보급상자,전리품상자 | 프리미엄랜덤박스,play,party_games,파티게임·축제·미니게임,,apocalypse_bot/commands/v638_hardcore_arcade.py,981,command
선물거래,감염선물 | 레버리지,play,party_games,파티게임·축제·미니게임,,apocalypse_bot/commands/v638_hardcore_arcade.py,1042,command
괴수투기장,펫데스매치,play,party_games,파티게임·축제·미니게임,,apocalypse_bot/commands/v638_hardcore_arcade.py,1094,command
영혼결투,영혼의데스매치 | 고위험PVP,play,combat,전투·보스·던전,,apocalypse_bot/commands/v638_hardcore_arcade.py,1116,command
벙커개설,,play,combat,전투·보스·던전,,apocalypse_bot/commands/v638_hardcore_arcade.py,1137,command
벙커참가,,play,combat,전투·보스·던전,,apocalypse_bot/commands/v638_hardcore_arcade.py,1164,command
벙커상태,,play,combat,전투·보스·던전,,apocalypse_bot/commands/v638_hardcore_arcade.py,1187,command
벙커투표,,play,combat,전투·보스·던전,,apocalypse_bot/commands/v638_hardcore_arcade.py,1200,command
벙커진행,,play,combat,전투·보스·던전,,apocalypse_bot/commands/v638_hardcore_arcade.py,1221,command
하이에나,시체파밍 | 잔해약탈,play,party_games,파티게임·축제·미니게임,,apocalypse_bot/commands/v638_hardcore_arcade.py,1263,command
금고개설,카지노금고개설,play,combat,전투·보스·던전,,apocalypse_bot/commands/v638_hardcore_arcade.py,1291,command
금고참가,,play,combat,전투·보스·던전,,apocalypse_bot/commands/v638_hardcore_arcade.py,1310,command
금고시작,,play,combat,전투·보스·던전,,apocalypse_bot/commands/v638_hardcore_arcade.py,1333,command
생물테러준비,바이러스구매,play,combat,전투·보스·던전,,apocalypse_bot/commands/v638_hardcore_arcade.py,1352,command
생물테러수신,테러수신,play,combat,전투·보스·던전,,apocalypse_bot/commands/v638_hardcore_arcade.py,1369,command
생물테러,바이러스테러,play,combat,전투·보스·던전,,apocalypse_bot/commands/v638_hardcore_arcade.py,1385,command
이벤트채널설정,세계이벤트채널,world,world_misc,월드 시스템·지도,,apocalypse_bot/commands/v639_frontier_operations.py,529,command
알림설정,이벤트알림,world,world_misc,월드 시스템·지도,,apocalypse_bot/commands/v639_frontier_operations.py,540,command
우편발송,관리자우편,world,world_misc,월드 시스템·지도,,apocalypse_bot/commands/v639_frontier_operations.py,564,command
우편함,메일함,world,world_misc,월드 시스템·지도,,apocalypse_bot/commands/v639_frontier_operations.py,588,command
받기,우편받기,world,world_misc,월드 시스템·지도,,apocalypse_bot/commands/v639_frontier_operations.py,612,command
다크존,다크존도움말,world,world_misc,월드 시스템·지도,,apocalypse_bot/commands/v639_frontier_operations.py,637,command
다크존진입,,world,world_misc,월드 시스템·지도,,apocalypse_bot/commands/v639_frontier_operations.py,646,command
다크존탐색,,world,world_misc,월드 시스템·지도,,apocalypse_bot/commands/v639_frontier_operations.py,670,command
다크존탈출,,world,world_misc,월드 시스템·지도,,apocalypse_bot/commands/v639_frontier_operations.py,715,command
다크존상태,,world,world_misc,월드 시스템·지도,,apocalypse_bot/commands/v639_frontier_operations.py,737,command
다크존공격,다크존습격,world,world_misc,월드 시스템·지도,,apocalypse_bot/commands/v639_frontier_operations.py,759,command
밀수품운반,밀수작전,world,world_misc,월드 시스템·지도,,apocalypse_bot/commands/v639_frontier_operations.py,805,command
밀수품상태,,world,world_misc,월드 시스템·지도,,apocalypse_bot/commands/v639_frontier_operations.py,834,command
밀수품납품,,world,world_misc,월드 시스템·지도,,apocalypse_bot/commands/v639_frontier_operations.py,846,command
밀수품습격,,world,world_misc,월드 시스템·지도,,apocalypse_bot/commands/v639_frontier_operations.py,865,command
보급선,,world,world_misc,월드 시스템·지도,,apocalypse_bot/commands/v639_frontier_operations.py,906,command
보급선수색,,world,world_misc,월드 시스템·지도,,apocalypse_bot/commands/v639_frontier_operations.py,922,command
고철갈갈이,고철분쇄 | 자원분쇄,world,world_misc,월드 시스템·지도,,apocalypse_bot/commands/v639_frontier_operations.py,964,command
장비갈갈이,장비분쇄,world,world_misc,월드 시스템·지도,,apocalypse_bot/commands/v639_frontier_operations.py,1017,command
선물거래,감염선물 | 레버리지,play,party_games,파티게임·축제·미니게임,,apocalypse_bot/commands/v640_interactive_arcade.py,718,command
반응속도,순발력 | 반응게임,play,party_games,파티게임·축제·미니게임,,apocalypse_bot/commands/v640_interactive_arcade.py,757,command
기억회로,기억게임 | 이모지기억,play,party_games,파티게임·축제·미니게임,,apocalypse_bot/commands/v640_interactive_arcade.py,772,command
생존자레이스,참가레이스 | 탈출레이스,play,party_games,파티게임·축제·미니게임,,apocalypse_bot/commands/v640_interactive_arcade.py,787,command
미니게임,게임목록 | 미니게임목록,play,party_games,파티게임·축제·미니게임,,apocalypse_bot/commands/v640_interactive_arcade.py,803,command
안정화상태,안정화 | 봇상태점검,system,server_setup,서버 설치·채널·역할,,apocalypse_bot/commands/v641_stabilization.py,294,command
봇소개,아바돈소개 | 봇정보,system,server_setup,서버 설치·채널·역할,,apocalypse_bot/commands/v641_stabilization.py,309,command
오늘할일,오늘뭐하지 | 일일체크,system,server_setup,서버 설치·채널·역할,,apocalypse_bot/commands/v641_stabilization.py,328,command
서버브리핑,세계브리핑 | 오늘의서버,system,server_setup,서버 설치·채널·역할,,apocalypse_bot/commands/v641_stabilization.py,364,command
서버테마,테마목록,system,server_setup,서버 설치·채널·역할,,apocalypse_bot/commands/v641_stabilization.py,420,command
서버테마미리보기,테마미리보기,system,server_setup,서버 설치·채널·역할,,apocalypse_bot/commands/v641_stabilization.py,449,command
서버테마설정,테마설정,system,server_setup,서버 설치·채널·역할,,apocalypse_bot/commands/v641_stabilization.py,466,command
데이터백업,수동백업,system,server_setup,서버 설치·채널·역할,,apocalypse_bot/commands/v641_stabilization.py,483,command
안정화도움말,안정화명령어,system,server_setup,서버 설치·채널·역할,,apocalypse_bot/commands/v641_stabilization.py,496,command
카드게임,카드게임메뉴 | 카드놀이,play,cards,카드·화투 게임,,apocalypse_bot/commands/v651_card_games.py,1078,command
포커,생존자포커,play,cards,카드·화투 게임,,apocalypse_bot/commands/v651_card_games.py,1091,command
원카드,원카드게임,play,cards,카드·화투 게임,,apocalypse_bot/commands/v651_card_games.py,1095,command
조커잡기,조커게임 | 도둑잡기,play,cards,카드·화투 게임,,apocalypse_bot/commands/v651_card_games.py,1099,command
help,commands | english | enhelp | englishhelp | guide,system,help,명령어·언어·접근성,Open the fully English ABADDON command guide.,apocalypse_bot/commands/v652_english_access.py,612,command
시스템점검,운영점검 | systemcheck,system,audit,검수·진단·오류,,apocalypse_bot/commands/v702_stability.py,195,command
오류현황,사건현황 | errorstatus,system,audit,검수·진단·오류,,apocalypse_bot/commands/v702_stability.py,251,command
운영통계,명령통계 | commandstats,system,audit,검수·진단·오류,,apocalypse_bot/commands/v702_stability.py,272,command
백업목록,데이터백업목록 | backuplist,system,audit,검수·진단·오류,,apocalypse_bot/commands/v702_stability.py,290,command
백업생성,즉시백업 | backupnow,system,audit,검수·진단·오류,,apocalypse_bot/commands/v702_stability.py,307,command
백업검증,데이터검증 | backupcheck,system,audit,검수·진단·오류,,apocalypse_bot/commands/v702_stability.py,329,command
복구미리보기,백업비교 | restorepreview,system,audit,검수·진단·오류,,apocalypse_bot/commands/v702_stability.py,347,command
성장보드,미션보드 | 성장루프 | 작전보드,main,quests,퀘스트·성장·업적,,apocalypse_bot/commands/v710_growth_loop.py,608,command
미션보상,성장보상 | 루프보상,main,quests,퀘스트·성장·업적,,apocalypse_bot/commands/v710_growth_loop.py,615,command
누적보상,참여보상 | 성장이정표,main,quests,퀘스트·성장·업적,,apocalypse_bot/commands/v710_growth_loop.py,648,command
장비프리셋,레이드프리셋 | 프리셋,play,combat,전투·보스·던전,,apocalypse_bot/commands/v710_growth_loop.py,676,command
월드보스주간랭킹,월보주간랭킹 | 주간월보랭킹,play,combat,전투·보스·던전,,apocalypse_bot/commands/v710_growth_loop.py,746,command
월드보스주간보상,월보주간보상,play,combat,전투·보스·던전,,apocalypse_bot/commands/v710_growth_loop.py,771,command
복귀보급,신규보급 | 따라잡기보급,main,onboarding,가입·프로필·초보 안내,,apocalypse_bot/commands/v710_growth_loop.py,813,command
귀여운메뉴,명령패널 | 말랑메뉴 | 버튼명령어,social,chat,대화·친목·예능,귀여운 전체 명령어 실행 패널을 엽니다.,apocalypse_bot/commands/v711_cute_interactions.py,1251,command
새싹설정,신입설정,social,chat,대화·친목·예능,신규 멤버 새싹 역할과 환영 메시지를 설정합니다.,apocalypse_bot/commands/v711_cute_interactions.py,1255,command
환영테마,새싹테마 | 신입테마,social,chat,대화·친목·예능,신규 멤버 환영 패널 테마를 고르고 미리봅니다.,apocalypse_bot/commands/v711_cute_interactions.py,1336,command
새싹역할설치,신입역할설치,social,chat,대화·친목·예능,신규 멤버용 새싹 역할과 역할 아이콘을 설치합니다.,apocalypse_bot/commands/v711_cute_interactions.py,1374,command
새싹정리,신입정리,social,chat,대화·친목·예능,유지 기간이 지난 새싹 역할을 즉시 정리합니다.,apocalypse_bot/commands/v711_cute_interactions.py,1401,command
아바돈게임,봇대전 | 혼자게임 | AI게임,play,party_games,파티게임·축제·미니게임,혼자서 아바돈과 1:1 미니게임을 즐깁니다.,apocalypse_bot/commands/v720_coop_cleanup.py,712,command
아바돈초대,봇초대 | AI초대,play,party_games,파티게임·축제·미니게임,지정한 게임에 아바돈을 초대합니다.,apocalypse_bot/commands/v720_coop_cleanup.py,732,command
아바돈내기,AI내기 | 봇내기,play,party_games,파티게임·축제·미니게임,아바돈과 게임 내 칩 또는 식량을 걸고 1:1 대결합니다.,apocalypse_bot/commands/v720_coop_cleanup.py,768,command
아바돈전적,봇전적 | AI전적,play,party_games,파티게임·축제·미니게임,아바돈과의 1:1 미니게임 전적을 확인합니다.,apocalypse_bot/commands/v720_coop_cleanup.py,772,command
패치채널,업데이트채널,system,alerts,알림·구독·운영센터,패치 자동 공지가 올라갈 채널을 지정합니다.,apocalypse_bot/commands/v720_coop_cleanup.py,793,command
패치자동공지,업데이트자동공지,system,alerts,알림·구독·운영센터,새 버전 자동 공지를 켜거나 끕니다.,apocalypse_bot/commands/v720_coop_cleanup.py,809,command
패치공지상태,업데이트공지상태,system,alerts,알림·구독·운영센터,패치 자동 공지 설정과 게시 이력을 확인합니다.,apocalypse_bot/commands/v720_coop_cleanup.py,822,command
패치공지게시,업데이트공지게시,system,alerts,알림·구독·운영센터,현재 버전 패치노트를 지정 채널에 수동 게시합니다.,apocalypse_bot/commands/v720_coop_cleanup.py,837,command
시즌4,황혼의종착역 | 황혼선,main,story4,시즌 4 · 황혼의 종착역,,apocalypse_bot/commands/v730_season_story.py,567,group
시작,,main,story4,시즌 4 · 황혼의 종착역,,apocalypse_bot/commands/v730_season_story.py,576,command
선택,,main,story4,시즌 4 · 황혼의 종착역,,apocalypse_bot/commands/v730_season_story.py,597,command
기록,,main,story4,시즌 4 · 황혼의 종착역,,apocalypse_bot/commands/v730_season_story.py,606,command
재시작,,main,story4,시즌 4 · 황혼의 종착역,,apocalypse_bot/commands/v730_season_story.py,623,command
시즌여정,스토리여정 | 시즌현황 | 스토리해금,main,story4,시즌 4 · 황혼의 종착역,스토리 시즌 1~4 완료·잠금·엔딩 수집 현황을 확인합니다.,apocalypse_bot/commands/v730_season_story.py,650,command
시즌유산,황혼유산 | 시즌4보상,main,story4,시즌 4 · 황혼의 종착역,시즌 4 엔딩 수집 단계 보상을 확인하고 받습니다.,apocalypse_bot/commands/v730_season_story.py,692,command
중복검수,기능중복검수 | 중복감사,main,story4,시즌 4 · 황혼의 종착역,중복 명령·설정·스토리 진행 상태를 삭제 없이 검사합니다.,apocalypse_bot/commands/v731_duplicate_stability.py,176,command
안정화검수,731검수 | 스토리잠금검수,main,story4,시즌 4 · 황혼의 종착역,v7.3.1 스토리 잠금과 운영 안정성을 검사합니다.,apocalypse_bot/commands/v731_duplicate_stability.py,218,command
폐기후보,삭제후보 | 정리후보,main,story4,시즌 4 · 황혼의 종착역,삭제 전에 관리자 승인이 필요한 중복 후보를 표시합니다.,apocalypse_bot/commands/v731_duplicate_stability.py,241,command
길드관리,길드메뉴 | 길드대시보드,play,combat,전투·보스·던전,길드·기지·임무·금고·레이드를 한 화면에서 확인합니다.,apocalypse_bot/commands/v750_guild_raid.py,1280,command
길드소개,길드설명,social,guild,길드·파티·연합,길드 소개를 확인하거나 변경합니다.,apocalypse_bot/commands/v750_guild_raid.py,1305,command
길드설정,길드가입설정,social,guild,길드·파티·연합,길드 가입 방식을 설정합니다.,apocalypse_bot/commands/v750_guild_raid.py,1323,command
길드신청,길드가입신청,social,guild,길드·파티·연합,승인 가입 길드에 가입을 신청합니다.,apocalypse_bot/commands/v750_guild_raid.py,1347,command
길드신청목록,길드가입신청목록,social,guild,길드·파티·연합,처리 대기 중인 길드 가입 신청을 확인합니다.,apocalypse_bot/commands/v750_guild_raid.py,1383,command
길드신청처리,길드가입처리,social,guild,길드·파티·연합,가입 신청을 승인하거나 거절합니다.,apocalypse_bot/commands/v750_guild_raid.py,1398,command
길드직책,길드간부,social,guild,길드·파티·연합,길드원을 간부로 임명하거나 일반 길드원으로 변경합니다.,apocalypse_bot/commands/v750_guild_raid.py,1451,command
길드추방,길드강퇴,social,guild,길드·파티·연합,길드원을 추방합니다.,apocalypse_bot/commands/v750_guild_raid.py,1485,command
길드위임,길드장위임,social,guild,길드·파티·연합,길드장 권한을 다른 길드원에게 넘깁니다.,apocalypse_bot/commands/v750_guild_raid.py,1514,command
길드기지,공동기지 | 길드시설,social,guild,길드·파티·연합,길드 공동 기지 시설과 공사 상태를 확인합니다.,apocalypse_bot/commands/v750_guild_raid.py,1541,command
길드건설,공동기지건설,social,guild,길드·파티·연합,새 길드 시설을 건설합니다.,apocalypse_bot/commands/v750_guild_raid.py,1609,command
길드시설강화,길드기지강화,social,guild,길드·파티·연합,기존 길드 시설을 강화합니다.,apocalypse_bot/commands/v750_guild_raid.py,1613,command
길드기지수확,공동기지수확,social,guild,길드·파티·연합,발전기가 생산한 식량을 공동 금고로 회수합니다.,apocalypse_bot/commands/v750_guild_raid.py,1617,command
길드임무,길드미션 | 공동임무,social,guild,길드·파티·연합,길드 일일·주간 공동 임무를 확인합니다.,apocalypse_bot/commands/v750_guild_raid.py,1650,command
길드임무보상,길드미션보상,social,guild,길드·파티·연합,완료한 길드 공동 임무 보상을 받습니다.,apocalypse_bot/commands/v750_guild_raid.py,1671,command
길드금고,길드창고 | 공동금고,social,guild,길드·파티·연합,길드 통합 금고와 출금 요청을 확인합니다.,apocalypse_bot/commands/v750_guild_raid.py,1709,command
길드입금,길드자원기부,social,guild,길드·파티·연합,식량이나 건축 자원을 길드 금고에 입금합니다.,apocalypse_bot/commands/v750_guild_raid.py,1725,command
길드출금요청,길드금고요청,social,guild,길드·파티·연합,길드 금고 출금을 요청합니다.,apocalypse_bot/commands/v750_guild_raid.py,1767,command
길드출금승인,길드금고승인,social,guild,길드·파티·연합,길드 금고 출금 요청을 승인합니다.,apocalypse_bot/commands/v750_guild_raid.py,1811,command
길드출금거절,길드금고거절,social,guild,길드·파티·연합,길드 금고 출금 요청을 거절합니다.,apocalypse_bot/commands/v750_guild_raid.py,1867,command
길드거래내역,길드금고내역,social,guild,길드·파티·연합,최근 길드 금고 거래를 확인합니다.,apocalypse_bot/commands/v750_guild_raid.py,1894,command
길드전술설정,길드전술 | 길드레이드프리셋,play,combat,전투·보스·던전,개인 길드 레이드 기본 전술과 부위를 저장합니다.,apocalypse_bot/commands/v750_guild_raid.py,1910,command
길드레이드준비,길드보스준비 | 길드토벌준비,play,combat,전투·보스·던전,개인 전술·쿨다운·시설 효과와 추천 부위를 확인합니다.,apocalypse_bot/commands/v750_guild_raid.py,1937,command
길드레이드연습,길드보스연습 | 길드토벌연습,play,combat,전투·보스·던전,실제 HP·쿨다운·보상에 영향 없는 레이드 연습 공격을 실행합니다.,apocalypse_bot/commands/v750_guild_raid.py,1960,command
길드레이드기록,길드보스기록 | 길드토벌기록,play,combat,전투·보스·던전,현재·과거 길드 레이드 기록을 페이지로 확인합니다.,apocalypse_bot/commands/v750_guild_raid.py,1997,command
길드레이드,길드보스 | 길드토벌,play,combat,전투·보스·던전,이번 주 길드 레이드 상태를 확인합니다.,apocalypse_bot/commands/v750_guild_raid.py,2028,command
길드레이드공격,길드보스공격 | 길드토벌공격,play,combat,전투·보스·던전,길드 레이드에서 전술과 공격 부위를 선택합니다.,apocalypse_bot/commands/v750_guild_raid.py,2048,command
길드레이드보상,길드보스보상 | 길드토벌보상,play,combat,전투·보스·던전,토벌 완료한 길드 레이드 개인 보상을 받습니다.,apocalypse_bot/commands/v750_guild_raid.py,2118,command
길드레이드랭킹,길드보스랭킹 | 길드토벌랭킹,play,combat,전투·보스·던전,현재 길드 레이드 기여도 순위를 확인합니다.,apocalypse_bot/commands/v750_guild_raid.py,2152,command
길드종합랭킹,길드랭킹750,play,combat,전투·보스·던전,길드 레벨·시설·레이드·기여도를 합산한 순위를 확인합니다.,apocalypse_bot/commands/v750_guild_raid.py,2169,command
길드검수,길드감사 | 길드데이터검수,social,guild,길드·파티·연합,길드 데이터와 경제 무결성을 읽기 전용으로 검사합니다.,apocalypse_bot/commands/v750_guild_raid.py,2187,command
길드복구미리보기,길드마이그레이션미리보기,social,guild,길드·파티·연합,안전 복구 가능한 길드 데이터 항목을 미리 봅니다.,apocalypse_bot/commands/v750_guild_raid.py,2205,command
750안정화검수,길드안정화검수 | v750검수,social,guild,길드·파티·연합,v7.5.1 길드 통합·전술 패치의 핵심 안정성을 검사합니다.,apocalypse_bot/commands/v750_guild_raid.py,2221,command
길드파견,길드원정 | 길드탐사대,social,guild,길드·파티·연합,길드 협동 파견 상태와 지역을 확인합니다.,apocalypse_bot/commands/v760_guild_dispatch.py,350,command
길드파견모집,길드파견준비 | 길드원정모집,social,guild,길드·파티·연합,길드 파견 참가자를 모집합니다.,apocalypse_bot/commands/v760_guild_dispatch.py,388,command
길드파견참가,길드원정참가 | 파견참가,social,guild,길드·파티·연합,모집 중인 길드 파견에 역할을 선택해 참가합니다.,apocalypse_bot/commands/v760_guild_dispatch.py,418,command
길드파견이탈,길드원정이탈 | 파견이탈,social,guild,길드·파티·연합,출발 전 길드 파견 모집에서 이탈합니다.,apocalypse_bot/commands/v760_guild_dispatch.py,438,command
길드파견취소,길드원정취소 | 파견모집취소,social,guild,길드·파티·연합,출발 전 길드 파견 모집을 취소합니다.,apocalypse_bot/commands/v760_guild_dispatch.py,453,command
길드파견출발,길드원정출발 | 파견출발,social,guild,길드·파티·연합,모집한 길드 파견대를 출발시킵니다.,apocalypse_bot/commands/v760_guild_dispatch.py,472,command
길드파견정산,길드원정정산 | 파견정산,social,guild,길드·파티·연합,복귀한 길드 파견 결과를 한 번만 정산합니다.,apocalypse_bot/commands/v760_guild_dispatch.py,549,command
길드파견보상,길드원정보상 | 파견보상,social,guild,길드·파티·연합,완료된 길드 파견 개인 보상을 받습니다.,apocalypse_bot/commands/v760_guild_dispatch.py,573,command
길드파견기록,길드원정기록 | 파견기록,social,guild,길드·파티·연합,길드 파견 기록을 페이지로 확인합니다.,apocalypse_bot/commands/v760_guild_dispatch.py,619,command
길드파견모의,길드원정모의 | 파견연습,social,guild,길드·파티·연합,실제 데이터 변경 없이 1인 길드 파견 결과를 예측합니다.,apocalypse_bot/commands/v760_guild_dispatch.py,645,command
760안정화검수,길드파견검수 | v760검수,social,guild,길드·파티·연합,길드 파견 저장·정산·중복 수령 구조를 읽기 전용으로 검사합니다.,apocalypse_bot/commands/v760_guild_dispatch.py,668,command
파밍,폐허파밍 | 파밍메뉴,play,life,생활·채집·파밍,지역 선택형 폐허 파밍 메뉴를 엽니다.,apocalypse_bot/commands/v770_ruin_farming.py,1383,command
파밍지역,파밍목록 | 파밍지역목록,play,life,생활·채집·파밍,파밍 가능한 지역을 확인합니다.,apocalypse_bot/commands/v770_ruin_farming.py,1410,command
파밍출발,파밍시작 | 폐허수색,play,life,생활·채집·파밍,선택한 지역으로 파밍을 출발합니다.,apocalypse_bot/commands/v770_ruin_farming.py,1414,command
파밍선택,인카운트선택 | 현장선택,play,life,생활·채집·파밍,파밍 인카운트의 행동을 선택합니다.,apocalypse_bot/commands/v770_ruin_farming.py,1418,command
파밍기록,파밍상태 | 파밍로그,play,life,생활·채집·파밍,파밍 기록과 진행 중 인카운트를 확인합니다.,apocalypse_bot/commands/v770_ruin_farming.py,1422,command
공방,폐품공방 | 복구공방,play,life,생활·채집·파밍,미감정·감정 완료 폐품과 연구 상태를 확인합니다.,apocalypse_bot/commands/v770_ruin_farming.py,1451,command
폐품감정,폐품확인 | 폐품분석,play,life,생활·채집·파밍,미감정 폐품 하나를 분석합니다.,apocalypse_bot/commands/v770_ruin_farming.py,1467,command
폐품분해,폐품해체 | 폐품재활용,play,life,생활·채집·파밍,감정 완료 폐품을 분해해 재료를 회수합니다.,apocalypse_bot/commands/v770_ruin_farming.py,1489,command
폐품수리,폐품복구 | 공방수리,play,life,생활·채집·파밍,감정 완료 폐품을 자원으로 수리합니다.,apocalypse_bot/commands/v770_ruin_farming.py,1523,command
전파탐색,신호탐색 | 주파수탐색,play,life,생활·채집·파밍,해독 가능한 폐허 신호를 탐색합니다.,apocalypse_bot/commands/v770_ruin_farming.py,1571,command
신호해독,전파해독 | 주파수해독,play,life,생활·채집·파밍,탐색한 신호의 정답 번호를 제출합니다.,apocalypse_bot/commands/v770_ruin_farming.py,1605,command
주파수기록,전파기록 | 신호기록,play,life,생활·채집·파밍,전파 해독 기록과 연구 자료를 확인합니다.,apocalypse_bot/commands/v770_ruin_farming.py,1641,command
의뢰게시판,납품게시판 | 계약게시판,play,life,생활·채집·파밍,오늘의 자원 납품 계약을 확인합니다.,apocalypse_bot/commands/v770_ruin_farming.py,1656,command
계약수락,의뢰수락 | 납품계약,play,life,생활·채집·파밍,오늘의 납품 계약 하나를 수락합니다.,apocalypse_bot/commands/v770_ruin_farming.py,1675,command
납품,계약납품 | 의뢰제출,play,life,생활·채집·파밍,수락한 계약의 자원을 제출하고 보상을 받습니다.,apocalypse_bot/commands/v770_ruin_farming.py,1694,command
계약현황,의뢰현황 | 납품현황,play,life,생활·채집·파밍,수락·완료한 오늘의 계약을 확인합니다.,apocalypse_bot/commands/v770_ruin_farming.py,1731,command
연구소,생활연구소 | 기술연구,play,life,생활·채집·파밍,생활 연구 자료와 해금 기술을 확인합니다.,apocalypse_bot/commands/v770_ruin_farming.py,1744,command
연구시작,기술연구시작 | 연구개시,play,life,생활·채집·파밍,생활 기술 연구를 시작합니다.,apocalypse_bot/commands/v770_ruin_farming.py,1772,command
연구진행,연구상태 | 연구완료,play,life,생활·채집·파밍,진행 중 연구를 확인하고 완료 처리합니다.,apocalypse_bot/commands/v770_ruin_farming.py,1801,command
설계도,생활설계도 | 연구설계도,play,life,생활·채집·파밍,해금한 생활 기술 설계도를 확인합니다.,apocalypse_bot/commands/v770_ruin_farming.py,1822,command
파밍인카운트도감,폐허인카운트도감 | 현장인물도감 | 현장접촉기록,play,life,생활·채집·파밍,발견한 파밍 인카운트와 우호 세력을 확인합니다.,apocalypse_bot/commands/v770_ruin_farming.py,1835,command
770안정화검수,파밍검수 | 생활기술검수 | v770검수,play,life,생활·채집·파밍,v7.8 파밍·생활 저장 구조를 읽기 전용 검사합니다.,apocalypse_bot/commands/v770_ruin_farming.py,1867,command
재난상황,서버재난 | 재난 | 공동재난,world,disaster,재난·기상·복구,현재 서버 공동 재난과 진행도를 확인합니다.,apocalypse_bot/commands/v780_server_disaster.py,436,command
재난임무,재난대응 | 서버재난임무,world,disaster,재난·기상·복구,현재 재난의 대응 역할과 납품 가능 물자를 확인합니다.,apocalypse_bot/commands/v780_server_disaster.py,457,command
재난참여,재난행동 | 공동대응,world,disaster,재난·기상·복구,정찰·구조·수리·방어 역할로 공동 재난에 참여합니다.,apocalypse_bot/commands/v780_server_disaster.py,475,command
재난납품,재난지원 | 공동납품,world,disaster,재난·기상·복구,현재 재난에 필요한 자원을 납품합니다.,apocalypse_bot/commands/v780_server_disaster.py,520,command
재난기여도,재난랭킹 | 공동기여도,world,disaster,재난·기상·복구,현재 또는 최근 재난의 기여도 순위를 확인합니다.,apocalypse_bot/commands/v780_server_disaster.py,566,command
재난보상,공동재난보상 | 재난정산보상,world,disaster,재난·기상·복구,성공한 공동 재난의 개인 기여 보상을 받습니다.,apocalypse_bot/commands/v780_server_disaster.py,591,command
재난버프,서버버프 | 공동버프,world,disaster,재난·기상·복구,공동 재난 성공으로 활성화된 서버 버프를 확인합니다.,apocalypse_bot/commands/v780_server_disaster.py,620,command
재난발생,재난시작 | 공동재난발생,world,disaster,재난·기상·복구,관리자가 공동 재난을 즉시 시작합니다.,apocalypse_bot/commands/v780_server_disaster.py,635,command
재난정산,재난종료 | 공동재난정산,world,disaster,재난·기상·복구,관리자가 완료 또는 만료된 공동 재난을 정산합니다.,apocalypse_bot/commands/v780_server_disaster.py,655,command
780안정화검수,재난검수 | 780검수,world,disaster,재난·기상·복구,v7.8 신규 기능만 읽기 전용으로 검사합니다.,apocalypse_bot/commands/v780_server_disaster.py,748,command
재난예보,재난감시 | 비상예보,world,disaster,재난·기상·복구,자동 공동 재난의 다음 감시 일정과 설정을 확인합니다.,apocalypse_bot/commands/v790_operations_disaster.py,624,command
재난날씨,재난기상 | 비상날씨,world,disaster,재난·기상·복구,현재 공동 재난에 결합된 환경 상태를 확인합니다.,apocalypse_bot/commands/v790_operations_disaster.py,640,command
재난기록,공동재난기록 | 비상기록,world,disaster,재난·기상·복구,최근 공동 재난과 기상 기록을 확인합니다.,apocalypse_bot/commands/v790_operations_disaster.py,652,command
재난자동,재난자동설정,world,disaster,재난·기상·복구,관리자가 자동 재난 발생을 켜거나 끕니다.,apocalypse_bot/commands/v790_operations_disaster.py,673,command
재난채널,재난공지채널,world,disaster,재난·기상·복구,자동 공동 재난을 게시할 채널을 지정합니다.,apocalypse_bot/commands/v790_operations_disaster.py,692,command
알림센터,통합알림 | 알림메뉴,world,disaster,재난·기상·복구,패치·재난·시장·길드 알림을 한 선택창에서 관리합니다.,apocalypse_bot/commands/v790_operations_disaster.py,870,command
내알림,알림상태통합,world,disaster,재난·기상·복구,통합 알림센터 설정을 확인합니다.,apocalypse_bot/commands/v790_operations_disaster.py,881,command
건의,공개건의 | 건의등록,world,disaster,재난·기상·복구,공개 건의 작성 버튼을 엽니다.,apocalypse_bot/commands/v790_operations_disaster.py,928,command
건의목록,제안목록,world,disaster,재난·기상·복구,공개 건의와 투표 현황을 확인합니다.,apocalypse_bot/commands/v790_operations_disaster.py,932,command
건의상태,제안상태,world,disaster,재난·기상·복구,관리자가 공개 건의 상태를 변경합니다.,apocalypse_bot/commands/v790_operations_disaster.py,949,command
로드맵,개발로드맵,world,disaster,재난·기상·복구,개발 예정·진행 중·완료된 공개 건의를 확인합니다.,apocalypse_bot/commands/v790_operations_disaster.py,966,command
운영통합센터,통합운영센터 | 관리허브,world,disaster,재난·기상·복구,문의·점검·통계·알림·재난 진입점을 한 화면에 표시합니다.,apocalypse_bot/commands/v790_operations_disaster.py,985,command
운영분석,경제분석 | 콘텐츠분석,world,disaster,재난·기상·복구,실제 재화 유입·콘텐츠 이용·오류 기록을 확률 노출 없이 집계합니다.,apocalypse_bot/commands/v790_operations_disaster.py,993,command
분대음성설정,임시음성설정 | 분대방설정,world,disaster,재난·기상·복구,임시 분대 음성방 생성 로비를 설치합니다.,apocalypse_bot/commands/v790_operations_disaster.py,1021,command
분대방이름,임시방이름,world,disaster,재난·기상·복구,자신이 만든 임시 분대 음성방의 이름을 변경합니다.,apocalypse_bot/commands/v790_operations_disaster.py,1047,command
분대방잠금,임시방잠금,world,disaster,재난·기상·복구,임시 분대방의 공개 입장을 켜거나 끕니다.,apocalypse_bot/commands/v790_operations_disaster.py,1062,command
분대방초대,임시방초대,world,disaster,재난·기상·복구,잠긴 임시 분대방에 사용자를 초대합니다.,apocalypse_bot/commands/v790_operations_disaster.py,1076,command
분대방인원,임시방인원,world,disaster,재난·기상·복구,임시 분대방 최대 인원을 설정합니다.,apocalypse_bot/commands/v790_operations_disaster.py,1092,command
분대방방장,분대방위임 | 임시방방장,world,disaster,재난·기상·복구,임시 분대방 방장을 다른 사용자에게 넘깁니다.,apocalypse_bot/commands/v790_operations_disaster.py,1104,command
하이라이트설정,스타보드설정,world,disaster,재난·기상·복구,반응이 모인 메시지를 보관할 하이라이트 채널을 설정합니다.,apocalypse_bot/commands/v790_operations_disaster.py,1161,command
하이라이트상태,스타보드상태,world,disaster,재난·기상·복구,하이라이트 보드 설정을 확인합니다.,apocalypse_bot/commands/v790_operations_disaster.py,1174,command
하이라이트추가,스타보드추가,world,disaster,재난·기상·복구,관리자가 현재 채널의 메시지 ID를 하이라이트에 추가합니다.,apocalypse_bot/commands/v790_operations_disaster.py,1229,command
하이라이트제거,스타보드제거,world,disaster,재난·기상·복구,관리자가 원본 메시지 ID의 하이라이트를 제거합니다.,apocalypse_bot/commands/v790_operations_disaster.py,1241,command
길드초대수락,길드초대받기,world,disaster,재난·기상·복구,우클릭으로 받은 최근 길드 초대를 수락합니다.,apocalypse_bot/commands/v790_operations_disaster.py,1360,command
790안정화검수,790검수 | 운영확장검수,world,disaster,재난·기상·복구,v7.9 신규·수정 기능만 읽기 전용으로 검사합니다.,apocalypse_bot/commands/v790_operations_disaster.py,1429,command
단말기,생존단말기 | 통합단말기 | 아바돈단말기,world,world_misc,월드 시스템·지도,현재 상태에 맞는 주요 기능을 한 선택창에서 엽니다.,apocalypse_bot/commands/v810_world_map_ux.py,589,command
세계지도,탐험지도 | 개척지도,world,world_misc,월드 시스템·지도,서버 공동 지역 개척 진행도를 확인합니다.,apocalypse_bot/commands/v810_world_map_ux.py,612,command
지역개척정보,개척지역정보 | 지도지역정보,world,world_misc,월드 시스템·지도,공동 개척 지역의 상세 상태를 확인합니다.,apocalypse_bot/commands/v810_world_map_ux.py,619,command
지역정찰,개척정찰 | 지도정찰,world,world_misc,월드 시스템·지도,지역을 정찰하고 현장 선택지를 엽니다.,apocalypse_bot/commands/v810_world_map_ux.py,629,command
지역선택,정찰선택 | 개척선택,world,world_misc,월드 시스템·지도,재접속 후 진행 중인 지역 정찰 선택을 마무리합니다.,apocalypse_bot/commands/v810_world_map_ux.py,675,command
개척현황,지도진척 | 지역진척,world,world_misc,월드 시스템·지도,서버 공동 개척 기여와 지역별 진행도를 확인합니다.,apocalypse_bot/commands/v810_world_map_ux.py,686,command
개척기부,지도기부 | 지역기부,world,world_misc,월드 시스템·지도,자원을 공동 지역 개척에 기부합니다.,apocalypse_bot/commands/v810_world_map_ux.py,698,command
거점,지역거점 | 개척거점,world,world_misc,월드 시스템·지도,지역 공동 거점 시설 상태를 확인합니다.,apocalypse_bot/commands/v810_world_map_ux.py,746,command
거점건설,지역건설 | 개척건설,world,world_misc,월드 시스템·지도,개인 자원으로 공동 거점 시설을 건설·강화합니다.,apocalypse_bot/commands/v810_world_map_ux.py,761,command
지역보스,개척보스 | 지도보스,world,world_misc,월드 시스템·지도,지역 개척 보스 상태를 확인합니다.,apocalypse_bot/commands/v810_world_map_ux.py,801,command
지역보스공격,개척보스공격 | 지도보스공격,world,world_misc,월드 시스템·지도,활성 지역 보스를 공격합니다.,apocalypse_bot/commands/v810_world_map_ux.py,821,command
지역보상,개척보상 | 지도보상,world,world_misc,월드 시스템·지도,격파한 지역 보스의 개인 기여 보상을 받습니다.,apocalypse_bot/commands/v810_world_map_ux.py,882,command
탐험기록,지도기록 | 개척기록,world,world_misc,월드 시스템·지도,개인 지역 정찰·발견 기록을 확인합니다.,apocalypse_bot/commands/v810_world_map_ux.py,916,command
관리점검,통합점검 | 점검센터,world,world_misc,월드 시스템·지도,관리자가 최신 패치·데이터·메뉴·오류 점검 진입점을 확인합니다.,apocalypse_bot/commands/v810_world_map_ux.py,929,command
오류조회,오류사건조회 | 에러조회,world,world_misc,월드 시스템·지도,명령·UI 오류 사건 번호의 저장된 정보를 조회합니다.,apocalypse_bot/commands/v810_world_map_ux.py,941,command
최근오류,최근사건 | 오류목록,world,world_misc,월드 시스템·지도,최근 명령·UI 오류 사건 번호를 확인합니다.,apocalypse_bot/commands/v810_world_map_ux.py,959,command
810안정화검수,810검수 | 지도개척검수,world,world_misc,월드 시스템·지도,v8.1 신규·수정 기능만 읽기 전용으로 검사합니다.,apocalypse_bot/commands/v810_world_map_ux.py,988,command
811안정화검수,811검수 | 인카운트다양성검수 | 파밍연출검수,play,life,생활·채집·파밍,v8.1.1 신규·수정 기능만 읽기 전용으로 검사합니다.,apocalypse_bot/commands/v811_encounter_variety.py,103,command
세력,세력목록 | 연합세력,world,factions,세력·영토·전쟁·무역,NPC 세력 관계와 해금 혜택을 확인합니다.,apocalypse_bot/commands/v900_faction_world_state.py,647,command
평판,세력평판 | 내평판,world,factions,세력·영토·전쟁·무역,세력별 평판·증표를 확인합니다.,apocalypse_bot/commands/v900_faction_world_state.py,653,command
세력정보,진영정보 | 세력상세,world,factions,세력·영토·전쟁·무역,선택한 NPC 세력의 상세 정보를 확인합니다.,apocalypse_bot/commands/v900_faction_world_state.py,667,command
세력거점,진영거점 | 거점방문,world,factions,세력·영토·전쟁·무역,세력 거점의 교류 기능을 확인합니다.,apocalypse_bot/commands/v900_faction_world_state.py,687,command
세력의뢰,진영의뢰 | 세력임무,world,factions,세력·영토·전쟁·무역,오늘의 세력 의뢰를 확인합니다.,apocalypse_bot/commands/v900_faction_world_state.py,706,command
세력의뢰수락,진영의뢰수락 | 세력임무수락,world,factions,세력·영토·전쟁·무역,오늘의 세력 의뢰를 수락합니다.,apocalypse_bot/commands/v900_faction_world_state.py,724,command
세력의뢰완료,진영의뢰완료 | 세력임무완료,world,factions,세력·영토·전쟁·무역,수락한 세력 의뢰의 물자를 제출하고 정산합니다.,apocalypse_bot/commands/v900_faction_world_state.py,744,command
세력상점,진영상점 | 세력교환소,world,factions,세력·영토·전쟁·무역,세력 증표 교환 목록을 확인합니다.,apocalypse_bot/commands/v900_faction_world_state.py,776,command
세력교환,진영교환 | 세력구매,world,factions,세력·영토·전쟁·무역,세력 증표로 보급품 또는 칭호를 교환합니다.,apocalypse_bot/commands/v900_faction_world_state.py,793,command
무역로,지역무역로 | 교역로,world,factions,세력·영토·전쟁·무역,개방된 지역 무역로와 오늘의 수요를 확인합니다.,apocalypse_bot/commands/v900_faction_world_state.py,828,command
지역경제,무역경제 | 경제동향,world,factions,세력·영토·전쟁·무역,지역별 수요와 서버 공동 경제 상태를 확인합니다.,apocalypse_bot/commands/v900_faction_world_state.py,841,command
호송모집,무역호송모집 | 호송대모집,world,factions,세력·영토·전쟁·무역,개인 자원을 적재해 서버 호송대를 모집합니다.,apocalypse_bot/commands/v900_faction_world_state.py,853,command
호송참가,무역호송참가 | 호송대참가,world,factions,세력·영토·전쟁·무역,진행 중인 호송 모집에 역할을 선택해 참가합니다.,apocalypse_bot/commands/v900_faction_world_state.py,890,command
호송출발,무역호송출발 | 호송대출발,world,factions,세력·영토·전쟁·무역,모집 중인 호송대를 출발시킵니다.,apocalypse_bot/commands/v900_faction_world_state.py,912,command
호송상태,무역호송 | 호송대상태,world,factions,세력·영토·전쟁·무역,현재 서버 호송대의 진행 상태를 확인합니다.,apocalypse_bot/commands/v900_faction_world_state.py,931,command
호송정산,무역호송정산 | 호송대정산,world,factions,세력·영토·전쟁·무역,도착한 호송 결과를 한 번만 정산합니다.,apocalypse_bot/commands/v900_faction_world_state.py,950,command
호송보상,무역호송보상 | 호송대보상,world,factions,세력·영토·전쟁·무역,정산된 호송의 개인 보상을 수령합니다.,apocalypse_bot/commands/v900_faction_world_state.py,989,command
호송취소,무역호송취소 | 호송대취소,world,factions,세력·영토·전쟁·무역,출발 전 호송 모집을 취소하고 화물을 반환합니다.,apocalypse_bot/commands/v900_faction_world_state.py,1021,command
세력전쟁,연합전쟁 | 세력전선,world,factions,세력·영토·전쟁·무역,현재 서버 공동 세력전쟁을 확인합니다.,apocalypse_bot/commands/v900_faction_world_state.py,1079,command
전선선택,전쟁전선선택 | 집중전선,world,factions,세력·영토·전쟁·무역,관리자가 서버 집중 전선을 선택합니다.,apocalypse_bot/commands/v900_faction_world_state.py,1099,command
전쟁참여,세력전쟁참여 | 전선참여,world,disaster,재난·기상·복구,정찰·구조·방어·복구 행동으로 전쟁에 참여합니다.,apocalypse_bot/commands/v900_faction_world_state.py,1112,command
전쟁기부,세력전쟁기부 | 전선기부,world,factions,세력·영토·전쟁·무역,자원을 공동 전쟁에 기부합니다.,apocalypse_bot/commands/v900_faction_world_state.py,1126,command
전쟁기여도,세력전쟁기여도 | 전선랭킹,world,factions,세력·영토·전쟁·무역,현재 세력전쟁 기여 순위를 확인합니다.,apocalypse_bot/commands/v900_faction_world_state.py,1162,command
전쟁정산,세력전쟁정산 | 전선정산,world,factions,세력·영토·전쟁·무역,관리자가 완료된 세력전쟁을 정산합니다.,apocalypse_bot/commands/v900_faction_world_state.py,1171,command
전쟁보상,세력전쟁보상 | 전선보상,world,factions,세력·영토·전쟁·무역,정산된 세력전쟁의 개인 기여 보상을 수령합니다.,apocalypse_bot/commands/v900_faction_world_state.py,1194,command
전쟁재개,새전쟁 | 다음전쟁 | 세력전쟁재개,world,factions,세력·영토·전쟁·무역,관리자가 정산된 전쟁 뒤 다음 적대 세력전을 시작합니다.,apocalypse_bot/commands/v900_faction_world_state.py,1226,command
세계상태,세계현황 | 연합상태,main,story5,시즌 5 · 잿빛 연합전선,서버의 공동 세계 지표와 전쟁·시즌 상태를 확인합니다.,apocalypse_bot/commands/v900_faction_world_state.py,1248,command
시즌5,시즌5스토리 | 연합전선스토리,main,story5,시즌 5 · 잿빛 연합전선,시즌 5 잿빛 연합전선의 현재 장과 선택지를 확인합니다.,apocalypse_bot/commands/v900_faction_world_state.py,1253,command
시즌5투표,연합전선투표 | 시즌투표,main,story5,시즌 5 · 잿빛 연합전선,현재 시즌 5 장의 선택지에 투표합니다.,apocalypse_bot/commands/v900_faction_world_state.py,1295,command
시즌5결정,연합전선결정 | 시즌결정,main,story5,시즌 5 · 잿빛 연합전선,관리자가 현재 장의 투표 결과를 확정합니다.,apocalypse_bot/commands/v900_faction_world_state.py,1315,command
세계연대기,시즌5기록 | 연합연대기,main,story5,시즌 5 · 잿빛 연합전선,세력·호송·전쟁·시즌 선택 기록을 확인합니다.,apocalypse_bot/commands/v900_faction_world_state.py,1347,command
900안정화검수,900검수 | 세력세계검수 | v9검수,world,factions,세력·영토·전쟁·무역,v9.0 세력·무역·전쟁·시즌 기능만 읽기 전용 검사합니다.,apocalypse_bot/commands/v900_faction_world_state.py,1391,command
세계순환,세계순환상태 | 세계시간,world,disaster,재난·기상·복구,시간에 따른 안전한 세계 지표 순환 상태를 확인합니다.,apocalypse_bot/commands/v920_world_cycle_professions.py,653,command
세계순환설정,세계시간설정 | 순환설정,world,disaster,재난·기상·복구,관리자가 세계 순환을 켜거나 일시정지합니다.,apocalypse_bot/commands/v920_world_cycle_professions.py,671,command
세계순환즉시,세계즉시순환 | 순환즉시,world,disaster,재난·기상·복구,관리자가 세계 순환 1회를 즉시 모의가 아닌 실제 반영합니다.,apocalypse_bot/commands/v920_world_cycle_professions.py,693,command
오늘의세계,세계오늘 | 상황방송,world,factions,세력·영토·전쟁·무역,최근 세계 변화와 현재 공동 목표를 요약합니다.,apocalypse_bot/commands/v920_world_cycle_professions.py,700,command
복구작전,공동복구 | 복구현황,world,disaster,재난·기상·복구,서버 공동 복구 작전과 참여 버튼을 확인합니다.,apocalypse_bot/commands/v920_world_cycle_professions.py,716,command
복구작전시작,복구시작 | 공동복구시작,world,disaster,재난·기상·복구,관리자가 공동 복구 작전을 시작합니다.,apocalypse_bot/commands/v920_world_cycle_professions.py,733,command
복구참여,복구행동 | 공동복구참여,world,disaster,재난·기상·복구,복구 작전에서 정찰·구조·수리·경계 행동을 수행합니다.,apocalypse_bot/commands/v920_world_cycle_professions.py,749,command
복구납품,복구지원 | 공동복구납품,world,disaster,재난·기상·복구,복구 작전에 필요한 자원을 지원합니다.,apocalypse_bot/commands/v920_world_cycle_professions.py,760,command
복구기여도,공동복구기여도 | 복구랭킹,world,disaster,재난·기상·복구,현재 복구 작전 기여도를 확인합니다.,apocalypse_bot/commands/v920_world_cycle_professions.py,767,command
복구보상,공동복구보상 | 복구수령,world,disaster,재난·기상·복구,완료된 복구 작전의 개인 기여 보상을 받습니다.,apocalypse_bot/commands/v920_world_cycle_professions.py,777,command
세계지령,공동지령 | 주간지령,world,disaster,재난·기상·복구,이번 주 서버 공동 목표와 투표 현황을 확인합니다.,apocalypse_bot/commands/v920_world_cycle_professions.py,822,command
지령투표,세계지령투표 | 공동지령투표,world,disaster,재난·기상·복구,이번 주 세계 지령에 투표합니다.,apocalypse_bot/commands/v920_world_cycle_professions.py,845,command
지령결정,세계지령결정 | 공동지령결정,world,disaster,재난·기상·복구,관리자가 이번 주 세계 지령을 확정합니다.,apocalypse_bot/commands/v920_world_cycle_professions.py,856,command
전문화,전문화상태 | 내전문화,world,factions,세력·영토·전쟁·무역,현재 직업과 선택한 전문화를 확인합니다.,apocalypse_bot/commands/v920_world_cycle_professions.py,873,command
전문화목록,직업전문화목록 | 전문화리스트,world,factions,세력·영토·전쟁·무역,현재 직업에서 선택 가능한 전문화를 확인합니다.,apocalypse_bot/commands/v920_world_cycle_professions.py,888,command
전문화정보,직업전문화정보 | 전문화상세,world,factions,세력·영토·전쟁·무역,특정 전문화의 역할과 연동 콘텐츠를 확인합니다.,apocalypse_bot/commands/v920_world_cycle_professions.py,900,command
전문화선택,직업전문화선택 | 전문화획득,world,factions,세력·영토·전쟁·무역,레벨 20 이상에서 현재 직업의 전문화를 선택합니다.,apocalypse_bot/commands/v920_world_cycle_professions.py,908,command
전문화변경,직업전문화변경 | 전문화재선택,world,factions,세력·영토·전쟁·무역,식량을 사용해 같은 기본 직업의 전문화를 변경합니다.,apocalypse_bot/commands/v920_world_cycle_professions.py,935,command
분대전술,파티전술 | 분대전술상태,world,factions,세력·영토·전쟁·무역,현재 파티의 분대 전술과 역할 편성을 확인합니다.,apocalypse_bot/commands/v920_world_cycle_professions.py,967,command
분대전술설정,파티전술설정 | 전술설정,world,factions,세력·영토·전쟁·무역,파티장이 균형·돌격·방어·구조·정찰 전술을 설정합니다.,apocalypse_bot/commands/v920_world_cycle_professions.py,981,command
분대역할,파티역할 | 전술역할,world,factions,세력·영토·전쟁·무역,자신의 분대 역할을 선봉·의무·기술·정찰 중 선택합니다.,apocalypse_bot/commands/v920_world_cycle_professions.py,998,command
분대준비,파티준비 | 분대점검,world,factions,세력·영토·전쟁·무역,분대 구성·전문화·역할 다양성과 작전 대기시간을 확인합니다.,apocalypse_bot/commands/v920_world_cycle_professions.py,1017,command
분대작전,파티작전 | 전술작전,world,factions,세력·영토·전쟁·무역,파티장이 전문화와 역할 편성을 반영한 협동 작전을 수행합니다.,apocalypse_bot/commands/v920_world_cycle_professions.py,1033,command
분대작전기록,파티작전기록 | 분대전술기록,world,factions,세력·영토·전쟁·무역,현재 파티의 최근 분대 작전 기록을 확인합니다.,apocalypse_bot/commands/v920_world_cycle_professions.py,1107,command
920안정화검수,920검수 | 세계순환검수 | 전문화분대검수,world,disaster,재난·기상·복구,v9.2 세계 순환·복구·전문화·분대 전술만 읽기 전용 검사합니다.,apocalypse_bot/commands/v920_world_cycle_professions.py,1148,command
사건판,수사사건현황 | caseboard | investigationboard,main,exploration,생존 탐험·원정·사건,이번 주 폐허 사건과 공동 수사 진행도를 확인합니다.,apocalypse_bot/commands/v950_investigation_shelter_raid.py,462,command
단서목록,내단서 | clues | cluelist,main,exploration,생존 탐험·원정·사건,보유한 사건 단서와 수량을 확인합니다.,apocalypse_bot/commands/v950_investigation_shelter_raid.py,484,command
단서조사,사건조사 | investigate | searchclue,main,exploration,생존 탐험·원정·사건,현장·기록·증언 중 하나를 조사해 단서를 확보합니다.,apocalypse_bot/commands/v950_investigation_shelter_raid.py,493,command
단서조합,증거연결 | combineclues | linkevidence,social,support,문의·건의·신고·도움,보유한 두 단서를 연결해 사건의 논리 고리를 완성합니다.,apocalypse_bot/commands/v950_investigation_shelter_raid.py,505,command
사건추리,사건해결 | solvecase | deducecase,social,support,문의·건의·신고·도움,연결된 증거를 바탕으로 사건의 배후를 지목합니다.,apocalypse_bot/commands/v950_investigation_shelter_raid.py,539,command
현상금,현상금목록 | bounty | bounties,world,black_city,BLACK CITY,이번 주 공동 현상금 표적과 추적 진행도를 확인합니다.,apocalypse_bot/commands/v950_investigation_shelter_raid.py,585,command
현상금추적,표적추적 | trackbounty | huntbounty,world,black_city,BLACK CITY,추적·잠복·협상·제압 방식으로 주간 현상금 진행도를 올립니다.,apocalypse_bot/commands/v950_investigation_shelter_raid.py,594,command
현상금보고,현상금보상 | claimbounty | bountyreport,world,black_city,BLACK CITY,완료된 주간 현상금의 개인 기여 보상을 받습니다.,apocalypse_bot/commands/v950_investigation_shelter_raid.py,641,command
현상금기록,표적기록 | bountyhistory | hunthistory,world,black_city,BLACK CITY,개인 현상금 완료 기록을 확인합니다.,apocalypse_bot/commands/v950_investigation_shelter_raid.py,679,command
대피소,개인대피소 | shelter | myshelter,world,city_decor,도시 꾸미기·공방,개인 대피소의 테마·장식·전시품을 확인합니다.,apocalypse_bot/commands/v950_investigation_shelter_raid.py,702,command
대피소꾸미기,대피소테마 | decorateshelter | sheltertheme,main,base,기지·대피소·세계 진행,개인 대피소 테마를 변경합니다.,apocalypse_bot/commands/v950_investigation_shelter_raid.py,708,command
장식목록,대피소장식 | decorations | decorationlist,world,city_decor,도시 꾸미기·공방,제작 가능한 개인 대피소 장식과 비용을 확인합니다.,apocalypse_bot/commands/v950_investigation_shelter_raid.py,721,command
장식제작,대피소장식제작 | craftdecoration | builddecoration,world,city_decor,도시 꾸미기·공방,재료를 사용해 개인 대피소 장식을 제작합니다.,apocalypse_bot/commands/v950_investigation_shelter_raid.py,726,command
전시실,트로피실 | showcase | trophyroom,play,collections,수집·꾸미기·보상,보유 트로피와 현재 전시 중인 수집품을 확인합니다.,apocalypse_bot/commands/v950_investigation_shelter_raid.py,753,command
트로피전시,전시등록 | displaytrophy | showtrophy,play,collections,수집·꾸미기·보상,보유한 트로피를 개인 대피소 전시실에 올립니다.,apocalypse_bot/commands/v950_investigation_shelter_raid.py,761,command
대피소방문,대피소구경 | visitshelter | viewshelter,main,base,기지·대피소·세계 진행,다른 생존자의 개인 대피소를 방문합니다.,apocalypse_bot/commands/v950_investigation_shelter_raid.py,782,command
대피소좋아요,대피소추천 | likeshelter | shelterlike,main,base,기지·대피소·세계 진행,다른 생존자의 개인 대피소에 좋아요를 남깁니다.,apocalypse_bot/commands/v950_investigation_shelter_raid.py,796,command
수사레이드,협동수사 | investigationraid | caseraid,social,guild,길드·파티·연합,현재 협동 수사 레이드 모집·진행·완료 상태를 확인합니다.,apocalypse_bot/commands/v950_investigation_shelter_raid.py,881,command
수사레이드모집,수사대모집 | openinvestigationraid | openraidcase,social,guild,길드·파티·연합,협동 수사 레이드 모집을 시작합니다.,apocalypse_bot/commands/v950_investigation_shelter_raid.py,893,command
수사레이드참가,수사대참가 | joininvestigationraid | joincaseraid,play,combat,전투·보스·던전,현장수사·기술분석·현장경계·교섭 역할로 참가합니다.,apocalypse_bot/commands/v950_investigation_shelter_raid.py,910,command
수사레이드출발,수사대출발 | startinvestigationraid | startcaseraid,play,combat,전투·보스·던전,모집자가 2명 이상의 수사 레이드를 출발시킵니다.,apocalypse_bot/commands/v950_investigation_shelter_raid.py,932,command
수사레이드행동,수사대행동 | investigationaction | raidinvestigate,play,combat,전투·보스·던전,수색·분석·확보·교차검증 행동으로 공동 진행도를 올립니다.,apocalypse_bot/commands/v950_investigation_shelter_raid.py,953,command
수사레이드정산,수사대정산 | settleinvestigationraid | settlecaseraid,social,guild,길드·파티·연합,완료된 협동 수사 레이드를 한 번만 정산합니다.,apocalypse_bot/commands/v950_investigation_shelter_raid.py,971,command
수사레이드보상,수사대보상 | claiminvestigationraid | claimcaseraid,social,guild,길드·파티·연합,정산된 협동 수사 레이드의 개인 기여 보상을 받습니다.,apocalypse_bot/commands/v950_investigation_shelter_raid.py,994,command
수사레이드기록,수사대기록 | investigationraidhistory | caseraidhistory,social,guild,길드·파티·연합,현재 서버의 최근 협동 수사 레이드 기록을 확인합니다.,apocalypse_bot/commands/v950_investigation_shelter_raid.py,1026,command
950안정화검수,95검수 | v950audit | investigationaudit,play,combat,전투·보스·던전,v9.5 수사·대피소·레이드·영문 명령 연결을 읽기 전용 검사합니다.,apocalypse_bot/commands/v950_investigation_shelter_raid.py,1034,command
지역목록,,main,exploration,생존 탐험·원정·사건,,apocalypse_bot/commands/world_exploration.py,85,command
지역정보,,main,exploration,생존 탐험·원정·사건,,apocalypse_bot/commands/world_exploration.py,98,command
지역이동,,main,exploration,생존 탐험·원정·사건,,apocalypse_bot/commands/world_exploration.py,118,command
좀비도감,,main,exploration,생존 탐험·원정·사건,,apocalypse_bot/commands/world_exploration.py,137,command
지역탐색,,main,exploration,생존 탐험·원정·사건,,apocalypse_bot/commands/world_exploration.py,153,command
가입,,main,onboarding,가입·프로필·초보 안내,,apocalypse_bot/core/bot.py,1889,command
명령어,,system,help,명령어·언어·접근성,,apocalypse_bot/core/bot.py,2369,command
처음,초보 | 초보가이드 | 시작가이드,main,onboarding,가입·프로필·초보 안내,처음 시작하는 생존자를 위한 5단계 가이드를 엽니다.,apocalypse_bot/core/bot.py,2378,command
정보,,main,onboarding,가입·프로필·초보 안내,,apocalypse_bot/core/bot.py,2382,command
지갑,,play,economy,경제·거래·사업,,apocalypse_bot/core/bot.py,2419,command
송금,,play,economy,경제·거래·사업,,apocalypse_bot/core/bot.py,2428,command
출석,,main,quests,퀘스트·성장·업적,,apocalypse_bot/core/bot.py,2462,command
출석보상,,main,quests,퀘스트·성장·업적,,apocalypse_bot/core/bot.py,2512,command
돈주세요,,play,economy,경제·거래·사업,,apocalypse_bot/core/bot.py,2549,command
훈련,,social,companions,동료·펫·육성,,apocalypse_bot/core/bot.py,2652,command
상점,,play,gear,상점·장비·강화·제작,,apocalypse_bot/core/bot.py,2677,command
장비목록,,play,gear,상점·장비·강화·제작,,apocalypse_bot/core/bot.py,2694,command
구매,,play,gear,상점·장비·강화·제작,,apocalypse_bot/core/bot.py,2710,command
인벤토리,,play,gear,상점·장비·강화·제작,,apocalypse_bot/core/bot.py,2756,command
장비,,play,gear,상점·장비·강화·제작,,apocalypse_bot/core/bot.py,2786,command
장착,,play,gear,상점·장비·강화·제작,,apocalypse_bot/core/bot.py,2825,command
해제,,play,gear,상점·장비·강화·제작,,apocalypse_bot/core/bot.py,2855,command
버리기,,play,gear,상점·장비·강화·제작,,apocalypse_bot/core/bot.py,2877,command
감정,,play,gear,상점·장비·강화·제작,,apocalypse_bot/core/bot.py,2897,command
강화,,play,gear,상점·장비·강화·제작,,apocalypse_bot/core/bot.py,2940,command
재료,,play,gear,상점·장비·강화·제작,,apocalypse_bot/core/bot.py,2995,command
제작목록,,play,gear,상점·장비·강화·제작,,apocalypse_bot/core/bot.py,3008,command
제작,,play,gear,상점·장비·강화·제작,,apocalypse_bot/core/bot.py,3021,command
펫상점,,play,gear,상점·장비·강화·제작,구매 가능한 펫과 고유 능력을 확인합니다.,apocalypse_bot/core/bot.py,3471,command
펫구매,,play,gear,상점·장비·강화·제작,새 펫을 구매해 컬렉션에 추가합니다.,apocalypse_bot/core/bot.py,3476,command
펫정보,,social,companions,동료·펫·육성,현재 동행 중이거나 보유한 펫의 정보를 확인합니다.,apocalypse_bot/core/bot.py,3481,command
펫훈련,,social,companions,동료·펫·육성,현재 동행 중인 펫을 한 단계 훈련합니다.,apocalypse_bot/core/bot.py,3486,command
펫목록,,social,companions,동료·펫·육성,,apocalypse_bot/core/bot.py,3492,command
펫장착,,play,gear,상점·장비·강화·제작,,apocalypse_bot/core/bot.py,3497,command
펫먹이,,social,companions,동료·펫·육성,,apocalypse_bot/core/bot.py,3502,command
펫모험,,social,companions,동료·펫·육성,,apocalypse_bot/core/bot.py,3507,command
펫진화,,social,companions,동료·펫·육성,,apocalypse_bot/core/bot.py,3512,command
펫,,social,companions,동료·펫·육성,펫 동료를 수집하고 성장시킵니다.,apocalypse_bot/core/bot.py,3517,group
상점,,play,gear,상점·장비·강화·제작,구매 가능한 펫과 고유 능력을 확인합니다.,apocalypse_bot/core/bot.py,3522,command
구매,,play,gear,상점·장비·강화·제작,새 펫을 구매해 컬렉션에 추가합니다.,apocalypse_bot/core/bot.py,3527,command
목록,,social,companions,동료·펫·육성,보유한 모든 펫과 성장 상태를 확인합니다.,apocalypse_bot/core/bot.py,3532,command
장착,,play,gear,상점·장비·강화·제작,보유한 펫을 동행 펫으로 교체합니다.,apocalypse_bot/core/bot.py,3537,command
훈련,,social,companions,동료·펫·육성,현재 동행 중인 펫을 한 단계 훈련합니다.,apocalypse_bot/core/bot.py,3542,command
먹이,,social,companions,동료·펫·육성,펫에게 먹이를 주어 친밀도와 경험치를 올립니다.,apocalypse_bot/core/bot.py,3547,command
모험,,play,gear,상점·장비·강화·제작,펫을 모험에 보내 식량과 재료를 획득합니다.,apocalypse_bot/core/bot.py,3552,command
진화,,social,companions,동료·펫·육성,레벨과 친밀도 조건을 충족한 펫을 진화시킵니다.,apocalypse_bot/core/bot.py,3557,command
괴물목록,,play,combat,전투·보스·던전,,apocalypse_bot/core/bot.py,3565,command
던전,,play,combat,전투·보스·던전,,apocalypse_bot/core/bot.py,3584,command
레이드,,play,combat,전투·보스·던전,,apocalypse_bot/core/bot.py,3772,command
레이드공격,,play,combat,전투·보스·던전,,apocalypse_bot/core/bot.py,3786,command
월드보스,보스현황,play,combat,전투·보스·던전,,apocalypse_bot/core/bot.py,3887,command
보스랭킹,월드보스랭킹,main,codex,도감·연대기·진행 확인,,apocalypse_bot/core/bot.py,3910,command
월드보스공격,보스공격,play,combat,전투·보스·던전,,apocalypse_bot/core/bot.py,3924,command
월드보스리셋,월드보스소환,play,combat,전투·보스·던전,,apocalypse_bot/core/bot.py,4040,command
월드보스체력,,play,combat,전투·보스·던전,,apocalypse_bot/core/bot.py,4050,command
월드보스종료,,play,combat,전투·보스·던전,,apocalypse_bot/core/bot.py,4066,command
일일퀘스트,,main,quests,퀘스트·성장·업적,,apocalypse_bot/core/bot.py,4082,command
퀘스트보상,,main,quests,퀘스트·성장·업적,,apocalypse_bot/core/bot.py,4101,command
업적,,main,quests,퀘스트·성장·업적,,apocalypse_bot/core/bot.py,4124,command
칭호목록,,play,collections,수집·꾸미기·보상,,apocalypse_bot/core/bot.py,4145,command
칭호,,play,collections,수집·꾸미기·보상,,apocalypse_bot/core/bot.py,4157,command
랭킹,,main,codex,도감·연대기·진행 확인,,apocalypse_bot/core/bot.py,4176,command
가방조회,,main,codex,도감·연대기·진행 확인,,apocalypse_bot/core/bot.py,4347,command
식량지급,,play,economy,경제·거래·사업,,apocalypse_bot/core/bot.py,4367,command
식량회수,,play,economy,경제·거래·사업,,apocalypse_bot/core/bot.py,4388,command
채집,,play,life,생활·채집·파밍,,apocalypse_bot/core/bot.py,4547,command
낚시,,play,life,생활·채집·파밍,,apocalypse_bot/core/bot.py,4553,command
벌목,,play,life,생활·채집·파밍,,apocalypse_bot/core/bot.py,4559,command
광산,,play,life,생활·채집·파밍,,apocalypse_bot/core/bot.py,4565,command
자원,,play,economy,경제·거래·사업,,apocalypse_bot/core/bot.py,4570,command
기지,,main,base,기지·대피소·세계 진행,,apocalypse_bot/core/bot.py,4639,command
기지건설,,main,base,기지·대피소·세계 진행,,apocalypse_bot/core/bot.py,4677,command
기지강화,,play,gear,상점·장비·강화·제작,,apocalypse_bot/core/bot.py,4724,command
기지수확,,main,base,기지·대피소·세계 진행,,apocalypse_bot/core/bot.py,4803,command
길드목록,,social,guild,길드·파티·연합,,apocalypse_bot/core/bot.py,4864,command
길드생성,,social,guild,길드·파티·연합,,apocalypse_bot/core/bot.py,4869,command
길드가입,,social,guild,길드·파티·연합,,apocalypse_bot/core/bot.py,4883,command
길드정보,,social,guild,길드·파티·연합,,apocalypse_bot/core/bot.py,4895,command
길드기부,,social,guild,길드·파티·연합,,apocalypse_bot/core/bot.py,4906,command
길드강화,,social,guild,길드·파티·연합,,apocalypse_bot/core/bot.py,4918,command
길드탈퇴,,social,guild,길드·파티·연합,,apocalypse_bot/core/bot.py,4929,command
거래소,,play,economy,경제·거래·사업,,apocalypse_bot/core/bot.py,4943,command
판매,,play,economy,경제·거래·사업,,apocalypse_bot/core/bot.py,4967,command
구매등록번호,,play,gear,상점·장비·강화·제작,,apocalypse_bot/core/bot.py,5000,command
판매취소,,play,economy,경제·거래·사업,,apocalypse_bot/core/bot.py,5042,command
파티생성,,social,guild,길드·파티·연합,,apocalypse_bot/core/bot.py,5078,command
파티가입,,social,guild,길드·파티·연합,,apocalypse_bot/core/bot.py,5091,command
파티정보,,social,guild,길드·파티·연합,,apocalypse_bot/core/bot.py,5110,command
파티사냥,,social,guild,길드·파티·연합,,apocalypse_bot/core/bot.py,5126,command
파티탈퇴,,social,guild,길드·파티·연합,,apocalypse_bot/core/bot.py,5173,command
pvp,PVP | 피브이피,play,combat,전투·보스·던전,,apocalypse_bot/core/bot.py,5195,command
주간퀘스트,,main,quests,퀘스트·성장·업적,,apocalypse_bot/core/bot.py,5244,command
주간보상,,main,quests,퀘스트·성장·업적,,apocalypse_bot/core/bot.py,5260,command
시즌패스,,main,quests,퀘스트·성장·업적,,apocalypse_bot/core/bot.py,5283,command
시즌보상,,main,quests,퀘스트·성장·업적,,apocalypse_bot/core/bot.py,5308,command
