name,aliases,help,source,line,kind,section,group
관리자명령어,,,apocalypse_bot/commands/admin_tools.py,95,command,system,admin
아이템목록,,,apocalypse_bot/commands/admin_tools.py,119,command,system,admin
아이템검색,,,apocalypse_bot/commands/admin_tools.py,135,command,system,admin
아이템지급,,,apocalypse_bot/commands/admin_tools.py,162,command,system,admin
아이템회수,,,apocalypse_bot/commands/admin_tools.py,179,command,system,admin
경험치지급,,,apocalypse_bot/commands/admin_tools.py,199,command,system,admin
레벨설정,,,apocalypse_bot/commands/admin_tools.py,211,command,system,admin
직업설정,,,apocalypse_bot/commands/admin_tools.py,225,command,system,admin
펫설정,,,apocalypse_bot/commands/admin_tools.py,238,command,system,admin
칭호지급,,,apocalypse_bot/commands/admin_tools.py,278,command,system,admin
체력설정,,,apocalypse_bot/commands/admin_tools.py,293,command,system,admin
스태미나설정,,,apocalypse_bot/commands/admin_tools.py,303,command,system,admin
감염도설정,,,apocalypse_bot/commands/admin_tools.py,313,command,system,admin
상태이상제거,,,apocalypse_bot/commands/admin_tools.py,327,command,system,admin
관리자지역이동,,,apocalypse_bot/commands/admin_tools.py,339,command,system,admin
유저정보,,,apocalypse_bot/commands/admin_tools.py,355,command,system,admin
의약품,,,apocalypse_bot/commands/conditions.py,157,command,play,gear
약품구매,,,apocalypse_bot/commands/conditions.py,169,command,play,gear
사용,,,apocalypse_bot/commands/conditions.py,187,command,play,gear
병원,,,apocalypse_bot/commands/conditions.py,235,command,play,gear
오늘의퀴즈,일일퀴즈,,apocalypse_bot/commands/daily_quiz.py,99,command,play,party_games
정답,,,apocalypse_bot/commands/daily_quiz.py,116,command,play,party_games
퀴즈랭킹,,,apocalypse_bot/commands/daily_quiz.py,160,command,play,party_games
퀴즈추가,,,apocalypse_bot/commands/daily_quiz.py,183,command,play,party_games
퀴즈삭제,,,apocalypse_bot/commands/daily_quiz.py,197,command,play,party_games
퀴즈목록,,,apocalypse_bot/commands/daily_quiz.py,209,command,play,party_games
직업목록,,,apocalypse_bot/commands/jobs.py,9,command,main,onboarding
직업선택,,,apocalypse_bot/commands/jobs.py,21,command,main,onboarding
직업정보,,,apocalypse_bot/commands/jobs.py,46,command,main,onboarding
직업변경,,,apocalypse_bot/commands/jobs.py,68,command,main,onboarding
상태,,,apocalypse_bot/commands/status.py,112,command,system,server_setup
휴식,,,apocalypse_bot/commands/status.py,144,command,main,onboarding
언어,language | lang,개인 게임 화면의 표시 언어를 한국어 또는 영어로 설정합니다.,apocalypse_bot/commands/v1000_global_survivor.py,1073,command,main,onboarding
서버언어,serverlanguage | serverlang,공개 공동 패널과 자동 방송의 서버 기본 언어를 설정합니다.,apocalypse_bot/commands/v1000_global_survivor.py,1090,command,main,onboarding
할일,tasks | missiontracker | 임무추적 | trackmission,현재 진행 중인 콘텐츠와 미수령 보상을 추적합니다.,apocalypse_bot/commands/v1000_global_survivor.py,1105,command,main,onboarding
생존도감,survivalcodex | codex,지역·세력·인카운트·사건·트로피를 통합한 생존 도감을 엽니다.,apocalypse_bot/commands/v1000_global_survivor.py,1139,command,main,onboarding
아이템도감,itemcodex,주요 재료·장비·수집품 도감을 확인합니다.,apocalypse_bot/commands/v1000_global_survivor.py,1166,command,main,onboarding
인물도감,charactercodex | npccodex,만날 수 있는 주요 우호 인물과 관계 단계를 확인합니다.,apocalypse_bot/commands/v1000_global_survivor.py,1181,command,main,onboarding
지역도감,regioncodex,서버 공동 탐험 지역과 현재 상태를 확인합니다.,apocalypse_bot/commands/v1000_global_survivor.py,1195,command,main,onboarding
시작안내,gettingstarted | startguide,신규 생존자의 첫 플레이 순서를 안내합니다.,apocalypse_bot/commands/v1000_global_survivor.py,1206,command,main,onboarding
복귀안내,returningguide | returnguide,마지막 확인 버전 이후 추가된 주요 기능을 안내합니다.,apocalypse_bot/commands/v1000_global_survivor.py,1215,command,main,onboarding
인연,relationships | bonds,주요 NPC가 기억하는 개인 관계 기록을 확인합니다.,apocalypse_bot/commands/v1000_global_survivor.py,1231,command,main,onboarding
인물기록,characterrecord | npcrecord,특정 NPC와 쌓은 관계와 기억을 확인합니다.,apocalypse_bot/commands/v1000_global_survivor.py,1245,command,main,onboarding
탐사작전,expeditionoperation | globalexpedition,이번 주 서버 공동 글로벌 탐사 작전을 확인합니다.,apocalypse_bot/commands/v1000_global_survivor.py,1277,command,main,exploration
탐사참가,joinexpedition | expeditionjoin,정찰·의무·기술·경계 역할로 주간 탐사에 참가합니다.,apocalypse_bot/commands/v1000_global_survivor.py,1296,command,main,exploration
탐사행동,expeditionaction | globalexpeditionaction,신호분석·구조·복구·확보 행동으로 공동 진행도를 올립니다.,apocalypse_bot/commands/v1000_global_survivor.py,1325,command,main,exploration
탐사정산,settleexpedition | expeditionsettle,완료된 주간 글로벌 탐사 작전을 한 번만 정산합니다.,apocalypse_bot/commands/v1000_global_survivor.py,1404,command,main,exploration
탐사보상,claimexpedition | expeditionreward,정산된 글로벌 탐사 작전의 개인 기여 보상을 받습니다.,apocalypse_bot/commands/v1000_global_survivor.py,1457,command,main,exploration
탐사기록,expeditionhistory | globalexpeditionhistory,최근 서버 공동 글로벌 탐사 기록을 확인합니다.,apocalypse_bot/commands/v1000_global_survivor.py,1461,command,main,exploration
미수령보상,unclaimedrewards | rewardqueue,현재 감지 가능한 미수령 공동 콘텐츠 보상을 점검합니다.,apocalypse_bot/commands/v1000_global_survivor.py,1512,command,main,onboarding
전체보상수령,claimallrewards | claimall,중복 지급 방지 기록을 확인하며 안전한 미수령 보상을 순서대로 수령합니다.,apocalypse_bot/commands/v1000_global_survivor.py,1525,command,main,onboarding
다국어검수,languageaudit | localizationaudit,선택 언어 단일 출력과 번역 런타임 상태를 검사합니다.,apocalypse_bot/commands/v1000_global_survivor.py,1553,command,main,onboarding
번역누락,missingtranslations | translationfallbacks,희귀 구버전 문구가 사전 번역 대신 안전 대체된 기록을 확인합니다.,apocalypse_bot/commands/v1000_global_survivor.py,1574,command,main,onboarding
명령어검수,commandaudit | commandaliasaudit,전체 prefix 명령의 한글·영문 실행 이름과 충돌을 검사합니다.,apocalypse_bot/commands/v1000_global_survivor.py,1586,command,main,onboarding
1000안정화검수,v1000audit | 1000audit,v10 한·영 현지화·진행 연출·신규 연결 콘텐츠를 읽기 전용 검사합니다.,apocalypse_bot/commands/v1000_global_survivor.py,1614,command,main,onboarding
텍사스홀덤,홀덤 | texasholdem | holdem,,apocalypse_bot/commands/v1010_companion_card_games.py,1002,command,play,casino
오마하홀덤,오마하 | omahaholdem | omaha,,apocalypse_bot/commands/v1010_companion_card_games.py,1006,command,play,casino
세븐카드스터드,세븐포커 | sevencardstud | studpoker,,apocalypse_bot/commands/v1010_companion_card_games.py,1010,command,play,casino
맞고,matgo | koreanmatgo,,apocalypse_bot/commands/v1010_companion_card_games.py,1014,command,play,cards
고스톱,gostop | go-stop,,apocalypse_bot/commands/v1010_companion_card_games.py,1018,command,play,cards
동료,companions | companionlist,,apocalypse_bot/commands/v1010_companion_card_games.py,1022,command,play,cards
동료영입,recruitcompanion | companionrecruit,,apocalypse_bot/commands/v1010_companion_card_games.py,1043,command,play,cards
동료배치,assigncompanion | companionassign,,apocalypse_bot/commands/v1010_companion_card_games.py,1071,command,play,cards
동료대화,talkcompanion | companiontalk,,apocalypse_bot/commands/v1010_companion_card_games.py,1098,command,play,cards
동료임무,companionmission | companionquest,,apocalypse_bot/commands/v1010_companion_card_games.py,1132,command,play,cards
동료기록,companionlog | companionrecord,,apocalypse_bot/commands/v1010_companion_card_games.py,1167,command,play,cards
1010안정화검수,v1010audit | 1010audit | patchaudit,,apocalypse_bot/commands/v1010_companion_card_games.py,1188,command,play,cards
카드게임검수,cardgameaudit | cardsaudit,,apocalypse_bot/commands/v1010_companion_card_games.py,1208,command,play,cards
동료검수,companionaudit,,apocalypse_bot/commands/v1010_companion_card_games.py,1216,command,play,cards
홈페이지검수,websiteaudit | siteaudit,,apocalypse_bot/commands/v1010_companion_card_games.py,1232,command,play,cards
파인애플홀덤,파인애플포커 | pineappleholdem | pineapple,,apocalypse_bot/commands/v1050_unified_expansion.py,1147,command,play,casino
숏덱홀덤,숏덱 | shortdeckholdem | shortdeck,,apocalypse_bot/commands/v1050_unified_expansion.py,1149,command,play,casino
바둑이,badugi,,apocalypse_bot/commands/v1050_unified_expansion.py,1151,command,play,casino
하이로우포커,하이로우카드 | highlowpoker | hilo,,apocalypse_bot/commands/v1050_unified_expansion.py,1153,command,play,casino
인디언포커,indianpoker,,apocalypse_bot/commands/v1050_unified_expansion.py,1155,command,play,casino
카드블랙잭,블랙잭방 | blackjacktable | cardblackjack,,apocalypse_bot/commands/v1050_unified_expansion.py,1157,command,play,casino
카드바카라,바카라방 | baccarattable | cardbaccarat,,apocalypse_bot/commands/v1050_unified_expansion.py,1159,command,play,casino
게임장,게임로비 | gamehall | gamelobby,,apocalypse_bot/commands/v1050_unified_expansion.py,1257,command,play,casino
빠른참가,quickjoin,,apocalypse_bot/commands/v1050_unified_expansion.py,1269,command,play,casino
게임전적,gamestats | gamehistory,,apocalypse_bot/commands/v1050_unified_expansion.py,1283,command,play,casino
게임랭킹,gameranking | gameleaderboard,,apocalypse_bot/commands/v1050_unified_expansion.py,1297,command,play,casino
게임업적,gameachievements,,apocalypse_bot/commands/v1050_unified_expansion.py,1315,command,play,cards
토너먼트개설,createtournament,,apocalypse_bot/commands/v1050_unified_expansion.py,1325,command,play,casino
토너먼트참가,jointournament,,apocalypse_bot/commands/v1050_unified_expansion.py,1342,command,play,casino
토너먼트,tournament,,apocalypse_bot/commands/v1050_unified_expansion.py,1354,command,play,casino
토너먼트시작,starttournament,,apocalypse_bot/commands/v1050_unified_expansion.py,1365,command,play,casino
토너먼트결과,tournamentresult,,apocalypse_bot/commands/v1050_unified_expansion.py,1377,command,play,casino
동료능력,companionabilities,,apocalypse_bot/commands/v1050_unified_expansion.py,1393,command,play,cards
동료훈련,traincompanion,,apocalypse_bot/commands/v1050_unified_expansion.py,1404,command,play,cards
동료원정,companionexpedition,,apocalypse_bot/commands/v1050_unified_expansion.py,1421,command,play,cards
연합창설,createalliance,,apocalypse_bot/commands/v1050_unified_expansion.py,1448,command,play,cards
연합참가,joinalliance,,apocalypse_bot/commands/v1050_unified_expansion.py,1456,command,play,cards
연합,alliance,,apocalypse_bot/commands/v1050_unified_expansion.py,1464,command,play,cards
협동보스소환,summoncoopboss,,apocalypse_bot/commands/v1050_unified_expansion.py,1472,command,play,cards
협동보스,coopboss,,apocalypse_bot/commands/v1050_unified_expansion.py,1482,command,play,cards
협동보스공격,attackcoopboss,,apocalypse_bot/commands/v1050_unified_expansion.py,1486,command,play,cards
무료시즌,freeseason | seasonfree,,apocalypse_bot/commands/v1050_unified_expansion.py,1517,command,main,quests
무료시즌보상,freeseasonrewards | seasonrewards,,apocalypse_bot/commands/v1050_unified_expansion.py,1529,command,main,quests
시즌수집,seasoncollection,,apocalypse_bot/commands/v1050_unified_expansion.py,1543,command,play,cards
화투규칙,hwaturules,,apocalypse_bot/commands/v1050_unified_expansion.py,1557,command,play,cards
화투규칙설정,sethwaturules,,apocalypse_bot/commands/v1050_unified_expansion.py,1565,command,play,cards
1050통합검수,v1050audit | fullaudit,,apocalypse_bot/commands/v1050_unified_expansion.py,1572,command,play,cards
AI참가검수,aiparticipationaudit,,apocalypse_bot/commands/v1050_unified_expansion.py,1590,command,play,cards
섯다,seotda | sutda | seotdagame,,apocalypse_bot/commands/v1060_authentic_card_games.py,1940,command,play,cards
카드게임룰,cardrules | cardgamerules,,apocalypse_bot/commands/v1060_authentic_card_games.py,1943,command,play,cards
게임진행검수,gameplayaudit | cardflowaudit,,apocalypse_bot/commands/v1060_authentic_card_games.py,1952,command,play,cards
훌라,hoola | hula,,apocalypse_bot/commands/v1090_integrated_renewal.py,1432,command,play,cards
라미,rummy,,apocalypse_bot/commands/v1090_integrated_renewal.py,1436,command,play,cards
대통령,president | daifugo,,apocalypse_bot/commands/v1090_integrated_renewal.py,1440,command,play,cards
주사위카드,dicecard | dicecardpoker,,apocalypse_bot/commands/v1090_integrated_renewal.py,1444,command,play,cards
삼봉,sambong,,apocalypse_bot/commands/v1090_integrated_renewal.py,1448,command,play,cards
도리짓고땡,dorijitgottaeng | dori,,apocalypse_bot/commands/v1090_integrated_renewal.py,1452,command,play,cards
민화투,minhwatu,,apocalypse_bot/commands/v1090_integrated_renewal.py,1456,command,play,cards
육백,yukbaek | hwatu600,,apocalypse_bot/commands/v1090_integrated_renewal.py,1460,command,play,cards
블랙잭토너먼트,blackjacktournament | bjtournament,,apocalypse_bot/commands/v1090_integrated_renewal.py,1464,command,play,casino
카드룸,cardroom | cardlobby,,apocalypse_bot/commands/v1090_integrated_renewal.py,1517,command,play,cards
게임방목록,gamelobbies | roomlist,,apocalypse_bot/commands/v1090_integrated_renewal.py,1532,command,play,cards
빠른대전,quickmatch,,apocalypse_bot/commands/v1090_integrated_renewal.py,1536,command,play,cards
재대결,rematch,,apocalypse_bot/commands/v1090_integrated_renewal.py,1544,command,play,cards
관전,spectate,,apocalypse_bot/commands/v1090_integrated_renewal.py,1553,command,play,cards
테이블정보,tableinfo,,apocalypse_bot/commands/v1090_integrated_renewal.py,1568,command,play,cards
관전종료,stopspectating,,apocalypse_bot/commands/v1090_integrated_renewal.py,1572,command,play,cards
최근게임,recentgame,,apocalypse_bot/commands/v1090_integrated_renewal.py,1593,command,play,cards
게임리플레이,gamereplay,,apocalypse_bot/commands/v1090_integrated_renewal.py,1597,command,play,cards
게임기록,gamelog,,apocalypse_bot/commands/v1090_integrated_renewal.py,1601,command,play,cards
아바돈난이도,abaddondifficulty,,apocalypse_bot/commands/v1090_integrated_renewal.py,1605,command,play,cards
아바돈성향,abaddonpersonality,,apocalypse_bot/commands/v1090_integrated_renewal.py,1621,command,play,cards
생존대시보드,survivordashboard | dashboard,,apocalypse_bot/commands/v1090_integrated_renewal.py,1698,command,play,cards
게임대시보드,gamedashboard,,apocalypse_bot/commands/v1090_integrated_renewal.py,1703,command,play,cards
경제대시보드,economydashboard,,apocalypse_bot/commands/v1090_integrated_renewal.py,1707,command,play,cards
세계대시보드,worlddashboard,,apocalypse_bot/commands/v1090_integrated_renewal.py,1711,command,play,cards
지도대시보드,mapdashboard,,apocalypse_bot/commands/v1090_integrated_renewal.py,1715,command,play,cards
동료대시보드,companiondashboard,,apocalypse_bot/commands/v1090_integrated_renewal.py,1719,command,play,cards
연합대시보드,alliancedashboard,,apocalypse_bot/commands/v1090_integrated_renewal.py,1723,command,play,cards
시즌대시보드,seasondashboard,,apocalypse_bot/commands/v1090_integrated_renewal.py,1727,command,play,cards
정보패널,infopanel,,apocalypse_bot/commands/v1090_integrated_renewal.py,1731,command,play,cards
정보리뉴얼현황,inforenewalstatus,,apocalypse_bot/commands/v1090_integrated_renewal.py,1737,command,play,cards
카드리그,cardleague,,apocalypse_bot/commands/v1090_integrated_renewal.py,1763,command,play,collections
주간랭킹,weeklyranking,,apocalypse_bot/commands/v1090_integrated_renewal.py,1773,command,play,cards
명예의전당,halloffame,,apocalypse_bot/commands/v1090_integrated_renewal.py,1777,command,play,collections
대회센터,tournamentcenter,,apocalypse_bot/commands/v1090_integrated_renewal.py,1787,command,play,collections
리그참가,joinleague,,apocalypse_bot/commands/v1090_integrated_renewal.py,1796,command,play,collections
리그기록,leaguerecord,,apocalypse_bot/commands/v1090_integrated_renewal.py,1803,command,play,collections
부채,debt,,apocalypse_bot/commands/v1090_integrated_renewal.py,1815,command,play,cards
채무기록,debthistory,,apocalypse_bot/commands/v1090_integrated_renewal.py,1819,command,play,cards
파산대시보드,bankruptcydashboard,,apocalypse_bot/commands/v1090_integrated_renewal.py,1831,command,play,cards
재기임무,recoverymission,,apocalypse_bot/commands/v1090_integrated_renewal.py,1835,command,play,economy
카드대시보드,carddashboard | cardcatalog | cardgamesdashboard | 카드도감,,apocalypse_bot/commands/v1091_card_dashboard_hotfix.py,269,command,play,cards
경마장,racetrack | horsearena,경주마다 새로 바뀌는 배당과 실시간 경마 규칙을 확인합니다.,apocalypse_bot/commands/v1092_visual_status_horserace.py,540,command,play,gambling
경마전적,horseracestats | racestats,내 실시간 경마 전적과 손익을 확인합니다.,apocalypse_bot/commands/v1092_visual_status_horserace.py,548,command,play,gambling
UI검수,uiaudit | componentaudit | commanduiaudit,Discord 버튼·선택 메뉴·모달과 명령 도감의 최신 안정화 상태를 검사합니다.,apocalypse_bot/commands/v1093_command_ui_audit.py,189,command,system,audit
이미지검수,imageaudit | renderaudit | cardimageaudit,v10.9.4 PNG 글꼴·레이아웃·카드 테이블 연결을 검사합니다.,apocalypse_bot/commands/v1094_image_table_patch.py,63,command,system,audit
리플레이이미지,replayimage | visualreplay,최근 게임 진행 기록을 이미지 타임라인으로 확인합니다.,apocalypse_bot/commands/v1095_gameplay_polish_patch.py,131,command,main,codex
실시간보드,liveboard | gameliveboard | livestatusboard,진행 중인 카드게임과 경마를 이미지 보드로 확인합니다.,apocalypse_bot/commands/v1095_gameplay_polish_patch.py,178,command,play,gambling
연출검수,polishaudit | visualpolishaudit | gamefxaudit,v10.9.5 이미지 연출·복구·리플레이·실시간 보드를 검사합니다.,apocalypse_bot/commands/v1095_gameplay_polish_patch.py,204,command,main,base
게임도시,gamecity | cardcity | gamingcity,카드룸·경마·리그·관전·장부를 한 화면에서 확인합니다.,apocalypse_bot/commands/v1100_game_city_overhaul.py,128,command,play,cards
베팅제한,betlimit | raiselimit,현재 서버의 자유 레이즈 안전 한도를 확인합니다.,apocalypse_bot/commands/v1100_game_city_overhaul.py,140,command,play,cards
베팅제한설정,setbetlimit | setraiselimit,관리자가 서버의 1회 레이즈 안전 한도를 설정합니다.,apocalypse_bot/commands/v1100_game_city_overhaul.py,146,command,play,cards
정산조회,settlement | settlementlookup,번호 또는 정산 ID로 게임 결과와 잔액 이동을 확인합니다.,apocalypse_bot/commands/v1100_game_city_overhaul.py,160,command,play,cards
최근정산,recentsettlement | latestsettlement,가장 최근 게임 정산을 확인합니다.,apocalypse_bot/commands/v1100_game_city_overhaul.py,164,command,play,cards
게임결과,gameresult | matchresult,최근 또는 지정 게임의 승자·손익·현재 잔액을 확인합니다.,apocalypse_bot/commands/v1100_game_city_overhaul.py,168,command,play,cards
셔플검증,shuffleverify | deckverify,종료된 게임의 시작 커밋과 공개값을 다시 계산합니다.,apocalypse_bot/commands/v1100_game_city_overhaul.py,172,command,play,cards
공정성검증,fairnesscheck | fairnessverify,최근 게임의 덱 커밋과 정산 장부를 확인합니다.,apocalypse_bot/commands/v1100_game_city_overhaul.py,181,command,play,cards
게임세션,gamesession | sessionstatus,현재 채널 게임·모집방·미정산 예약 상태를 확인합니다.,apocalypse_bot/commands/v1100_game_city_overhaul.py,185,command,play,cards
게임복구,recovergame | gamerecovery,재시작 복구 상태와 안전 환불 경로를 확인합니다.,apocalypse_bot/commands/v1100_game_city_overhaul.py,192,command,play,cards
화투도감,hwatucatalog | hwatudeck,전통 문양 기반 48장 화투 이미지 도감을 확인합니다.,apocalypse_bot/commands/v1100_game_city_overhaul.py,197,command,play,cards
화투패보기,viewhwatu | hwatuart,ABADDON 화투 이미지 도감을 엽니다.,apocalypse_bot/commands/v1100_game_city_overhaul.py,205,command,play,cards
테이블테마,tabletheme | gametheme,게임 테이블 테마를 확인하거나 선택합니다.,apocalypse_bot/commands/v1100_game_city_overhaul.py,209,command,play,cards
카드스킨,cardskin | cardback,카드 뒷면 스킨을 확인하거나 선택합니다.,apocalypse_bot/commands/v1100_game_city_overhaul.py,221,command,play,cards
내게임장식,mygamecosmetics | mytabledecor,선택한 테이블 테마와 카드 스킨을 확인합니다.,apocalypse_bot/commands/v1100_game_city_overhaul.py,233,command,play,cards
게임도시검수,gamecityaudit | v1100audit,v11.0.0에서 변경한 결과·레이즈·경마·화투·장부만 검사합니다.,apocalypse_bot/commands/v1100_game_city_overhaul.py,258,command,play,cards
챔피언십,championship | abaddonchampionship,현재 시즌 이벤트·리그 점수·챔피언 도전 조건을 확인합니다.,apocalypse_bot/commands/v1140_championship_alliance_casino_story.py,286,command,play,casino
시즌순위,seasonranking | championshipranking,현재 서버의 챔피언십 순위를 확인합니다.,apocalypse_bot/commands/v1140_championship_alliance_casino_story.py,316,command,play,casino
챔피언도전,challengechampion | championchallenge,10LP 이상이면 챔피언 테이블에서 아바돈에게 도전합니다.,apocalypse_bot/commands/v1140_championship_alliance_casino_story.py,326,command,play,casino
대회일정,tournamentschedule | championshipschedule,주간 챔피언십과 시즌 종료 일정을 확인합니다.,apocalypse_bot/commands/v1140_championship_alliance_casino_story.py,349,command,play,casino
NPC딜러,npcdealers | dealerroster,ABADDON 게임도시의 NPC 딜러 6명을 확인합니다.,apocalypse_bot/commands/v1140_championship_alliance_casino_story.py,356,command,play,casino
딜러선택,selectdealer | choosedealer,개인 카지노와 아바돈 대전에 사용할 NPC 딜러를 선택합니다.,apocalypse_bot/commands/v1140_championship_alliance_casino_story.py,364,command,play,casino
시즌사건,seasonevent | weeklyevent,이번 주 챔피언십 특별 규칙을 확인합니다.,apocalypse_bot/commands/v1140_championship_alliance_casino_story.py,383,command,play,casino
연합대항전,alliancewar | alliancechampionship,연합 대항전 상태와 현재 점수를 확인합니다.,apocalypse_bot/commands/v1140_championship_alliance_casino_story.py,388,command,play,casino
연합대항전참가,joinalliancewar | alliancewarjoin,현재 서버 연합을 시즌 대항전에 등록합니다.,apocalypse_bot/commands/v1140_championship_alliance_casino_story.py,397,command,play,casino
연합대항순위,alliancewarranking | allianceranking,전체 서버 연합 대항전 순위를 확인합니다.,apocalypse_bot/commands/v1140_championship_alliance_casino_story.py,411,command,play,casino
연합임무,alliancemissions | alliancewarquests,연합 대항전 주간 임무를 확인합니다.,apocalypse_bot/commands/v1140_championship_alliance_casino_story.py,417,command,play,casino
연합상점,allianceshop | alliancewarshop,연합 대항전에서 해금할 수 있는 장식을 확인합니다.,apocalypse_bot/commands/v1140_championship_alliance_casino_story.py,422,command,play,casino
개인카지노,mycasino | personalcasino,내 전속 딜러·장식·레벨을 이미지 카드로 확인합니다.,apocalypse_bot/commands/v1140_championship_alliance_casino_story.py,427,command,play,casino
카지노꾸미기,decoratecasino | casinodesign,개인 카지노 이름을 변경합니다.,apocalypse_bot/commands/v1140_championship_alliance_casino_story.py,441,command,play,casino
장식상점,decorationshop | casinodecorstore,개인 카지노 장식 목록과 가격을 확인합니다.,apocalypse_bot/commands/v1140_championship_alliance_casino_story.py,450,command,play,casino
장식구매,buydecoration | purchasedecor,칩으로 개인 카지노 장식을 구매합니다.,apocalypse_bot/commands/v1140_championship_alliance_casino_story.py,456,command,play,casino
딜러고용,hiredealer | employdealer,NPC 딜러를 개인 카지노 전속 딜러로 고용합니다.,apocalypse_bot/commands/v1140_championship_alliance_casino_story.py,472,command,play,casino
카지노공개,publishcasino | casinoprivacy,개인 카지노 공개 여부를 설정합니다.,apocalypse_bot/commands/v1140_championship_alliance_casino_story.py,476,command,play,casino
카드캠페인,cardcampaign | storycampaign,ABADDON 스토리형 카드 캠페인 진행 상황을 확인합니다.,apocalypse_bot/commands/v1140_championship_alliance_casino_story.py,484,command,play,casino
캠페인선택,campaignchoice | storychoice,스토리 캠페인의 기본 성향을 선택합니다.,apocalypse_bot/commands/v1140_championship_alliance_casino_story.py,494,command,play,casino
캠페인진행,advancecampaign | campaignadvance,현재 챕터 조건을 검사하고 다음 챕터로 진행합니다.,apocalypse_bot/commands/v1140_championship_alliance_casino_story.py,516,command,play,casino
캠페인보상,campaignreward | storyreward,완료한 캠페인 챕터 보상을 수령합니다.,apocalypse_bot/commands/v1140_championship_alliance_casino_story.py,536,command,play,casino
캠페인기록,campaignlog | storylog,완료 챕터·선택·보상 기록을 확인합니다.,apocalypse_bot/commands/v1140_championship_alliance_casino_story.py,546,command,play,casino
스토리도감,storycodex | campaigncodex,카드 캠페인 전체 챕터 목록을 확인합니다.,apocalypse_bot/commands/v1140_championship_alliance_casino_story.py,553,command,play,casino
1140통합검수,v1140audit | unified1140audit,v11.0.1~v11.4.0에서 추가·수정한 기능만 검사합니다.,apocalypse_bot/commands/v1140_championship_alliance_casino_story.py,615,command,play,casino
경마표시검수,racetrackaudit | horsemarkeraudit | v1141audit,v11.4.1에서 수정한 말 표식과 공통 결승선만 검사합니다.,apocalypse_bot/commands/v1141_horse_marker_hotfix.py,50,command,play,gambling
경마배당검수,raceoddsaudit | dynamicoddsaudit | v1142audit,v11.4.2에서 추가한 경주별 랜덤 배당과 정산 연결만 검사합니다.,apocalypse_bot/commands/v1142_dynamic_horse_odds.py,57,command,play,gambling
재난알림,재난구독 | 비상알림 | disasteralerts | disastersubscribe,서버별 자동 재난 알림 구독 상태를 확인하거나 켜고 끕니다.,apocalypse_bot/commands/v1143_disaster_optin.py,242,command,system,alerts
재난알림해제,재난채널해제 | 비상알림해제 | removedisasteralerts,이 서버의 자동 재난 알림 구독과 지정 채널을 모두 해제합니다.,apocalypse_bot/commands/v1143_disaster_optin.py,250,command,system,alerts
재난알림검수,disasteralertaudit | disasternotificationaudit | v1143audit,v11.4.3 서버별 재난 알림 구독 변경만 검사합니다.,apocalypse_bot/commands/v1143_disaster_optin.py,268,command,system,alerts
서버운영,서버운영센터 | serveroperations | serverops,서버별 알림·채널·봇 권한·복구 상태를 한 화면에서 확인합니다.,apocalypse_bot/commands/v1150_server_operations_permissions.py,623,command,system,security
서버알림,운영알림설정 | 서버알림설정 | serveralerts | alertsubscriptions,서버별 자동 알림 종류·채널·상태를 설정합니다.,apocalypse_bot/commands/v1150_server_operations_permissions.py,673,command,system,security
알림채널,운영채널설정 | serveralertchannel | alertchannel,알림 종류별 전용 채널을 지정합니다.,apocalypse_bot/commands/v1150_server_operations_permissions.py,717,command,system,security
알림멘션,서버알림멘션 | alertmention,알림 종류에 사용할 역할 멘션을 설정하거나 해제합니다.,apocalypse_bot/commands/v1150_server_operations_permissions.py,736,command,system,security
알림시간,조용한시간 | alerthours | quiethours,자동 알림이 게시될 시간을 설정합니다. 시간 밖에는 연동 알림을 일시 정지합니다.,apocalypse_bot/commands/v1150_server_operations_permissions.py,755,command,system,security
알림시간해제,조용한시간해제 | disablealerthours,시간 제한 없이 구독 알림을 게시합니다.,apocalypse_bot/commands/v1150_server_operations_permissions.py,774,command,system,security
알림요약,alertdigest,운영센터 자체 경고의 요약 표시 설정을 켜거나 끕니다.,apocalypse_bot/commands/v1150_server_operations_permissions.py,785,command,system,security
알림테스트,serveralerttest | testalert,실제 이벤트를 만들지 않고 지정 알림 채널에 미리보기를 보냅니다.,apocalypse_bot/commands/v1150_server_operations_permissions.py,799,command,system,security
서버봇목록,봇목록 | serverbots | botinventory,서버에 참가한 봇과 강한 관리 권한을 확인합니다.,apocalypse_bot/commands/v1150_server_operations_permissions.py,836,command,system,security
서버봇권한검수,봇권한점검 | serverbotaudit | botpermissionaudit,서버의 모든 봇이 접근 가능한 채널과 위험 권한을 요약합니다.,apocalypse_bot/commands/v1150_server_operations_permissions.py,854,command,system,security
권한백업,봇권한백업 | permissionbackup,현재 채널의 모든 봇 권한 덮어쓰기를 복구 지점으로 저장합니다.,apocalypse_bot/commands/v1150_server_operations_permissions.py,904,command,system,security
봇권한적용,권한프로필적용 | applybotpermissions,선택한 봇에 채널 권한 프로필을 적용합니다. 적용 전 자동 백업합니다.,apocalypse_bot/commands/v1150_server_operations_permissions.py,918,command,system,security
권한자동설정,채널권한자동설정 | autopermissions | autoconfigurepermissions,채널 이름과 종류에 따라 ABADDON 권한 프로필을 미리보기 또는 적용합니다.,apocalypse_bot/commands/v1150_server_operations_permissions.py,959,command,system,security
권한복구,봇권한복구 | restorepermissions | permissionrollback,권한 적용 전에 생성된 복구 ID로 채널 덮어쓰기를 되돌립니다.,apocalypse_bot/commands/v1150_server_operations_permissions.py,1005,command,system,security
권한변경내역,권한복구목록 | permissionhistory,최근 권한 백업과 복구 ID를 확인합니다.,apocalypse_bot/commands/v1150_server_operations_permissions.py,1035,command,system,security
서버설정백업,운영설정백업 | serversettingsbackup,서버 알림·시간·채널 설정을 복구 지점으로 저장합니다.,apocalypse_bot/commands/v1150_server_operations_permissions.py,1046,command,system,security
서버설정복구,운영설정복구 | restoreserversettings,서버 운영 설정 백업을 복구합니다.,apocalypse_bot/commands/v1150_server_operations_permissions.py,1063,command,system,security
서버설정복구목록,serversettingshistory,최근 서버 설정 백업 ID를 확인합니다.,apocalypse_bot/commands/v1150_server_operations_permissions.py,1096,command,system,security
서버설정검수,운영설정검수 | serverconfigaudit | v1150audit,v11.5.0 알림·권한·백업 변경만 검사합니다.,apocalypse_bot/commands/v1150_server_operations_permissions.py,1105,command,system,security
알림UI검수,알림설정UI검수 | alertuiaudit | alertsettingsaudit,v11.5.1 드롭다운 알림 설정 UI만 검사합니다.,apocalypse_bot/commands/v1151_alert_settings_ui.py,601,command,system,alerts
화투패검수,전통화투검수 | traditionalhwatuaudit | hwatuassetaudit,v11.5.2 전통 문양 화투 48장과 화투 게임 연결만 검사합니다.,apocalypse_bot/commands/v1152_traditional_hwatu_refresh.py,47,command,play,cards
게임복구목록,recoverylist | gamesessionlist,현재 서버의 활성·중단·일시정지 게임 체크포인트를 확인합니다.,apocalypse_bot/commands/v1160_game_recovery_validation.py,629,command,system,recovery
게임재개,resumegame | continuegame,일시정지 게임을 재개하거나 저장된 게임을 복구합니다.,apocalypse_bot/commands/v1160_game_recovery_validation.py,676,command,system,recovery
게임강제환불,forcegamerefund | sessionrefund,관리자가 중단 게임의 실제 납부액을 한 번만 환불합니다.,apocalypse_bot/commands/v1160_game_recovery_validation.py,697,command,system,recovery
잠수규칙,afkrules | timeoutpolicy,현재 서버의 턴 시간 초과 처리 방식을 확인합니다.,apocalypse_bot/commands/v1160_game_recovery_validation.py,704,command,system,recovery
잠수규칙설정,setafkrules | settimeoutpolicy,턴 시간 초과 처리 방식을 설정합니다.,apocalypse_bot/commands/v1160_game_recovery_validation.py,712,command,system,recovery
턴시간설정,setturntime | turntimeout,게임 턴 제한시간을 20~600초로 설정합니다.,apocalypse_bot/commands/v1160_game_recovery_validation.py,725,command,system,recovery
판정요청,게임신고 | rulingrequest | reportgame,현재 또는 최근 게임의 공개 로그·정산 검토를 요청합니다.,apocalypse_bot/commands/v1160_game_recovery_validation.py,734,command,system,recovery
판정로그,rulinglog | gamerulinglog,판정 요청과 연결된 공개 게임 상태를 확인합니다.,apocalypse_bot/commands/v1160_game_recovery_validation.py,754,command,system,recovery
실전게임검수,livegameaudit | recoveryaudit,v11.6.0에서 변경한 복구·종료·잠수·화투 검증만 검사합니다.,apocalypse_bot/commands/v1160_game_recovery_validation.py,790,command,system,recovery
일정,일정센터 | schedule | schedulecenter,서버의 오늘·이번 주 이벤트를 이미지 달력으로 확인합니다.,apocalypse_bot/commands/v1190_event_broadcast_collection.py,540,command,social,schedule
이벤트달력,eventcalendar | servercalendar,서버 이벤트 달력을 확인합니다.,apocalypse_bot/commands/v1190_event_broadcast_collection.py,543,command,play,collections
오늘일정,todayschedule | todayevents,오늘 남은 서버 일정을 확인합니다.,apocalypse_bot/commands/v1190_event_broadcast_collection.py,546,command,social,schedule
이번주일정,weekschedule | weekevents,앞으로 7일 일정을 확인합니다.,apocalypse_bot/commands/v1190_event_broadcast_collection.py,551,command,social,schedule
일정등록,addevent | createevent,관리자가 서버 일정을 등록합니다. `!일정등록 YYYY-MM-DD HH:MM 종류 제목`,apocalypse_bot/commands/v1190_event_broadcast_collection.py,555,command,social,schedule
일정삭제,deleteevent | removeevent,관리자가 등록한 서버 일정을 삭제합니다.,apocalypse_bot/commands/v1190_event_broadcast_collection.py,568,command,social,schedule
게임예약,reservegame | gamebooking,게임 일정을 예약합니다. `!게임예약 텍사스홀덤 2026-08-05 21:00 10000 아바돈허용`,apocalypse_bot/commands/v1190_event_broadcast_collection.py,574,command,play,casino
예약참가,joinreservation | joinbooking,예약된 게임에 참가합니다.,apocalypse_bot/commands/v1190_event_broadcast_collection.py,585,command,social,schedule
예약취소,cancelreservation | cancelbooking,내 게임 예약 참가를 취소하거나 방장이 예약을 취소합니다.,apocalypse_bot/commands/v1190_event_broadcast_collection.py,594,command,social,schedule
예약목록,reservationlist | gamebookings,서버의 예정 게임 예약을 확인합니다.,apocalypse_bot/commands/v1190_event_broadcast_collection.py,605,command,social,schedule
중계,경기중계 | broadcast | livebroadcast,현재 채널의 카드게임 또는 서버의 진행 중 경마를 공개 정보만으로 실시간 중계합니다.,apocalypse_bot/commands/v1190_event_broadcast_collection.py,610,command,social,schedule
중계종료,stopbroadcast | endbroadcast,현재 채널의 자동 경기 중계를 종료합니다.,apocalypse_bot/commands/v1190_event_broadcast_collection.py,619,command,social,schedule
결승중계,finalbroadcast | finalscast,최근 또는 지정 정산을 결승 결과 카드로 표시합니다.,apocalypse_bot/commands/v1190_event_broadcast_collection.py,623,command,social,schedule
중계응원,cheermatch | broadcastcheer,현재 경기 중계에 응원 수를 추가합니다. 결과에는 영향을 주지 않습니다.,apocalypse_bot/commands/v1190_event_broadcast_collection.py,629,command,social,schedule
중계설정,broadcastsettings | castsettings,관리자가 중계 갱신 간격과 해설을 설정합니다.,apocalypse_bot/commands/v1190_event_broadcast_collection.py,634,command,social,schedule
업적센터,achievementcenter | gameachievementscenter,게임 업적과 수집 진행도를 이미지 카드로 확인합니다.,apocalypse_bot/commands/v1190_event_broadcast_collection.py,638,command,play,collections
업적도감,achievementcatalog | achievementbook,전체 게임 업적 조건과 해금 상태를 확인합니다.,apocalypse_bot/commands/v1190_event_broadcast_collection.py,646,command,play,collections
수집도감,collectioncatalog | collectionbook,화투·포커 족보·경마 우승마·딜러·장식 수집을 확인합니다.,apocalypse_bot/commands/v1190_event_broadcast_collection.py,649,command,play,casino
화투수집,hwatucollection | hwatucodex,수집한 화투 월과 48장 도감 진행도를 확인합니다.,apocalypse_bot/commands/v1190_event_broadcast_collection.py,659,command,play,collections
포커족보도감,pokerhandcatalog | pokerhandbook,발견한 포커 족보를 확인합니다.,apocalypse_bot/commands/v1190_event_broadcast_collection.py,665,command,play,casino
경마우승마도감,winninghorsecatalog | horsewinnerbook,내가 적중한 경마 우승마를 확인합니다.,apocalypse_bot/commands/v1190_event_broadcast_collection.py,672,command,play,collections
딜러친밀도,dealeraffinity | dealerbond,NPC 딜러 6명의 친밀도를 확인합니다.,apocalypse_bot/commands/v1190_event_broadcast_collection.py,677,command,play,collections
장식도감,decorationcatalog | decorbook,개인 카지노 장식 수집 현황을 확인합니다.,apocalypse_bot/commands/v1190_event_broadcast_collection.py,684,command,play,casino
업적전시,achievementdisplay | showcaseachievements,프로필에 전시할 업적을 최대 3개 선택합니다.,apocalypse_bot/commands/v1190_event_broadcast_collection.py,691,command,play,collections
1190통합검수,v1190audit | eventbroadcastcollectionaudit,v11.7~v11.9 통합 기능을 검사합니다.,apocalypse_bot/commands/v1190_event_broadcast_collection.py,721,command,play,collections
혼돈축제,재미기능 | chaosfestival | funhub,v12.2.0 재미 기능 전체 메뉴를 엽니다.,apocalypse_bot/commands/v1220_chaos_festival_complete.py,562,command,play,party_games
돌발이벤트,chaosevent | randomevent,현재 돌발 이벤트를 확인하거나 관리자가 즉시 시작합니다.,apocalypse_bot/commands/v1220_chaos_festival_complete.py,569,command,play,party_games
이벤트참가,joinevent | eventaction,진행 중인 돌발 이벤트에 참가합니다.,apocalypse_bot/commands/v1220_chaos_festival_complete.py,617,command,play,party_games
이벤트순위,eventranking | chaosranking,서버 돌발 이벤트 순위를 확인합니다.,apocalypse_bot/commands/v1220_chaos_festival_complete.py,623,command,play,party_games
이벤트설정,eventsettings | chaossettings,돌발 이벤트 자동 출현 채널과 빈도를 설정합니다.,apocalypse_bot/commands/v1220_chaos_festival_complete.py,640,command,play,party_games
파티게임,partygames | partyhub,폭탄·마피아·라이어·그림자·생존·심리전 메뉴를 엽니다.,apocalypse_bot/commands/v1220_chaos_festival_complete.py,682,command,play,party_games
폭탄돌리기,hotpotato | bombgame,폭탄 돌리기 로비를 엽니다.,apocalypse_bot/commands/v1220_chaos_festival_complete.py,692,command,play,party_games
폭탄참가,joinbomb | joinhotpotato,진행 중인 폭탄 돌리기에 참가합니다.,apocalypse_bot/commands/v1220_chaos_festival_complete.py,710,command,play,party_games
폭탄넘기기,passbomb | throwbomb,내가 가진 폭탄을 참가자에게 넘깁니다.,apocalypse_bot/commands/v1220_chaos_festival_complete.py,724,command,play,party_games
마피아,mafia | werewolf,마피아 게임 로비를 엽니다.,apocalypse_bot/commands/v1220_chaos_festival_complete.py,743,command,play,party_games
마피아참가,joinmafia | joinwerewolf,마피아 로비에 참가합니다.,apocalypse_bot/commands/v1220_chaos_festival_complete.py,758,command,play,party_games
마피아시작,startmafia | startwerewolf,마피아 역할을 배정하고 게임을 시작합니다.,apocalypse_bot/commands/v1220_chaos_festival_complete.py,769,command,play,party_games
마피아투표,mafiavote | werewolfvote,마피아 게임에서 처형 대상을 투표합니다.,apocalypse_bot/commands/v1220_chaos_festival_complete.py,795,command,play,party_games
라이어게임,liargame | wordliar,라이어 게임 로비를 엽니다.,apocalypse_bot/commands/v1220_chaos_festival_complete.py,827,command,play,party_games
라이어참가,joinliar | joinliargame,라이어 게임에 참가합니다.,apocalypse_bot/commands/v1220_chaos_festival_complete.py,838,command,play,party_games
라이어시작,startliar | startliargame,라이어 단어를 DM으로 배정합니다.,apocalypse_bot/commands/v1220_chaos_festival_complete.py,849,command,play,party_games
라이어투표,liarvote | wordliarvote,라이어로 의심되는 참가자에게 투표합니다.,apocalypse_bot/commands/v1220_chaos_festival_complete.py,874,command,play,party_games
그림자추리,shadowquiz | silhouettequiz,그림자·단서 추리 문제를 시작합니다.,apocalypse_bot/commands/v1220_chaos_festival_complete.py,894,command,play,party_games
그림자정답,shadowanswer | silhouetteanswer,그림자 추리 정답을 제출합니다.,apocalypse_bot/commands/v1220_chaos_festival_complete.py,906,command,play,party_games
생존룰렛,survivalroulette | saferoulette,안전 구역을 고르는 생존 룰렛을 시작합니다.,apocalypse_bot/commands/v1220_chaos_festival_complete.py,917,command,play,party_games
생존선택,survivalpick | safezone,생존 룰렛의 안전 구역을 선택합니다.,apocalypse_bot/commands/v1220_chaos_festival_complete.py,928,command,play,party_games
심리전,mindgame | betrayalbutton,개인 보상과 공동 보상 사이에서 선택하는 심리전을 시작합니다.,apocalypse_bot/commands/v1220_chaos_festival_complete.py,952,command,play,party_games
심리선택,mindchoice | betrayalchoice,심리전에서 공동 또는 개인을 선택합니다.,apocalypse_bot/commands/v1220_chaos_festival_complete.py,981,command,play,party_games
축제대화,talkabaddon | abaddontalk,아바돈과 오늘의 대화를 나눕니다.,apocalypse_bot/commands/v1220_chaos_festival_complete.py,1038,command,play,party_games
딜러대화,dealertalk | npctalk,NPC 딜러와 대화해 친밀도를 올립니다.,apocalypse_bot/commands/v1220_chaos_festival_complete.py,1057,command,social,companions
딜러선물,dealergift | npcgift,NPC에게 선물을 주어 관계를 변화시킵니다.,apocalypse_bot/commands/v1220_chaos_festival_complete.py,1073,command,social,companions
관계도,festivalrelations | npcrelations,NPC별 친밀도와 경쟁도를 확인합니다.,apocalypse_bot/commands/v1220_chaos_festival_complete.py,1094,command,social,companions
축제인물도감,npccatalog | festivalcharactercodex,혼돈의 축제 NPC 인물 정보를 확인합니다.,apocalypse_bot/commands/v1220_chaos_festival_complete.py,1105,command,social,companions
오늘의대화,dailytalk | todaydialogue,오늘 가장 잘 맞는 NPC와 짧은 대화를 봅니다.,apocalypse_bot/commands/v1220_chaos_festival_complete.py,1111,command,social,companions
펫센터,petcenter | companioncenter,보유 동료와 육성 상태를 확인합니다.,apocalypse_bot/commands/v1220_chaos_festival_complete.py,1126,command,social,companions
동료뽑기,drawcompanion | petdraw,"3,000칩으로 동료 알을 부화합니다.",apocalypse_bot/commands/v1220_chaos_festival_complete.py,1139,command,social,companions
동료먹이,feedcompanion | feedpet,동료에게 먹이를 주어 경험치를 올립니다.,apocalypse_bot/commands/v1220_chaos_festival_complete.py,1160,command,social,companions
동료탐험,festivalpetexpedition | petexpedition,동료를 짧은 탐험에 보내거나 귀환 보상을 받습니다.,apocalypse_bot/commands/v1220_chaos_festival_complete.py,1182,command,social,companions
동료진화,evolvecompanion | evolvepet,5레벨 이상 동료를 진화시킵니다.,apocalypse_bot/commands/v1220_chaos_festival_complete.py,1201,command,social,companions
동료도감,companioncatalog | petcatalog,전체 동료와 획득 상태를 확인합니다.,apocalypse_bot/commands/v1220_chaos_festival_complete.py,1217,command,social,companions
펫레이스,petrace | companionrace,활성 동료와 짧은 친선 경주를 합니다.,apocalypse_bot/commands/v1220_chaos_festival_complete.py,1226,command,social,companions
탐험,festivalexpedition | chaosadventure,개인 선택형 탐험을 시작하거나 현재 상태를 확인합니다.,apocalypse_bot/commands/v1220_chaos_festival_complete.py,1251,command,play,economy
파티탐험,partyexpedition | groupadventure,서버 파티 탐험 로비를 엽니다.,apocalypse_bot/commands/v1220_chaos_festival_complete.py,1267,command,play,economy
탐험참가,joinpartyexpedition | joinadventure,진행 중인 파티 탐험에 참가합니다.,apocalypse_bot/commands/v1220_chaos_festival_complete.py,1282,command,play,economy
탐험선택,expeditionchoice | adventurechoice,개인 또는 파티 탐험의 행동을 선택합니다.,apocalypse_bot/commands/v1220_chaos_festival_complete.py,1293,command,play,economy
탐험가방,expeditionbag | adventurebag,탐험에서 획득한 보물을 확인합니다.,apocalypse_bot/commands/v1220_chaos_festival_complete.py,1347,command,play,economy
보물도감,treasurecatalog | reliccatalog,알려진 탐험 보물과 획득 상태를 확인합니다.,apocalypse_bot/commands/v1220_chaos_festival_complete.py,1354,command,play,economy
던전순위,dungeonranking | expeditionranking,서버 탐험 완료 순위를 확인합니다.,apocalypse_bot/commands/v1220_chaos_festival_complete.py,1360,command,play,economy
내사업,mybusiness | businessdashboard,내 사업 현황과 정산 가능한 수익을 확인합니다.,apocalypse_bot/commands/v1220_chaos_festival_complete.py,1389,command,play,economy
사업개설,openbusiness | createbusiness,칩을 사용해 서버 사업을 개설합니다.,apocalypse_bot/commands/v1220_chaos_festival_complete.py,1399,command,play,economy
상품설정,setproduct | businessproduct,내 사업의 대표 상품과 가격을 설정합니다.,apocalypse_bot/commands/v1220_chaos_festival_complete.py,1421,command,play,economy
직원고용,hirestaff | hireemployee,NPC 직원을 고용해 사업 수익을 올립니다.,apocalypse_bot/commands/v1220_chaos_festival_complete.py,1433,command,social,companions
가게방문,visitshop | visitbusiness,서버 구성원의 가게를 방문하고 상품을 구매합니다.,apocalypse_bot/commands/v1220_chaos_festival_complete.py,1448,command,play,party_games
서버상권,servermarket | businessdistrict,서버에 개설된 사업 목록을 확인합니다.,apocalypse_bot/commands/v1220_chaos_festival_complete.py,1473,command,play,economy
사업순위,businessranking | shopranking,서버 사업 인기 순위를 확인합니다.,apocalypse_bot/commands/v1220_chaos_festival_complete.py,1483,command,play,economy
오늘의명장면,dailyhighlight | todayhighlight,공개 기록만으로 오늘의 서버 명장면을 뽑습니다.,apocalypse_bot/commands/v1220_chaos_festival_complete.py,1512,command,play,party_games
주간예능,weeklyvariety | weeklyshow,서버의 공개 재미 기록을 주간 예능처럼 정리합니다.,apocalypse_bot/commands/v1220_chaos_festival_complete.py,1525,command,play,party_games
월간시상식,monthlyawards | monthlyshow,서버의 월간 재미 시상식을 표시합니다.,apocalypse_bot/commands/v1220_chaos_festival_complete.py,1542,command,play,party_games
불운왕,unluckiest | badluckking,공개 잔액 기준 오늘의 불운왕을 뽑습니다.,apocalypse_bot/commands/v1220_chaos_festival_complete.py,1565,command,play,party_games
역전왕,comebackking | turnaroundking,공개 재미 기록에서 가장 큰 보상을 받은 사용자를 보여줍니다.,apocalypse_bot/commands/v1220_chaos_festival_complete.py,1573,command,play,party_games
블러프분석,bluffanalysis | bluffmeter,공개 활동만으로 재미용 블러프 지수를 계산합니다.,apocalypse_bot/commands/v1220_chaos_festival_complete.py,1581,command,play,party_games
축제운세,festivalfortune | dailyfestivalfortune,사용자별 오늘의 운세와 행운 숫자를 확인합니다.,apocalypse_bot/commands/v1220_chaos_festival_complete.py,1593,command,play,party_games
궁합,compatibility | servercompatibility,두 사용자의 오늘의 재미 궁합을 확인합니다.,apocalypse_bot/commands/v1220_chaos_festival_complete.py,1605,command,play,party_games
축제밸런스,chaosbalance | festivalbalance,서버 밸런스 게임 질문을 시작합니다.,apocalypse_bot/commands/v1220_chaos_festival_complete.py,1611,command,play,party_games
밸런스선택,balancechoice | wouldyouratherchoice,진행 중인 밸런스 게임에 투표합니다.,apocalypse_bot/commands/v1220_chaos_festival_complete.py,1619,command,play,party_games
월드컵,worldcup | tournamentpick,ABADDON 콘텐츠 이상형 월드컵을 시작합니다.,apocalypse_bot/commands/v1220_chaos_festival_complete.py,1634,command,play,party_games
월드컵선택,worldcupchoice | tournamentchoice,월드컵 대진에서 1번 또는 2번을 선택합니다.,apocalypse_bot/commands/v1220_chaos_festival_complete.py,1643,command,play,party_games
랜덤벌칙,randompenalty | partyforfeit,안전하고 가벼운 랜덤 벌칙을 뽑습니다.,apocalypse_bot/commands/v1220_chaos_festival_complete.py,1662,command,play,party_games
칭찬릴레이,praiserelay | complimentchain,다른 사용자에게 공개 칭찬을 이어갑니다.,apocalypse_bot/commands/v1220_chaos_festival_complete.py,1675,command,play,party_games
친목설정,socialsettings | communitysettings,익명 응원 등 친목 기능을 서버별로 설정합니다.,apocalypse_bot/commands/v1220_chaos_festival_complete.py,1696,command,play,party_games
익명응원,anonymouscheer | anonymoussupport,관리자가 허용한 서버에서 익명 응원 DM을 보냅니다.,apocalypse_bot/commands/v1220_chaos_festival_complete.py,1705,command,play,party_games
익명응원로그,anonymouslog | supportlog,관리자가 익명 응원 감사 로그를 확인합니다.,apocalypse_bot/commands/v1220_chaos_festival_complete.py,1728,command,play,party_games
익명응원신고,reportanonymous | reportsupport,받은 익명 응원 기록을 관리자 검토 대상으로 표시합니다.,apocalypse_bot/commands/v1220_chaos_festival_complete.py,1734,command,play,party_games
비밀친구,secretfriend | secretbuddy,비밀친구 이벤트 상태를 확인합니다.,apocalypse_bot/commands/v1220_chaos_festival_complete.py,1742,command,play,party_games
비밀친구참가,joinsecretfriend | joinsecretbuddy,열린 비밀친구 모집에 참가합니다.,apocalypse_bot/commands/v1220_chaos_festival_complete.py,1748,command,play,party_games
비밀친구시작,startsecretfriend | startsecretbuddy,관리자가 참가자 비밀친구를 배정합니다.,apocalypse_bot/commands/v1220_chaos_festival_complete.py,1759,command,play,party_games
서버빙고,serverbingo | guildbingo,서버 월간 빙고판과 내 체크 상태를 확인합니다.,apocalypse_bot/commands/v1220_chaos_festival_complete.py,1783,command,play,party_games
빙고체크,bingocheck | markbingo,서버 빙고 칸을 체크합니다. 월 1회 첫 빙고 보상이 있습니다.,apocalypse_bot/commands/v1220_chaos_festival_complete.py,1792,command,play,party_games
출석도장,festivalattendance | festivalcheckin,하루 한 번 축제 출석 도장을 받습니다.,apocalypse_bot/commands/v1220_chaos_festival_complete.py,1807,command,play,party_games
생일카드,birthdaycard | celebrationcard,서버 구성원에게 축하 카드를 보냅니다.,apocalypse_bot/commands/v1220_chaos_festival_complete.py,1818,command,play,party_games
꾸미기센터,cosmeticcenter | profilecosmetics,프로필 이미지와 보유 꾸미기 항목을 확인합니다.,apocalypse_bot/commands/v1220_chaos_festival_complete.py,1836,command,play,collections
프로필꾸미기,customizeprofile | setcosmetic,칭호·배경·테이블·카드뒷면을 선택합니다.,apocalypse_bot/commands/v1220_chaos_festival_complete.py,1844,command,play,collections
칭호도감,titlecatalog | titles,혼돈의 축제 칭호 도감을 확인합니다.,apocalypse_bot/commands/v1220_chaos_festival_complete.py,1866,command,play,collections
배경도감,backgroundcatalog | backgrounds,프로필 배경 도감을 확인합니다.,apocalypse_bot/commands/v1220_chaos_festival_complete.py,1871,command,play,collections
카드뒷면,cardbacks | cardbackcatalog,보유 카드 뒷면 스킨을 확인합니다.,apocalypse_bot/commands/v1220_chaos_festival_complete.py,1876,command,play,party_games
테이블스킨,tableskins | tablethemes,보유 게임 테이블 스킨을 확인합니다.,apocalypse_bot/commands/v1220_chaos_festival_complete.py,1881,command,play,party_games
트로피룸,chaostrophyroom | mytrophies,내 업적·비밀·수집 트로피를 확인합니다.,apocalypse_bot/commands/v1220_chaos_festival_complete.py,1886,command,play,collections
공동트로피룸,guildtrophyroom | servertrophies,서버 공동 트로피와 월간 기록을 확인합니다.,apocalypse_bot/commands/v1220_chaos_festival_complete.py,1901,command,play,party_games
비밀힌트,secrethint | easteregghint,숨겨진 콘텐츠의 짧은 힌트를 확인합니다.,apocalypse_bot/commands/v1220_chaos_festival_complete.py,1932,command,play,party_games
수상한상인,mysteriousmerchant | hiddenmerchant,특정 시간에만 나타나는 숨겨진 상인을 찾습니다.,apocalypse_bot/commands/v1220_chaos_festival_complete.py,1937,command,play,party_games
숨겨진임무,hiddenmission | secretmission,현재 조건으로 발견 가능한 숨겨진 임무를 검사합니다.,apocalypse_bot/commands/v1220_chaos_festival_complete.py,1960,command,play,party_games
전설아이템,legendaryitem | guildrelic,서버에 단 하나뿐인 전설 유물의 주인을 확인하거나 획득합니다.,apocalypse_bot/commands/v1220_chaos_festival_complete.py,1974,command,play,party_games
혼돈설정,festivalsettings | funsettings,혼돈의 축제 서버 설정을 확인합니다.,apocalypse_bot/commands/v1220_chaos_festival_complete.py,1993,command,play,party_games
혼돈백업,chaosbackup | festivalbackup,관리자가 혼돈의 축제 서버 데이터와 구성원 재미 데이터를 백업합니다.,apocalypse_bot/commands/v1220_chaos_festival_complete.py,2006,command,play,party_games
혼돈복구,chaosrestore | festivalrestore,혼돈 백업 ID로 서버 재미 데이터를 복원합니다.,apocalypse_bot/commands/v1220_chaos_festival_complete.py,2022,command,play,party_games
1220통합검수,v1220audit | chaosfestivalaudit,v12.0~v12.2 전체 재미 기능을 검사합니다.,apocalypse_bot/commands/v1220_chaos_festival_complete.py,2136,command,play,party_games
도시,city | blackcity,BLACK CITY 메인 메뉴를 엽니다.,apocalypse_bot/commands/v1320_black_city_complete.py,298,command,world,black_city
도시개설,createcity | renamecity,관리자가 도시 이름을 정하고 기능을 활성화합니다.,apocalypse_bot/commands/v1320_black_city_complete.py,312,command,world,black_city
도시지도,citymap | blackcitymap,서버 도시 지도를 PNG로 표시합니다.,apocalypse_bot/commands/v1320_black_city_complete.py,326,command,world,neon
도시이동,citymove | gotodistrict,검은 도시의 다른 지역으로 이동합니다.,apocalypse_bot/commands/v1320_black_city_complete.py,332,command,world,black_city
도시상태,citystatus | blackcitystatus,도시 지표와 개방 지역을 확인합니다.,apocalypse_bot/commands/v1320_black_city_complete.py,345,command,world,black_city
오늘의도시,citytoday | dailycity,오늘의 NPC·도시 사건을 확인합니다.,apocalypse_bot/commands/v1320_black_city_complete.py,357,command,world,black_city
도시세력,cityfactions | blackfactions,검은 도시의 세력 현황을 확인합니다.,apocalypse_bot/commands/v1320_black_city_complete.py,368,command,world,black_city
세력창설,createfaction | foundfaction,"20,000칩을 사용해 도시 세력을 창설합니다.",apocalypse_bot/commands/v1320_black_city_complete.py,377,command,world,black_city
세력가입,joinfaction,도시 세력에 가입합니다.,apocalypse_bot/commands/v1320_black_city_complete.py,385,command,world,black_city
세력탈퇴,leavefaction,현재 도시 세력에서 탈퇴합니다.,apocalypse_bot/commands/v1320_black_city_complete.py,393,command,world,black_city
영토지도,territorymap,지역별 점령 세력과 방어도를 확인합니다.,apocalypse_bot/commands/v1320_black_city_complete.py,401,command,world,black_city
영토공격,attackterritory | territoryattack,소속 세력으로 지역 점령을 시도합니다.,apocalypse_bot/commands/v1320_black_city_complete.py,408,command,world,black_city
영토방어,defendterritory | territorydefend,점령 지역의 방어도를 강화합니다.,apocalypse_bot/commands/v1320_black_city_complete.py,419,command,world,black_city
세력외교,factiondiplomacy,세력 간 관계를 동맹·휴전·중립·적대로 설정합니다.,apocalypse_bot/commands/v1320_black_city_complete.py,433,command,world,black_city
도시직업,cityjobs | blackcityjobs,BLACK CITY 직업 10종을 확인합니다.,apocalypse_bot/commands/v1320_black_city_complete.py,448,command,world,black_city
도시직업선택,choosecityjob | selectcityjob,BLACK CITY 생산 직업을 선택합니다.,apocalypse_bot/commands/v1320_black_city_complete.py,453,command,world,black_city
도시채집,citygather | blackgather,선택한 도시 직업의 재료를 채집합니다.,apocalypse_bot/commands/v1320_black_city_complete.py,461,command,world,black_city
도시제작법,cityrecipes | blackrecipes,도시 제작법을 확인합니다.,apocalypse_bot/commands/v1320_black_city_complete.py,471,command,world,city_decor
도시제작,citycraft | blackcraft,재료를 사용해 도시 제작품을 만듭니다.,apocalypse_bot/commands/v1320_black_city_complete.py,476,command,world,city_decor
도시거래소,citymarket | blackmarketboard,사용자 제작품 거래소를 확인합니다.,apocalypse_bot/commands/v1320_black_city_complete.py,487,command,world,black_city
판매등록,marketlist | listcityitem,제작품을 도시 거래소에 등록합니다.,apocalypse_bot/commands/v1320_black_city_complete.py,494,command,world,black_city
도시판매취소,marketcancel | cancelcitylisting,본인의 도시 거래소 판매 글을 취소합니다.,apocalypse_bot/commands/v1320_black_city_complete.py,503,command,world,black_city
거래구매,citymarketbuy | buycitylisting,도시 거래소의 판매 글을 구매합니다.,apocalypse_bot/commands/v1320_black_city_complete.py,511,command,world,black_city
도시시세,marketprices | cityprices,최근 체결가와 평균가를 확인합니다.,apocalypse_bot/commands/v1320_black_city_complete.py,524,command,world,black_city
내아지트,myhideout | cityhome,개인 아지트를 구매하거나 확인합니다.,apocalypse_bot/commands/v1320_black_city_complete.py,533,command,world,black_city
아지트꾸미기,decoratehideout,개인 아지트에 장식을 설치합니다.,apocalypse_bot/commands/v1320_black_city_complete.py,546,command,world,city_decor
아지트공개,publishhideout,다른 사용자의 아지트 방문 허용을 켜거나 끕니다.,apocalypse_bot/commands/v1320_black_city_complete.py,554,command,world,black_city
아지트방문,visithideout,공개된 다른 사용자의 아지트를 방문합니다.,apocalypse_bot/commands/v1320_black_city_complete.py,565,command,world,black_city
공동시설,cityfacilities | publicfacilities,서버 공동 시설의 건설 진행도를 확인합니다.,apocalypse_bot/commands/v1320_black_city_complete.py,573,command,world,black_city
도시건설,citybuild,공동 시설 목록과 기부 방법을 안내합니다.,apocalypse_bot/commands/v1320_black_city_complete.py,582,command,world,black_city
건설기부,donateconstruction,공동 시설 건설에 칩을 기부합니다.,apocalypse_bot/commands/v1320_black_city_complete.py,592,command,world,black_city
범죄,citycrime | blackcitycrime,실제 사용자 재산을 빼앗지 않는 선택형 도시 범죄 임무입니다.,apocalypse_bot/commands/v1320_black_city_complete.py,604,command,world,black_city
현상수배,citybounty | bountyboard,참여형 사용자 현상금 임무를 등록하거나 확인합니다.,apocalypse_bot/commands/v1320_black_city_complete.py,615,command,world,black_city
수사,cityinvestigate | blackcityinvestigate,대상에 관한 가상 단서를 수집합니다.,apocalypse_bot/commands/v1320_black_city_complete.py,627,command,world,black_city
체포,arrest | cityarrest,단서와 대상 수배도를 사용해 선택형 체포를 시도합니다.,apocalypse_bot/commands/v1320_black_city_complete.py,634,command,world,black_city
감옥,cityjail | jailstatus,본인의 수감 상태를 확인합니다.,apocalypse_bot/commands/v1320_black_city_complete.py,644,command,world,black_city
탈옥,escapejail | jailbreak,수감 중일 때 탈옥을 시도합니다.,apocalypse_bot/commands/v1320_black_city_complete.py,652,command,world,black_city
재판,citytrial | jurytrial,선택형 시민 재판 이벤트를 엽니다.,apocalypse_bot/commands/v1320_black_city_complete.py,660,command,world,black_city
도시인물,citynpcs | livingnpcs,시간에 따라 움직이는 도시 NPC를 확인합니다.,apocalypse_bot/commands/v1320_black_city_complete.py,670,command,world,black_city
도시의뢰,cityrequest | npcrequest,오늘의 NPC 의뢰를 받습니다.,apocalypse_bot/commands/v1320_black_city_complete.py,675,command,world,black_city
시장선거,mayorelection | cityelection,NPC 시장 선거 현황을 확인하거나 후보에게 응원표를 보냅니다.,apocalypse_bot/commands/v1320_black_city_complete.py,682,command,world,black_city
도시뉴스,citynews | blackcitynews,최근 도시 뉴스를 확인합니다.,apocalypse_bot/commands/v1320_black_city_complete.py,694,command,world,black_city
서버역사,cityhistory | serverhistory,서버에서 쌓인 BLACK CITY 역사를 확인합니다.,apocalypse_bot/commands/v1320_black_city_complete.py,699,command,world,black_city
오늘의신문,citypaper | dailycitypaper,최근 도시 사건을 신문 PNG로 만듭니다.,apocalypse_bot/commands/v1320_black_city_complete.py,704,command,world,black_city
역사도감,historycatalog | citycodex,도시 사건 유형별 누적 기록을 확인합니다.,apocalypse_bot/commands/v1320_black_city_complete.py,708,command,world,black_city
도시명예전당,cityhalloffame | blackcitylegends,세력·거래·건설·도시 기록의 명예 전당입니다.,apocalypse_bot/commands/v1320_black_city_complete.py,714,command,world,black_city
도시시즌,cityseason | blackcityseason,4주 월드 시즌의 진행 상태를 확인합니다.,apocalypse_bot/commands/v1320_black_city_complete.py,723,command,world,black_city
시즌기여,seasoncontribute | cityseasoncontribute,개인 활동 점수를 시즌 분야에 기여합니다.,apocalypse_bot/commands/v1320_black_city_complete.py,729,command,world,black_city
시즌결말,seasonending | cityending,현재 예상 결말과 달성 조건 방향을 확인합니다.,apocalypse_bot/commands/v1320_black_city_complete.py,740,command,world,black_city
도시운영,cityoperations | blackcityops,BLACK CITY 운영 설정·백업·경제 상태를 확인합니다.,apocalypse_bot/commands/v1320_black_city_complete.py,746,command,world,black_city
도시설정,citysettings | blackcitysettings,관리자가 도시 자동 기능과 공개 설정을 켜고 끕니다.,apocalypse_bot/commands/v1320_black_city_complete.py,752,command,world,black_city
도시알림채널,cityalertchannel | citynewschannel,자동 도시 뉴스가 게시될 채널을 지정하거나 해제합니다.,apocalypse_bot/commands/v1320_black_city_complete.py,764,command,world,black_city
도시백업,citybackup | blackcitybackup,현재 서버의 BLACK CITY 상태를 백업합니다.,apocalypse_bot/commands/v1320_black_city_complete.py,777,command,world,black_city
도시복구,cityrestore | blackcityrestore,백업 ID로 서버의 BLACK CITY 상태를 복구합니다.,apocalypse_bot/commands/v1320_black_city_complete.py,782,command,world,black_city
경제검수,cityeconomyaudit | blackeconomyaudit,거래·원장·이벤트 자금과 비정상 잔액을 검사합니다.,apocalypse_bot/commands/v1320_black_city_complete.py,792,command,world,black_city
월드강제종료,forceworldend | endcityworld,활성 월드 사건 또는 시즌을 안전하게 강제 종료합니다.,apocalypse_bot/commands/v1320_black_city_complete.py,798,command,world,black_city
오류검수,runtimeaudit | uierroraudit,UI 이모지 재시도·상호작용 응답 패치를 확인합니다.,apocalypse_bot/commands/v1320_black_city_complete.py,807,command,world,black_city
1320통합검수,v1320audit | blackcityaudit,BLACK CITY 전체 데이터·경제·영토·시즌·복구 상태를 검사합니다.,apocalypse_bot/commands/v1320_black_city_complete.py,812,command,world,black_city
명령등록검수,commandregistryaudit | registrationaudit,명령어 이름·별칭 충돌과 격리 내역을 확인합니다.,apocalypse_bot/commands/v1330_command_registry_guard.py,148,command,system,audit
1330안정화검수,v1330audit | 1330audit,v13.3.0 부팅 안정화 패치 상태를 확인합니다.,apocalypse_bot/commands/v1330_command_registry_guard.py,181,command,system,audit
도시지도,,한글 안전 글꼴과 장식 레이어를 사용하는 NEON ABYSS 도시 지도를 표시합니다.,apocalypse_bot/commands/v1500_neon_abyss.py,635,command,world,neon
도시전경,citypanorama | neonpanorama,정보 패널을 줄인 꾸민 도시 전경을 표시합니다.,apocalypse_bot/commands/v1500_neon_abyss.py,641,command,world,city_decor
도시사진,cityphoto | citysnapshot,현재 도시 상태와 장식을 기념 사진으로 저장합니다.,apocalypse_bot/commands/v1500_neon_abyss.py,645,command,world,city_decor
도시부품,cityparts | citypartcatalog,꾸밀 수 있는 도시 부품 이미지 목록 또는 상세 이미지를 표시합니다.,apocalypse_bot/commands/v1500_neon_abyss.py,651,command,world,city_decor
도시꾸미기,citydecorate | decoratecity,드롭다운과 방향 버튼으로 도시 부품을 배치합니다.,apocalypse_bot/commands/v1500_neon_abyss.py,670,command,world,city_decor
도시꾸미기복구,citydecorrestore,가장 최근 도시 장식 백업을 복구합니다.,apocalypse_bot/commands/v1500_neon_abyss.py,676,command,world,city_decor
지역보기,districtview | viewdistrict,도시 지역의 전용 이미지를 표시합니다.,apocalypse_bot/commands/v1500_neon_abyss.py,682,command,world,city_decor
연출설정,effectsettings | fxsettings,행동 연출을 끄기·간단·화려 단계로 설정합니다.,apocalypse_bot/commands/v1500_neon_abyss.py,692,command,world,city_decor
연출도감,effectcatalog | fxpreview,공격·채집·제작·탐험 이모지 연출 도감을 표시합니다.,apocalypse_bot/commands/v1500_neon_abyss.py,698,command,world,city_decor
1500시각검수,v1500visualaudit,글꼴·도시 부품·연출 자산을 읽기 전용으로 검사합니다.,apocalypse_bot/commands/v1500_neon_abyss.py,703,command,world,neon
차원문,dimensiongate | abyssgate,현재 차원 항해 상태를 확인합니다.,apocalypse_bot/commands/v1500_neon_abyss.py,713,command,world,neon
차원탐사,dimensionexplore | scanrift,새로운 주간 차원을 발견하거나 현재 차원을 진행합니다.,apocalypse_bot/commands/v1500_neon_abyss.py,719,command,world,neon
차원지도,dimensionmap | riftmap,발견한 차원과 현재 진행도를 확인합니다.,apocalypse_bot/commands/v1500_neon_abyss.py,733,command,world,neon
차원탈출,dimensionescape | escaperift,현재 차원 진행을 포기하고 안전하게 귀환합니다.,apocalypse_bot/commands/v1500_neon_abyss.py,739,command,world,neon
캠페인,campaignhub | abysscampaign,아바돈 게임 마스터 캠페인 상태를 확인합니다.,apocalypse_bot/commands/v1500_neon_abyss.py,745,command,world,neon
캠페인참가,joincampaign,현재 캠페인에 참가하거나 새 캠페인을 시작합니다.,apocalypse_bot/commands/v1500_neon_abyss.py,751,command,world,neon
행동선택,chooseaction | abysschoice,캠페인에서 전투·협상·탐사 중 하나를 선택합니다.,apocalypse_bot/commands/v1500_neon_abyss.py,758,command,world,neon
크루,crew | crewstatus,내 크루 또는 서버 크루 목록을 표시합니다.,apocalypse_bot/commands/v1500_neon_abyss.py,767,command,world,crew_raid
크루창설,createcrew,새 고정 파티 크루를 창설합니다.,apocalypse_bot/commands/v1500_neon_abyss.py,774,command,world,crew_raid
크루임무,crewmission,크루 공동 임무를 진행합니다.,apocalypse_bot/commands/v1500_neon_abyss.py,781,command,world,crew_raid
우주선,spaceship | abyssship,서버 공동 차원 우주선 상태를 표시합니다.,apocalypse_bot/commands/v1500_neon_abyss.py,789,command,world,crew_raid
시설강화,upgradefacility | shipupgrade,서버 공동 우주선 시설을 강화합니다.,apocalypse_bot/commands/v1500_neon_abyss.py,794,command,world,crew_raid
차원기지,dimensionbase | riftbase,서버 차원 기지와 우주선 시설을 한 화면에 표시합니다.,apocalypse_bot/commands/v1500_neon_abyss.py,800,command,world,crew_raid
항해출발,launchvoyage | startvoyage,서버 우주선으로 선택한 차원 또는 무작위 차원 항해를 시작합니다.,apocalypse_bot/commands/v1500_neon_abyss.py,809,command,world,crew_raid
연합망,federationnetwork | servernetwork,서버 연합망 참여 상태를 확인하거나 켜고 끕니다.,apocalypse_bot/commands/v1500_neon_abyss.py,823,command,world,neon
서버연합,serverfederation | federation,서버 연합을 만들거나 받은 초대를 승인해 가입합니다.,apocalypse_bot/commands/v1500_neon_abyss.py,830,command,world,neon
연합초대,federationinvite | inviteserver,연합 소유 서버가 연합망을 켠 다른 서버를 ID로 초대합니다.,apocalypse_bot/commands/v1500_neon_abyss.py,847,command,world,neon
연합순위,federationranking | servernetworkranking,연합망에 참여한 서버 연합 순위를 집계합니다.,apocalypse_bot/commands/v1500_neon_abyss.py,856,command,world,neon
공격대,dimensionraid | abyssraid,차원 공격대 보스 상태를 표시합니다.,apocalypse_bot/commands/v1500_neon_abyss.py,867,command,world,crew_raid
공격대소환,summonriftboss,관리자가 연출형 차원 보스를 소환합니다.,apocalypse_bot/commands/v1500_neon_abyss.py,875,command,world,crew_raid
공격대참가,joinraid,현재 차원 공격대에 참가합니다.,apocalypse_bot/commands/v1500_neon_abyss.py,879,command,world,crew_raid
차원보스공격,riftbossattack | attackriftboss,차원 보스의 약점을 공격합니다.,apocalypse_bot/commands/v1500_neon_abyss.py,885,command,world,neon
보스방어,bossdefend | raiddefend,공격대 방어 태세로 지원 점수를 올립니다.,apocalypse_bot/commands/v1500_neon_abyss.py,899,command,world,crew_raid
창작센터,creatorstudio | contentstudio,서버 사용자 제작 콘텐츠 현황을 확인합니다.,apocalypse_bot/commands/v1500_neon_abyss.py,906,command,world,creator
보스제작,createboss | bosscreator,서버 전용 공격대 보스 초안을 제작합니다.,apocalypse_bot/commands/v1500_neon_abyss.py,911,command,world,crew_raid
퀘스트제작,createquest,검수 가능한 사용자 제작 퀘스트 초안을 만듭니다.,apocalypse_bot/commands/v1500_neon_abyss.py,920,command,world,creator
콘텐츠공개,publishcontent,검수된 사용자 제작 콘텐츠를 서버에 공개합니다.,apocalypse_bot/commands/v1500_neon_abyss.py,927,command,world,creator
콘텐츠공유,contentsharing | sharecontent,서버 제작 콘텐츠의 연합망 공유를 켜거나 끕니다.,apocalypse_bot/commands/v1500_neon_abyss.py,937,command,world,creator
콘텐츠검색,contentsearch | searchcontent,연합망에 공개된 사용자 콘텐츠를 검색합니다.,apocalypse_bot/commands/v1500_neon_abyss.py,943,command,world,creator
콘텐츠설치,contentinstall | installcontent,연합망 공개 콘텐츠를 현재 서버에 복제 설치합니다.,apocalypse_bot/commands/v1500_neon_abyss.py,952,command,world,creator
콘텐츠교환소,contentexchange | contentmarketplace,현재 서버에서 공개한 사용자 콘텐츠를 표시합니다.,apocalypse_bot/commands/v1500_neon_abyss.py,958,command,world,creator
경기요약,matchsummary | replaysummary,최근 공개 기록으로 간단한 경기 요약을 저장합니다.,apocalypse_bot/commands/v1500_neon_abyss.py,963,command,world,neon
리플레이,replaystudio | replaylist,저장된 공개 경기 요약과 명장면을 표시합니다.,apocalypse_bot/commands/v1500_neon_abyss.py,967,command,world,neon
세계연표,worldtimeline | dimensiontimeline,차원 발견·캠페인 결말·보스 격파를 시간순으로 표시합니다.,apocalypse_bot/commands/v1500_neon_abyss.py,972,command,world,neon
차원계보,dimensionlineage | worldlineage,도시의 차원·캠페인·보스 영구 기록을 표시합니다.,apocalypse_bot/commands/v1500_neon_abyss.py,977,command,world,neon
대화모드,chatmode | conversationmode,아바돈 대화를 문맥형 또는 기존 기본형으로 전환합니다.,apocalypse_bot/commands/v1500_neon_abyss.py,983,command,world,neon
대화상태,chatstatus | conversationstatus,문맥형 대화의 언어·보존 시간·기억 상태를 확인합니다.,apocalypse_bot/commands/v1500_neon_abyss.py,992,command,world,neon
대화기억요약,conversationmemory | chatmemorysummary,내 서버 대화·기억 사용 통계를 요약합니다.,apocalypse_bot/commands/v1500_neon_abyss.py,1003,command,world,neon
1500통합검수,v1500audit,v15.0 기능·영문 접근·글꼴·자산·상태를 읽기 전용 검사합니다.,apocalypse_bot/commands/v1500_neon_abyss.py,1009,command,world,neon
채집센터,gatheringhub | gatherhub,통합 채집센터를 엽니다.,apocalypse_bot/commands/v1620_living_legends.py,829,command,main,codex
차원채집,dimensiongather | riftgather,통합 채집센터의 차원 채집을 즉시 진행합니다.,apocalypse_bot/commands/v1620_living_legends.py,834,command,main,codex
크루채집,crewgather,통합 채집센터의 크루 공동 채집을 즉시 진행합니다.,apocalypse_bot/commands/v1620_living_legends.py,838,command,main,codex
편의센터,quickhub | conveniencehub,자주 쓰는 기능과 진행 상태를 한 화면에 표시합니다.,apocalypse_bot/commands/v1620_living_legends.py,845,command,main,codex
내진행,myprogress | continuehub,현재 진행 중인 도시·차원·게임·사건을 요약합니다.,apocalypse_bot/commands/v1620_living_legends.py,858,command,main,codex
즐겨찾기,favorites | favourites,자주 쓰는 명령을 최대 8개 저장합니다.,apocalypse_bot/commands/v1620_living_legends.py,875,command,system,help
최근명령,recentcommands | commandhistory,최근 완료한 명령을 확인합니다.,apocalypse_bot/commands/v1620_living_legends.py,890,command,system,help
내전설,mylegend | personallegend,개인 전설과 성향·주요 기록을 확인합니다.,apocalypse_bot/commands/v1620_living_legends.py,899,command,main,codex
모험연대기,chronicle | adventurechronicle,개인 연대기를 페이지로 확인합니다.,apocalypse_bot/commands/v1620_living_legends.py,912,command,main,codex
전설카드,legendcard | profilelegend,도시·성향·탈것이 포함된 개인 전설 이미지를 만듭니다.,apocalypse_bot/commands/v1620_living_legends.py,919,command,world,neon
운명,fate | alignment,현재 운명 성향과 누적 선택을 확인합니다.,apocalypse_bot/commands/v1620_living_legends.py,935,command,main,codex
오늘의사건,todayscene | dailyscene,개인 선택형 일상 사건을 엽니다.,apocalypse_bot/commands/v1620_living_legends.py,941,command,main,codex
사건선택,scenechoice | chooseevent,오늘의 사건 선택을 확정합니다.,apocalypse_bot/commands/v1620_living_legends.py,957,command,main,codex
탈것도감,mounts | mountcatalog,탈것 8종과 해금 상태를 확인합니다.,apocalypse_bot/commands/v1620_living_legends.py,976,command,world,neon
탈것탑승,ride | mount,해금한 탈것을 대표 탈것으로 설정합니다.,apocalypse_bot/commands/v1620_living_legends.py,988,command,world,neon
캐릭터꾸미기,characterstyle | avatarstyle,오라·포즈·배경 외형 설정을 확인하거나 변경합니다.,apocalypse_bot/commands/v1620_living_legends.py,1003,command,main,codex
크루합동기,crewcombo | comboskill,크루 역할 조합과 합동기 기록을 확인합니다.,apocalypse_bot/commands/v1620_living_legends.py,1018,command,main,codex
감독센터,directorcenter | eventdirector,관리자용 서버 사건 연출과 안전 설정을 관리합니다.,apocalypse_bot/commands/v1620_living_legends.py,1035,command,main,codex
도시침공,cityinvasion,관리자가 선택형 도시 침공 장면을 시작합니다.,apocalypse_bot/commands/v1620_living_legends.py,1062,command,main,codex
축제시작,startfestival,관리자가 도시 축제 연출을 시작합니다.,apocalypse_bot/commands/v1620_living_legends.py,1066,command,main,codex
서버엔딩,serverending,관리자가 서버 시즌 엔딩 장면을 시작합니다.,apocalypse_bot/commands/v1620_living_legends.py,1070,command,main,codex
명령어UI검수,helpuiaudit | commandcenteraudit,새 명령어 센터의 카테고리·페이지·버튼 구성을 검사합니다.,apocalypse_bot/commands/v1620_living_legends.py,1102,command,main,codex
초기기능검수,legacyfeatureaudit | corefeatureaudit,초기 핵심 기능이 삭제되지 않았는지 검사합니다.,apocalypse_bot/commands/v1620_living_legends.py,1114,command,main,codex
1620통합검수,v1620audit | livinglegendsaudit,v16.2 기능과 기존 기능·언어·명령 충돌을 검사합니다.,apocalypse_bot/commands/v1620_living_legends.py,1120,command,main,codex
이미지검수,visualaudit1621 | fontaudit,한글 폰트와 정보 이미지 렌더러 상태를 검사합니다.,apocalypse_bot/commands/v1621_visual_command_hotfix.py,688,command,system,audit
1621통합검수,v1621audit | 1621audit,v16.2.1 이미지·명령어·홈페이지 패치 연결을 검사합니다.,apocalypse_bot/commands/v1621_visual_command_hotfix.py,712,command,system,audit
정부지원금,재기지원금 | 생존지원금,"보유 식량이 -10,000 이하일 때 24시간마다 최대 250,000 식량의 재기 지원을 받습니다.",apocalypse_bot/commands/v1630_core_rpg_command_city_overhaul.py,1116,command,play,gambling
초보센터,신규안내 | 첫걸음센터,처음 들어온 생존자를 위한 RPG 시작 순서와 주요 카테고리를 안내합니다.,apocalypse_bot/commands/v1630_core_rpg_command_city_overhaul.py,1158,command,main,onboarding
명령어전수검수,fullcommandaudit | commandregistryaudit1630,전체 런타임 명령의 카테고리·페이지·스토리 노출·버튼 실행 연결을 검사합니다.,apocalypse_bot/commands/v1630_core_rpg_command_city_overhaul.py,1421,command,system,help
도박분류검수,gamblingcategoryaudit | casinoaudit1631,카지노·비카지노 도박·정부지원금의 명령어 센터 분류와 빠른 이동을 검사합니다.,apocalypse_bot/commands/v1630_core_rpg_command_city_overhaul.py,1454,command,play,gambling
도시부품검수,citypartaudit | cityworkshopaudit,도시 꾸미기 20종의 파일명·라벨·크기·투명도·공방 호환을 검사합니다.,apocalypse_bot/commands/v1630_core_rpg_command_city_overhaul.py,1477,command,world,city_decor
이모지확장설정,reactionexpansionsetup | emojiupgrade,현재 서버에 확장 자동 이모지 프리셋·키워드 규칙과 메시지당 7개 반응을 적용합니다.,apocalypse_bot/commands/v1630_core_rpg_command_city_overhaul.py,1525,command,system,legacy
1631통합검수,v1631audit | 1631audit | 1630통합검수 | v1630audit | 1630audit,v16.3.1 메인 RPG 명령센터·카지노/도박 분리·신규 안내·정부지원금·채집 결과 변화 연결을 검사합니다.,apocalypse_bot/commands/v1630_core_rpg_command_city_overhaul.py,1558,command,play,gambling
스토리나침반,storycompass | storycontinue | continuejourney,현재 시즌·마지막 선택·다음 목표를 표시하고 버튼으로 스토리를 이어갑니다.,apocalypse_bot/commands/v1650_survivor_core_complete.py,187,command,system,legacy
생존허브,survivorhub | survivorhome | survivorcore,스토리·생존 상태·경제·보유 자원과 다음 추천 행동을 통합 표시합니다.,apocalypse_bot/commands/v1650_survivor_core_complete.py,204,command,play,economy
도시작업기록,cityworkshophistory | citydecorhistory,도시 공방에서 배치·삭제·복구한 최근 작업과 부품 변화를 확인합니다.,apocalypse_bot/commands/v1650_survivor_core_complete.py,224,command,world,city_decor
다음행동설정,nextactionsettings | nextactions,핵심 콘텐츠 완료 후 표시되는 다음 행동 버튼을 켜거나 끕니다.,apocalypse_bot/commands/v1650_survivor_core_complete.py,247,command,main,codex
명령건강검진,commandhealth | commandhealthaudit,명령 누락·분류·설명·영문 별칭·중복·이미지 자산과 메뉴 연결 상태를 검사합니다.,apocalypse_bot/commands/v1650_survivor_core_complete.py,296,command,system,legacy
1650통합검수,v1650audit | 1650audit,v16.5 명령 허브·언어 분리·스토리 나침반·생존 허브·도시 공방·다음 행동 연결을 검사합니다.,apocalypse_bot/commands/v1650_survivor_core_complete.py,324,command,world,city_decor
초보생존,첫생존 | 첫생존자여정 | firstsurvival | survivorjourney,버튼으로 가입·시즌 1·탐색·장비·기지까지 진행하고 중간 진행을 저장합니다.,apocalypse_bot/commands/v1660_first_survival_live_qa.py,664,command,main,story1
용어사전,용어설명 | 기능설명 | glossary | termguide,스토리·차원·세력·크루·카지노·도박 등 주요 용어를 짧게 설명합니다.,apocalypse_bot/commands/v1660_first_survival_live_qa.py,682,command,play,casino
결과요약설정,행동결과설정 | resultsummarysettings | resultsummary,명령 완료 뒤 실제 획득·수치 변화·해금 요약을 켜거나 끕니다.,apocalypse_bot/commands/v1660_first_survival_live_qa.py,686,command,system,legacy
추천버튼설정,상황추천설정 | smartrecommendations | recommendationsettings,상태에 따라 달라지는 다음 행동 추천 버튼을 켜거나 끕니다.,apocalypse_bot/commands/v1660_first_survival_live_qa.py,702,command,main,codex
실시간오류센터,라이브오류센터 | liveqacenter | runtimeerrors,실제 명령 실패·버튼 UI 사건·반복 오류와 사건 번호를 통합 표시합니다.,apocalypse_bot/commands/v1660_first_survival_live_qa.py,718,command,main,exploration
경제정산검수,카지노정산검수 | economysettlementaudit | casinosettlementaudit,카지노·도박·경마·정부지원금의 정산·중복 지급·음수 잔액 안전망을 검사합니다.,apocalypse_bot/commands/v1660_first_survival_live_qa.py,725,command,play,gambling
1660통합검수,v1660audit | 1660audit,첫 생존 여정·결과 변화 요약·상황 추천·실시간 오류센터·경제 정산·용어 설명을 검사합니다.,apocalypse_bot/commands/v1660_first_survival_live_qa.py,797,command,play,economy
패치노트,업데이트 | 변경내역,아바돈의 최신·이전 업데이트 기록을 드롭다운으로 확인합니다.,apocalypse_bot/commands/v21_reborn.py,461,command,play,gear
강화정보,,,apocalypse_bot/commands/v21_reborn.py,466,command,play,gear
보호강화,,,apocalypse_bot/commands/v21_reborn.py,487,command,play,gear
강화랭킹,,,apocalypse_bot/commands/v21_reborn.py,525,command,play,collections
장비옵션,,,apocalypse_bot/commands/v21_reborn.py,545,command,play,gear
옵션재설정,,,apocalypse_bot/commands/v21_reborn.py,559,command,play,gear
세트효과,,,apocalypse_bot/commands/v21_reborn.py,583,command,play,gear
심층던전,층던전,,apocalypse_bot/commands/v21_reborn.py,591,command,play,gear
던전기록,,,apocalypse_bot/commands/v21_reborn.py,674,command,play,gear
보스도감,,,apocalypse_bot/commands/v21_reborn.py,686,command,play,gear
생활숙련도,,,apocalypse_bot/commands/v21_reborn.py,699,command,play,gear
종합랭킹,,,apocalypse_bot/commands/v21_reborn.py,711,command,play,collections
거래검색,,,apocalypse_bot/commands/v21_reborn.py,728,command,play,gear
경매등록,,,apocalypse_bot/commands/v21_reborn.py,742,command,play,gear
입찰,,,apocalypse_bot/commands/v21_reborn.py,767,command,play,economy
경매마감,,,apocalypse_bot/commands/v21_reborn.py,798,command,play,gear
거래기록,,,apocalypse_bot/commands/v21_reborn.py,838,command,play,gear
도움말,help,초보 가이드와 카테고리별 명령어 브라우저를 엽니다.,apocalypse_bot/commands/v30_invasion.py,215,command,main,exploration
침공,서버침공 | 침공현황,,apocalypse_bot/commands/v30_invasion.py,234,command,play,combat
참전,침공참가,,apocalypse_bot/commands/v30_invasion.py,264,command,play,combat
침공공격,침공전투,,apocalypse_bot/commands/v30_invasion.py,284,command,play,combat
침공랭킹,침공기여도,,apocalypse_bot/commands/v30_invasion.py,343,command,play,combat
침공기록,,,apocalypse_bot/commands/v30_invasion.py,356,command,play,combat
침공상점,,,apocalypse_bot/commands/v30_invasion.py,369,command,play,combat
침공시작,,,apocalypse_bot/commands/v30_invasion.py,405,command,play,combat
침공종료,,,apocalypse_bot/commands/v30_invasion.py,429,command,play,combat
침공토큰지급,,,apocalypse_bot/commands/v30_invasion.py,438,command,play,combat
퀴즈알림설정,,,apocalypse_bot/commands/v31_quiz_notify.py,205,command,play,party_games
퀴즈알림해제,,,apocalypse_bot/commands/v31_quiz_notify.py,225,command,play,party_games
퀴즈알림상태,,,apocalypse_bot/commands/v31_quiz_notify.py,234,command,play,party_games
rpg,,RPG 시작과 가입 안내를 확인합니다.,apocalypse_bot/commands/v31_quiz_notify.py,249,group,play,party_games
start,시작,,apocalypse_bot/commands/v31_quiz_notify.py,253,command,play,party_games
전투,,,apocalypse_bot/commands/v31_quiz_notify.py,293,command,play,combat
도감,,"수집한 장비, 펫, 몬스터 도감을 확인합니다.",apocalypse_bot/commands/v32_codex_settings_tutorial.py,113,group,main,codex
장비,,,apocalypse_bot/commands/v32_codex_settings_tutorial.py,131,command,play,gear
펫,,,apocalypse_bot/commands/v32_codex_settings_tutorial.py,140,command,social,companions
몬스터,,,apocalypse_bot/commands/v32_codex_settings_tutorial.py,149,command,main,codex
도감보상,,,apocalypse_bot/commands/v32_codex_settings_tutorial.py,160,command,main,codex
서버설정,,,apocalypse_bot/commands/v32_codex_settings_tutorial.py,179,command,system,server_setup
서버채널,,,apocalypse_bot/commands/v32_codex_settings_tutorial.py,203,command,system,server_setup
서버기능,,,apocalypse_bot/commands/v32_codex_settings_tutorial.py,225,command,system,server_setup
튜토리얼,,,apocalypse_bot/commands/v32_codex_settings_tutorial.py,240,command,main,codex
튜토리얼건너뛰기,,,apocalypse_bot/commands/v32_codex_settings_tutorial.py,261,command,main,codex
스토리,이야기,검은 주파수 스토리를 진행하고 기록을 확인합니다.,apocalypse_bot/commands/v33_story.py,408,group,main,story1
시작,,,apocalypse_bot/commands/v33_story.py,419,command,main,story4
선택,,,apocalypse_bot/commands/v33_story.py,443,command,main,story4
전투,,,apocalypse_bot/commands/v33_story.py,510,command,play,combat
기록,,,apocalypse_bot/commands/v33_story.py,528,command,main,story4
재시작,,,apocalypse_bot/commands/v33_story.py,549,command,main,story4
시세,암시장시세,,apocalypse_bot/commands/v36_gambling_market.py,851,command,play,economy
매수,투자,,apocalypse_bot/commands/v36_gambling_market.py,855,command,play,economy
매도,코인판매,,apocalypse_bot/commands/v36_gambling_market.py,859,command,play,economy
자산,투자자산,,apocalypse_bot/commands/v36_gambling_market.py,873,command,play,economy
암시장기록,투자기록,,apocalypse_bot/commands/v36_gambling_market.py,877,command,play,economy
도박정보,도박도움말,,apocalypse_bot/commands/v36_gambling_market.py,881,command,play,gambling
암시장,도박시장,실시간 시세를 확인하고 암시장 자산을 거래합니다.,apocalypse_bot/commands/v36_gambling_market.py,892,group,play,economy
매수,,식량으로 암시장 종목을 구매합니다.,apocalypse_bot/commands/v36_gambling_market.py,896,command,play,economy
매도,,인수를 생략하면 드롭다운에서 보유 코인을 판매합니다.,apocalypse_bot/commands/v36_gambling_market.py,900,command,play,economy
자산,,보유 종목의 평가금과 손익을 확인합니다.,apocalypse_bot/commands/v36_gambling_market.py,914,command,play,economy
기록,,최근 암시장 매수·매도 기록을 확인합니다.,apocalypse_bot/commands/v36_gambling_market.py,918,command,main,story4
도움말,,기존 도박과 실시간 암시장 명령어를 확인합니다.,apocalypse_bot/commands/v36_gambling_market.py,922,command,main,exploration
탐색,,왼쪽 또는 오른쪽 폐허 통로에 식량을 배팅합니다.,apocalypse_bot/commands/v37_gambling_experience.py,299,command,play,casino
주파수,,세 개의 검은 신호 결과에 식량을 배팅합니다.,apocalypse_bot/commands/v37_gambling_experience.py,363,command,play,casino
룰렛,,남은 약실에 따라 위험도가 올라가는 생존 룰렛입니다.,apocalypse_bot/commands/v37_gambling_experience.py,440,command,play,casino
파산신청,,식량이 마이너스일 때 1시간마다 빚 탕감을 신청합니다.,apocalypse_bot/commands/v37_gambling_experience.py,540,command,play,gambling
도박잔액,도박자금 | 도박통계,현재 식량과 최근·오늘·누적 도박 손익을 확인합니다.,apocalypse_bot/commands/v37_gambling_experience.py,562,command,play,gambling
알바,일하기,하루 40회 폐허 알바를 하며 식량과 알바 경험치를 얻습니다.,apocalypse_bot/commands/v37_gambling_experience.py,584,command,play,life
코인,코인탐색,1분마다 희귀도가 다른 암시장 자산 코인을 탐색합니다. 하루 30회,apocalypse_bot/commands/v37_gambling_experience.py,795,command,play,economy
암시장알림설정,,,apocalypse_bot/commands/v37_gambling_experience.py,1020,command,play,economy
암시장알림해제,,,apocalypse_bot/commands/v37_gambling_experience.py,1024,command,play,economy
암시장알림상태,,,apocalypse_bot/commands/v37_gambling_experience.py,1028,command,play,economy
알림설정,,현재 채널에 암시장 급등락·시장 사건 자동 알림을 설정합니다.,apocalypse_bot/commands/v37_gambling_experience.py,1034,command,world,world_misc
알림해제,,이 서버의 암시장 자동 알림을 해제합니다.,apocalypse_bot/commands/v37_gambling_experience.py,1038,command,play,gambling
알림상태,,암시장 자동 알림 채널과 상태를 확인합니다.,apocalypse_bot/commands/v37_gambling_experience.py,1042,command,play,gambling
카지노,casino,폐허 카지노 로비와 게임 목록을 확인합니다.,apocalypse_bot/commands/v39_casino.py,1301,group,play,casino
블랙잭,,히트·스탠드·더블다운 버튼으로 진행하는 블랙잭입니다.,apocalypse_bot/commands/v39_casino.py,1306,command,play,casino
하이로우,,다음 카드의 높낮이를 맞히고 연승 배당을 현금화합니다.,apocalypse_bot/commands/v39_casino.py,1311,command,play,casino
슬롯,,세 개의 릴을 돌리는 폐허 슬롯머신입니다.,apocalypse_bot/commands/v39_casino.py,1316,command,play,casino
다이스,,홀짝 또는 정확한 숫자를 예측하는 주사위 게임입니다.,apocalypse_bot/commands/v39_casino.py,1321,command,play,casino
바카라,,플레이어·뱅커·타이 중 하나에 배팅합니다.,apocalypse_bot/commands/v39_casino.py,1326,command,play,casino
룰렛,,1/6부터 위험도가 증가하는 기존 생존 룰렛을 실행합니다.,apocalypse_bot/commands/v39_casino.py,1339,command,play,casino
주파수,,세 개의 검은 신호를 맞추는 기존 주파수 슬롯을 실행합니다.,apocalypse_bot/commands/v39_casino.py,1344,command,play,casino
탐색,,왼쪽·오른쪽 폐허 통로를 선택하는 기존 방향 도박입니다.,apocalypse_bot/commands/v39_casino.py,1349,command,play,casino
잔액,,"카지노 전적, 실시간 칩, 오늘·누적 손익을 확인합니다.",apocalypse_bot/commands/v39_casino.py,1353,command,play,casino
기록,,최근 카지노 이용 내역과 결과를 확인합니다.,apocalypse_bot/commands/v39_casino.py,1357,command,main,story4
랭킹,,카지노 누적 순이익 상위 생존자를 확인합니다.,apocalypse_bot/commands/v39_casino.py,1361,command,main,codex
도움말,,"카지노 게임별 규칙, 배당, 배팅 범위를 확인합니다.",apocalypse_bot/commands/v39_casino.py,1365,command,main,exploration
블랙잭,,,apocalypse_bot/commands/v39_casino.py,1373,command,play,casino
하이로우,,,apocalypse_bot/commands/v39_casino.py,1378,command,play,casino
슬롯,,,apocalypse_bot/commands/v39_casino.py,1383,command,play,casino
다이스,,,apocalypse_bot/commands/v39_casino.py,1388,command,play,casino
바카라,,,apocalypse_bot/commands/v39_casino.py,1393,command,play,casino
카지노잔액,카지노자금,,apocalypse_bot/commands/v39_casino.py,1397,command,play,casino
카지노기록,,,apocalypse_bot/commands/v39_casino.py,1401,command,play,casino
카지노랭킹,,,apocalypse_bot/commands/v39_casino.py,1405,command,play,casino
카지노도움말,,,apocalypse_bot/commands/v39_casino.py,1409,command,play,casino
서버세팅,서버꾸미기,,apocalypse_bot/commands/v403_server_builder.py,469,group,system,server_setup
미리보기,preview | 확인,,apocalypse_bot/commands/v403_server_builder.py,475,command,social,voice
상태,status,,apocalypse_bot/commands/v403_server_builder.py,529,command,system,server_setup
취소,cancel,,apocalypse_bot/commands/v403_server_builder.py,550,command,system,server_setup
실행,start | 적용,,apocalypse_bot/commands/v403_server_builder.py,566,command,system,server_setup
환전,,식량과 카지노 칩을 교환합니다.,apocalypse_bot/commands/v40_black_casino.py,1006,command,play,casino
vip,,카지노 VIP 등급과 혜택을 확인합니다.,apocalypse_bot/commands/v40_black_casino.py,1010,command,play,casino
잭팟,,전 서버 누적 잭팟을 확인합니다.,apocalypse_bot/commands/v40_black_casino.py,1014,command,play,casino
미션,,오늘의 카지노 미션을 확인합니다.,apocalypse_bot/commands/v40_black_casino.py,1018,command,play,casino
미션보상,,완료한 카지노 미션 보상을 수령합니다. 0은 전부 수령,apocalypse_bot/commands/v40_black_casino.py,1022,command,main,quests
업적,,BLACK CASINO 100종 이상 업적을 페이지별로 확인합니다.,apocalypse_bot/commands/v40_black_casino.py,1026,command,main,quests
상점,,카지노 전용 NPC 상점을 확인합니다.,apocalypse_bot/commands/v40_black_casino.py,1030,command,play,gear
구매,,카지노 NPC 상점에서 아이템을 구매합니다.,apocalypse_bot/commands/v40_black_casino.py,1034,command,play,gear
럭키휠,,이용권 또는 칩으로 럭키휠을 돌립니다.,apocalypse_bot/commands/v40_black_casino.py,1039,command,play,casino
코인플립,,앞면 또는 뒷면에 카지노 칩을 배팅합니다.,apocalypse_bot/commands/v40_black_casino.py,1044,command,play,casino
올인,,보유 카지노 칩 전부를 코인플립에 배팅합니다.,apocalypse_bot/commands/v40_black_casino.py,1049,command,play,casino
시즌랭킹,,시즌·전체·오늘 TOP100 순이익 랭킹을 확인합니다.,apocalypse_bot/commands/v40_black_casino.py,1053,command,play,casino
카지노칩,,,apocalypse_bot/commands/v40_black_casino.py,1058,command,play,casino
카지노환전,,,apocalypse_bot/commands/v40_black_casino.py,1063,command,play,casino
카지노VIP,,,apocalypse_bot/commands/v40_black_casino.py,1067,command,play,casino
카지노잭팟,,,apocalypse_bot/commands/v40_black_casino.py,1071,command,play,casino
카지노미션,,,apocalypse_bot/commands/v40_black_casino.py,1075,command,play,casino
카지노미션보상,,,apocalypse_bot/commands/v40_black_casino.py,1079,command,play,casino
카지노업적,,,apocalypse_bot/commands/v40_black_casino.py,1083,command,play,casino
카지노상점,,,apocalypse_bot/commands/v40_black_casino.py,1087,command,play,casino
카지노구매,,,apocalypse_bot/commands/v40_black_casino.py,1091,command,play,casino
럭키휠,,,apocalypse_bot/commands/v40_black_casino.py,1096,command,play,casino
코인플립,,,apocalypse_bot/commands/v40_black_casino.py,1101,command,play,casino
올인,,,apocalypse_bot/commands/v40_black_casino.py,1106,command,play,casino
카지노딜러,,,apocalypse_bot/commands/v40_black_casino.py,1110,command,play,casino
카지노시즌랭킹,,,apocalypse_bot/commands/v40_black_casino.py,1114,command,play,casino
은행,,"예금, 출금, 은행 대출과 신용을 관리합니다.",apocalypse_bot/commands/v40_finance.py,526,group,play,economy
입금,,현금 식량을 은행 예금으로 이동합니다.,apocalypse_bot/commands/v40_finance.py,530,command,play,economy
출금,,은행 예금을 현금 식량으로 출금합니다.,apocalypse_bot/commands/v40_finance.py,534,command,play,economy
대출,,신용 한도 안에서 은행 대출을 받습니다.,apocalypse_bot/commands/v40_finance.py,538,command,play,economy
상환,,은행 대출금을 상환합니다.,apocalypse_bot/commands/v40_finance.py,542,command,play,economy
이자,,오늘까지의 예금·대출·사채 이자를 정산합니다.,apocalypse_bot/commands/v40_finance.py,546,command,play,economy
신용,,신용점수와 은행 대출 한도를 확인합니다.,apocalypse_bot/commands/v40_finance.py,550,command,play,economy
기록,,최근 은행 거래 기록을 확인합니다.,apocalypse_bot/commands/v40_finance.py,554,command,main,story4
사채,,"고금리 사금융 차입, 상환과 추심 위험을 관리합니다.",apocalypse_bot/commands/v40_finance.py,564,group,play,economy
빌리기,,은행 심사 없이 고금리 사채를 빌립니다.,apocalypse_bot/commands/v40_finance.py,568,command,play,economy
상환,,사채 빚을 상환합니다.,apocalypse_bot/commands/v40_finance.py,572,command,play,economy
추심,,현재 사채 추심 위험과 경고를 확인합니다.,apocalypse_bot/commands/v40_finance.py,576,command,play,economy
기록,,최근 사채 차입과 상환 기록을 확인합니다.,apocalypse_bot/commands/v40_finance.py,580,command,main,story4
입금,,,apocalypse_bot/commands/v40_finance.py,585,command,play,economy
출금,,,apocalypse_bot/commands/v40_finance.py,589,command,play,economy
대출,,,apocalypse_bot/commands/v40_finance.py,593,command,play,economy
상환,,,apocalypse_bot/commands/v40_finance.py,597,command,play,economy
은행이자,,,apocalypse_bot/commands/v40_finance.py,601,command,play,economy
신용,,,apocalypse_bot/commands/v40_finance.py,605,command,play,economy
은행기록,,,apocalypse_bot/commands/v40_finance.py,609,command,play,economy
사채빌리기,,,apocalypse_bot/commands/v40_finance.py,613,command,play,economy
사채상환,,,apocalypse_bot/commands/v40_finance.py,617,command,play,economy
사채추심,,,apocalypse_bot/commands/v40_finance.py,621,command,play,economy
사채기록,,,apocalypse_bot/commands/v40_finance.py,625,command,play,economy
운영도움말,,서버 운영 및 관리 명령어를 확인합니다.,apocalypse_bot/commands/v410_server_management.py,685,command,system,server_setup
운영초기설정,가드초기설정 | 운영설정초기화,현재 서버 구조를 감지해 운영 기능을 자동 연결합니다.,apocalypse_bot/commands/v410_server_management.py,740,command,system,server_setup
운영진단,가드진단,SERVER GUARD 명령 등록과 권한 상태를 확인합니다.,apocalypse_bot/commands/v410_server_management.py,876,command,system,server_setup
운영설정,,현재 서버 관리 설정을 확인합니다.,apocalypse_bot/commands/v410_server_management.py,919,command,system,server_setup
경고,,멤버에게 사유와 함께 경고를 부여합니다.,apocalypse_bot/commands/v410_server_management.py,968,command,system,server_setup
경고조회,,멤버의 활성 경고 기록을 확인합니다.,apocalypse_bot/commands/v410_server_management.py,992,command,system,server_setup
경고취소,,사건 번호로 활성 경고를 취소합니다.,apocalypse_bot/commands/v410_server_management.py,1016,command,system,server_setup
타임아웃,,멤버를 지정한 기간 동안 타임아웃합니다.,apocalypse_bot/commands/v410_server_management.py,1047,command,system,server_setup
타임아웃해제,,멤버의 타임아웃을 즉시 해제합니다.,apocalypse_bot/commands/v410_server_management.py,1077,command,system,server_setup
추방,,멤버를 서버에서 추방합니다.,apocalypse_bot/commands/v410_server_management.py,1108,command,system,server_setup
차단,,멤버를 서버에서 차단합니다.,apocalypse_bot/commands/v410_server_management.py,1139,command,system,server_setup
차단해제,,유저 ID로 서버 차단을 해제합니다.,apocalypse_bot/commands/v410_server_management.py,1170,command,system,server_setup
청소,,현재 채널의 최근 메시지를 일괄 삭제합니다.,apocalypse_bot/commands/v410_server_management.py,1199,command,system,server_setup
슬로우,,현재 채널의 느린 모드 시간을 설정합니다.,apocalypse_bot/commands/v410_server_management.py,1229,command,system,server_setup
채널잠금,,현재 채널에서 일반 멤버의 메시지 전송을 잠급니다.,apocalypse_bot/commands/v410_server_management.py,1246,command,system,server_setup
채널해제,,현재 채널의 메시지 잠금을 원래 상태로 복원합니다.,apocalypse_bot/commands/v410_server_management.py,1284,command,system,server_setup
닉네임,,멤버의 서버 닉네임을 변경하거나 초기화합니다.,apocalypse_bot/commands/v410_server_management.py,1312,command,system,server_setup
역할지급,,멤버에게 지정한 역할을 지급합니다.,apocalypse_bot/commands/v410_server_management.py,1338,command,system,server_setup
역할회수,,멤버에게서 지정한 역할을 회수합니다.,apocalypse_bot/commands/v410_server_management.py,1362,command,system,server_setup
로그채널,,운영 기록이 전송될 로그 채널을 지정합니다.,apocalypse_bot/commands/v410_server_management.py,1383,command,system,server_setup
환영채널,,신규 멤버 환영 메시지 채널을 지정합니다.,apocalypse_bot/commands/v410_server_management.py,1392,command,system,server_setup
인삿말설정,인사말설정 | 환영안내설정,환영 메시지에 표시할 공지·규칙·가입 채널을 지정합니다.,apocalypse_bot/commands/v410_server_management.py,1409,command,system,server_setup
인삿말미리보기,인사말미리보기 | 환영미리보기,,apocalypse_bot/commands/v410_server_management.py,1445,command,system,server_setup
인삿말상태,인사말상태,,apocalypse_bot/commands/v410_server_management.py,1471,command,system,server_setup
퇴장채널,,멤버 퇴장 메시지 채널을 지정합니다.,apocalypse_bot/commands/v410_server_management.py,1486,command,system,server_setup
자동역할,,신규 멤버에게 자동 지급할 역할을 지정합니다.,apocalypse_bot/commands/v410_server_management.py,1495,command,system,server_setup
자동역할해제,,신규 멤버 자동 역할을 해제합니다.,apocalypse_bot/commands/v410_server_management.py,1520,command,system,server_setup
관리역할추가,,SERVER GUARD 운영 명령어를 사용할 역할을 추가합니다.,apocalypse_bot/commands/v410_server_management.py,1532,command,system,server_setup
관리역할제거,,SERVER GUARD 운영 역할 등록을 해제합니다.,apocalypse_bot/commands/v410_server_management.py,1546,command,system,server_setup
자동관리,,"도배, 멘션 도배 등 자동 관리를 켜거나 끕니다.",apocalypse_bot/commands/v410_server_management.py,1557,command,system,server_setup
초대차단,,Discord 초대 링크 자동 삭제를 켜거나 끕니다.,apocalypse_bot/commands/v410_server_management.py,1569,command,system,server_setup
욕설차단,,관리자가 등록한 금칙어 자동 삭제를 켜거나 끕니다.,apocalypse_bot/commands/v410_server_management.py,1581,command,system,server_setup
욕설추가,,자동 삭제할 금칙어를 추가합니다.,apocalypse_bot/commands/v410_server_management.py,1593,command,system,server_setup
욕설삭제,,등록된 금칙어를 삭제합니다.,apocalypse_bot/commands/v410_server_management.py,1610,command,system,server_setup
욕설목록,,등록된 금칙어 목록을 운영진에게만 표시합니다.,apocalypse_bot/commands/v410_server_management.py,1623,command,system,server_setup
예외채널,,자동 관리가 작동하지 않을 채널을 추가합니다.,apocalypse_bot/commands/v410_server_management.py,1636,command,system,server_setup
예외채널해제,,자동 관리 예외 채널 등록을 해제합니다.,apocalypse_bot/commands/v410_server_management.py,1647,command,system,server_setup
자동처벌,,경고 누적 및 자동 관리 타임아웃을 켜거나 끕니다.,apocalypse_bot/commands/v410_server_management.py,1660,command,system,server_setup
문의패널,,버튼으로 문의 채널을 만드는 패널을 설치합니다.,apocalypse_bot/commands/v410_server_management.py,1672,command,system,server_setup
문의닫기,,현재 아바돈 문의 채널을 종료합니다.,apocalypse_bot/commands/v410_server_management.py,1687,command,system,server_setup
문의추가,,현재 문의 채널에 다른 멤버를 추가합니다.,apocalypse_bot/commands/v410_server_management.py,1699,command,system,server_setup
문의제거,,현재 문의 채널에서 멤버를 제거합니다.,apocalypse_bot/commands/v410_server_management.py,1723,command,system,server_setup
서버통계,,현재 서버의 운영 및 멤버 통계를 확인합니다.,apocalypse_bot/commands/v410_server_management.py,1745,command,system,server_setup
관리확장도움말,운영강화도움말,자동 이모지 및 확장 관리 명령어를 확인합니다.,apocalypse_bot/commands/v411_server_guard_plus.py,490,command,system,auto_emoji
운영강화설정,관리확장초기설정,자동 이모지 채널과 격리 역할을 자동 준비합니다.,apocalypse_bot/commands/v411_server_guard_plus.py,553,command,system,auto_emoji
자동이모지,,자동 이모지 반응 기능을 켜거나 끕니다.,apocalypse_bot/commands/v411_server_guard_plus.py,581,command,system,auto_emoji
이모지자동설정,,채널 이름을 보고 적절한 자동 반응 모드를 연결합니다.,apocalypse_bot/commands/v411_server_guard_plus.py,601,command,system,auto_emoji
이모지채널추가,,특정 채널에 자동 반응 프리셋을 연결합니다.,apocalypse_bot/commands/v411_server_guard_plus.py,613,command,system,auto_emoji
이모지채널삭제,,채널의 자동 이모지 규칙을 제거합니다.,apocalypse_bot/commands/v411_server_guard_plus.py,635,command,system,auto_emoji
이모지채널목록,,자동 반응이 연결된 채널 목록을 확인합니다.,apocalypse_bot/commands/v411_server_guard_plus.py,651,command,system,auto_emoji
이모지규칙추가,,키워드가 포함된 메시지에 자동 반응할 이모지를 추가합니다.,apocalypse_bot/commands/v411_server_guard_plus.py,668,command,system,auto_emoji
이모지규칙삭제,,번호로 키워드 자동 반응 규칙을 삭제합니다.,apocalypse_bot/commands/v411_server_guard_plus.py,687,command,system,auto_emoji
이모지규칙목록,,키워드 자동 반응 규칙을 확인합니다.,apocalypse_bot/commands/v411_server_guard_plus.py,699,command,system,auto_emoji
이모지프리셋목록,,기본 및 사용자 자동 반응 프리셋을 확인합니다.,apocalypse_bot/commands/v411_server_guard_plus.py,707,command,system,auto_emoji
이모지프리셋추가,,사용자 자동 반응 프리셋을 추가하거나 갱신합니다.,apocalypse_bot/commands/v411_server_guard_plus.py,724,command,system,auto_emoji
이모지프리셋삭제,,사용자 자동 반응 프리셋을 삭제합니다.,apocalypse_bot/commands/v411_server_guard_plus.py,749,command,system,auto_emoji
이모지첨부반응,,사진·영상·음성·파일 첨부 스마트 반응을 설정합니다.,apocalypse_bot/commands/v411_server_guard_plus.py,767,command,system,auto_emoji
이모지최대개수,,메시지 하나에 자동으로 추가할 반응 개수를 설정합니다.,apocalypse_bot/commands/v411_server_guard_plus.py,783,command,system,auto_emoji
이모지웹훅,,웹훅 메시지에도 자동 반응할지 설정합니다.,apocalypse_bot/commands/v411_server_guard_plus.py,794,command,system,auto_emoji
격리역할생성,,격리 역할과 채널 권한을 생성 또는 갱신합니다.,apocalypse_bot/commands/v411_server_guard_plus.py,814,command,system,security
안티레이드,,가입 폭주 및 신규 계정 격리 기능을 설정합니다.,apocalypse_bot/commands/v411_server_guard_plus.py,825,command,system,security
레이드설정,,가입 폭주 기준과 최소 계정 나이를 설정합니다.,apocalypse_bot/commands/v411_server_guard_plus.py,848,command,system,security
레이드자동잠금,,레이드 감지 시 서버 전체 잠금 여부를 설정합니다.,apocalypse_bot/commands/v411_server_guard_plus.py,862,command,system,security
레이드해제,,현재 레이드 감지 상태를 수동 해제합니다.,apocalypse_bot/commands/v411_server_guard_plus.py,874,command,system,security
격리,,멤버를 격리 역할로 제한합니다.,apocalypse_bot/commands/v411_server_guard_plus.py,885,command,system,security
격리해제,,멤버의 격리 역할을 제거합니다.,apocalypse_bot/commands/v411_server_guard_plus.py,896,command,system,security
소프트밴,,메시지를 정리한 뒤 즉시 차단 해제합니다.,apocalypse_bot/commands/v411_server_guard_plus.py,922,command,system,security
청소유저,,특정 멤버의 최근 메시지만 삭제합니다.,apocalypse_bot/commands/v411_server_guard_plus.py,959,command,system,security
청소봇,,최근 봇 메시지만 삭제합니다.,apocalypse_bot/commands/v411_server_guard_plus.py,965,command,system,security
청소링크,,최근 링크 포함 메시지만 삭제합니다.,apocalypse_bot/commands/v411_server_guard_plus.py,971,command,system,security
청소첨부,,최근 첨부 파일 메시지만 삭제합니다.,apocalypse_bot/commands/v411_server_guard_plus.py,977,command,system,security
사건조회,,SERVER GUARD 사건 번호의 상세 기록을 확인합니다.,apocalypse_bot/commands/v411_server_guard_plus.py,983,command,system,security
사건목록,,최근 사건 또는 특정 멤버의 사건 기록을 확인합니다.,apocalypse_bot/commands/v411_server_guard_plus.py,1003,command,system,security
멤버정보,운영유저정보,"멤버의 계정, 역할, 경고, 타임아웃 정보를 확인합니다.",apocalypse_bot/commands/v411_server_guard_plus.py,1020,command,system,security
서버잠금,,모든 텍스트 채널의 일반 멤버 전송을 잠급니다.,apocalypse_bot/commands/v411_server_guard_plus.py,1044,command,system,security
서버해제,,서버잠금으로 변경한 채널 권한을 원래대로 복원합니다.,apocalypse_bot/commands/v411_server_guard_plus.py,1056,command,system,security
비상모드,,"안티레이드, 높은 인증 수준, 서버 잠금을 한 번에 설정합니다.",apocalypse_bot/commands/v411_server_guard_plus.py,1068,command,system,security
공지전송,,지정 채널에 운영진 공지 임베드를 전송합니다.,apocalypse_bot/commands/v411_server_guard_plus.py,1109,command,system,security
투표,,현재 채널에 2~10개 선택지 투표를 만듭니다.,apocalypse_bot/commands/v411_server_guard_plus.py,1134,command,system,security
고정메시지,,현재 채널에 자동 재게시되는 고정 안내를 설정합니다.,apocalypse_bot/commands/v411_server_guard_plus.py,1149,command,system,security
고정간격,,현재 채널 고정 메시지 재게시 간격을 설정합니다.,apocalypse_bot/commands/v411_server_guard_plus.py,1188,command,system,security
채널복제,,현재 채널의 권한과 설정을 복제합니다.,apocalypse_bot/commands/v411_server_guard_plus.py,1206,command,system,security
역할복제,,"역할의 이름, 색상, 권한을 복제합니다.",apocalypse_bot/commands/v411_server_guard_plus.py,1221,command,system,security
서버점검,,"아바돈의 권한, 역할 순서, 관리 설정을 점검합니다.",apocalypse_bot/commands/v411_server_guard_plus.py,1242,command,system,security
운영도구도움말,운영센터도움말,V4.2 운영 보조 명령어를 확인합니다.,apocalypse_bot/commands/v420_ops_center.py,112,command,system,security
운영대시보드,운영센터,SERVER GUARD 주요 설정과 운영 상태를 한 화면에 표시합니다.,apocalypse_bot/commands/v420_ops_center.py,142,command,system,security
봇권한,권한점검,현재 서버와 채널에서 아바돈이 가진 권한을 점검합니다.,apocalypse_bot/commands/v420_ops_center.py,221,command,system,security
운영설정내보내기,운영백업,현재 서버의 SERVER GUARD 설정만 JSON으로 내보냅니다.,apocalypse_bot/commands/v420_ops_center.py,259,command,system,security
채널정보,,채널 설정과 주요 권한 상태를 확인합니다.,apocalypse_bot/commands/v420_ops_center.py,279,command,system,security
역할정보,,"역할의 서열, 인원, 색상과 핵심 권한을 확인합니다.",apocalypse_bot/commands/v420_ops_center.py,327,command,system,security
대화금지,채널뮤트,현재 채널에서 특정 멤버의 전송과 반응을 제한합니다.,apocalypse_bot/commands/v420_ops_center.py,366,command,system,security
대화허용,채널언뮤트,대화금지 전에 저장한 채널 권한으로 복구합니다.,apocalypse_bot/commands/v420_ops_center.py,412,command,system,security
운영메모,,관리자 로그용 운영 메모를 저장합니다.,apocalypse_bot/commands/v420_ops_center.py,444,command,system,security
운영메모목록,,최근 운영 메모를 확인합니다.,apocalypse_bot/commands/v420_ops_center.py,483,command,system,security
운영메모삭제,,번호로 운영 메모를 삭제합니다.,apocalypse_bot/commands/v420_ops_center.py,505,command,system,security
투표종료,,현재 채널의 아바돈 투표 메시지를 집계합니다.,apocalypse_bot/commands/v420_ops_center.py,519,command,system,security
운영편의도움말,편의도움말,V4.2.1 셀프 역할과 편의 명령어를 확인합니다.,apocalypse_bot/commands/v421_utility_pack.py,148,command,system,server_setup
셀프역할추가,,셀프 역할 패널에 사용할 이모지와 역할을 등록합니다.,apocalypse_bot/commands/v421_utility_pack.py,181,command,system,server_setup
셀프역할삭제,,등록된 셀프 역할 항목을 이모지로 삭제합니다.,apocalypse_bot/commands/v421_utility_pack.py,224,command,system,server_setup
셀프역할목록,,현재 등록된 셀프 역할 항목을 확인합니다.,apocalypse_bot/commands/v421_utility_pack.py,239,command,system,server_setup
셀프역할패널,,현재 채널에 반응형 셀프 역할 패널을 만듭니다.,apocalypse_bot/commands/v421_utility_pack.py,255,command,system,server_setup
셀프역할패널목록,,저장된 셀프 역할 패널의 채널과 메시지 ID를 확인합니다.,apocalypse_bot/commands/v421_utility_pack.py,332,command,system,server_setup
셀프역할패널삭제,,메시지 ID로 셀프 역할 패널 등록과 메시지를 삭제합니다.,apocalypse_bot/commands/v421_utility_pack.py,353,command,system,server_setup
최근가입,,최근 서버에 들어온 멤버를 가입 순서대로 확인합니다.,apocalypse_bot/commands/v421_utility_pack.py,393,command,system,server_setup
의심계정,,생성된 지 얼마 안 된 계정을 운영 점검용으로 표시합니다.,apocalypse_bot/commands/v421_utility_pack.py,419,command,system,server_setup
역할멤버,,특정 역할을 가진 멤버를 확인합니다.,apocalypse_bot/commands/v421_utility_pack.py,449,command,system,server_setup
아바타,,자신 또는 멘션한 멤버의 프로필 이미지를 표시합니다.,apocalypse_bot/commands/v421_utility_pack.py,469,command,system,server_setup
서버아이콘,,현재 서버의 아이콘 원본을 표시합니다.,apocalypse_bot/commands/v421_utility_pack.py,480,command,system,server_setup
가입일,,자신 또는 멘션한 멤버의 계정 생성일과 서버 가입일을 표시합니다.,apocalypse_bot/commands/v421_utility_pack.py,493,command,system,server_setup
핑,지연시간,아바돈의 Discord 연결 지연시간을 표시합니다.,apocalypse_bot/commands/v421_utility_pack.py,524,command,system,server_setup
보안센터도움말,보안도움말,V4.2.2 보안센터와 분리 로그 명령어를 확인합니다.,apocalypse_bot/commands/v422_security_center.py,249,command,system,security
보안초기설정,로그초기설정,비공개 보안센터와 분리 로그 채널을 자동 생성합니다.,apocalypse_bot/commands/v422_security_center.py,285,command,system,security
로그채널설정,,보안/메시지/멤버/운영 로그 채널을 개별 지정합니다.,apocalypse_bot/commands/v422_security_center.py,402,command,system,security
보안상태,보안대시보드,분리 로그와 자동 관리 설정을 한 화면에 표시합니다.,apocalypse_bot/commands/v422_security_center.py,417,command,system,security
보안테스트,,분리 로그 채널 4곳에 테스트 메시지를 전송합니다.,apocalypse_bot/commands/v422_security_center.py,473,command,system,security
자동관리모드,,자동관리 적발 시 알림만/삭제/타임아웃 처리 중 하나를 선택합니다.,apocalypse_bot/commands/v422_security_center.py,493,command,system,security
자동관리기준,,"도배, 멘션, 누적 횟수와 자동 타임아웃 기준을 설정하거나 확인합니다.",apocalypse_bot/commands/v422_security_center.py,513,command,system,security
초대허용채널,,Discord 초대 링크 차단에서 제외할 채널을 추가합니다.,apocalypse_bot/commands/v422_security_center.py,545,command,system,security
초대허용해제,,Discord 초대 링크 허용 채널에서 제거합니다.,apocalypse_bot/commands/v422_security_center.py,555,command,system,security
초대허용목록,,Discord 초대 링크 차단에서 제외된 채널을 확인합니다.,apocalypse_bot/commands/v422_security_center.py,565,command,system,security
신생계정알림,,설정한 일수보다 새 계정이 가입하면 보안 로그로 알립니다.,apocalypse_bot/commands/v422_security_center.py,574,command,system,security
내경고,내제재,자신의 활성 경고와 최근 제재 기록을 확인합니다.,apocalypse_bot/commands/v422_security_center.py,588,command,system,security
제재기록,,운영진이 전체 또는 특정 멤버의 최근 제재 기록을 확인합니다.,apocalypse_bot/commands/v422_security_center.py,620,command,system,security
접수센터도움말,접수도움말,V4.2.3 문의·신고·건의 처리센터 명령어를 확인합니다.,apocalypse_bot/commands/v423_intake_center.py,637,command,social,support
접수초기설정,,접수 카테고리와 처리 로그를 연결하고 현재 채널에 패널을 설치합니다.,apocalypse_bot/commands/v423_intake_center.py,686,command,social,support
접수패널,,현재 채널에 유형별 문의·신고·건의 접수 패널을 설치합니다.,apocalypse_bot/commands/v423_intake_center.py,727,command,social,support
접수센터상태,,접수센터 채널 연결과 처리 통계를 확인합니다.,apocalypse_bot/commands/v423_intake_center.py,733,command,social,support
접수현황,,열린 접수 대기열을 상태별로 확인합니다.,apocalypse_bot/commands/v423_intake_center.py,753,command,social,support
접수정보,,현재 접수 채널의 처리 정보를 확인합니다.,apocalypse_bot/commands/v423_intake_center.py,802,command,social,support
접수담당,,현재 접수의 담당 운영자를 지정합니다.,apocalypse_bot/commands/v423_intake_center.py,817,command,social,support
접수담당해제,,현재 접수의 담당자 배정을 해제합니다.,apocalypse_bot/commands/v423_intake_center.py,841,command,social,support
접수상태,,현재 접수의 처리 상태를 변경합니다.,apocalypse_bot/commands/v423_intake_center.py,857,command,social,support
접수우선순위,접수우선도,현재 접수의 우선순위를 변경합니다.,apocalypse_bot/commands/v423_intake_center.py,878,command,social,support
접수메모,,현재 접수에 운영진 전용 처리 메모를 저장합니다.,apocalypse_bot/commands/v423_intake_center.py,899,command,social,support
답변양식추가,,접수 채널에서 사용할 빠른 답변 양식을 등록합니다. 이름 | 내용,apocalypse_bot/commands/v423_intake_center.py,938,command,social,support
답변양식삭제,,등록된 빠른 답변 양식을 삭제합니다.,apocalypse_bot/commands/v423_intake_center.py,959,command,social,support
답변양식목록,,등록된 빠른 답변 양식 목록을 확인합니다.,apocalypse_bot/commands/v423_intake_center.py,971,command,social,support
빠른답변,,현재 접수 채널에 등록된 답변 양식을 전송합니다.,apocalypse_bot/commands/v423_intake_center.py,982,command,social,support
내접수,,현재 열린 접수 상태를 DM으로 확인합니다.,apocalypse_bot/commands/v423_intake_center.py,1010,command,social,support
접수종료,,현재 접수를 기록과 함께 종료합니다.,apocalypse_bot/commands/v423_intake_center.py,1031,command,social,support
시즌2,백색방주 | 후일담,,apocalypse_bot/commands/v430_story_expedition.py,720,group,main,story2
시작,,,apocalypse_bot/commands/v430_story_expedition.py,731,command,main,story4
선택,,,apocalypse_bot/commands/v430_story_expedition.py,757,command,main,story4
기록,,,apocalypse_bot/commands/v430_story_expedition.py,832,command,main,story4
재시작,,,apocalypse_bot/commands/v430_story_expedition.py,856,command,main,story4
원정,원정대,,apocalypse_bot/commands/v430_story_expedition.py,1027,group,main,exploration
도움말,,,apocalypse_bot/commands/v430_story_expedition.py,1057,command,main,exploration
목록,,,apocalypse_bot/commands/v430_story_expedition.py,1076,command,social,companions
출발,,,apocalypse_bot/commands/v430_story_expedition.py,1094,command,main,exploration
행동,,,apocalypse_bot/commands/v430_story_expedition.py,1142,command,main,exploration
포기,,,apocalypse_bot/commands/v430_story_expedition.py,1358,command,main,exploration
보급,,,apocalypse_bot/commands/v430_story_expedition.py,1375,command,main,exploration
유물,,,apocalypse_bot/commands/v430_story_expedition.py,1399,command,main,quests
기록,,,apocalypse_bot/commands/v430_story_expedition.py,1415,command,main,story4
랭킹,,,apocalypse_bot/commands/v430_story_expedition.py,1426,command,main,codex
신규장비,장비패치,,apocalypse_bot/commands/v431_growth_balance.py,413,command,main,quests
경제밸런스,경제변경,,apocalypse_bot/commands/v431_growth_balance.py,427,command,main,quests
유물,,,apocalypse_bot/commands/v431_growth_balance.py,442,group,main,quests
장착,,,apocalypse_bot/commands/v431_growth_balance.py,467,command,play,gear
해제,,,apocalypse_bot/commands/v431_growth_balance.py,486,command,play,gear
강화,,,apocalypse_bot/commands/v431_growth_balance.py,501,command,play,gear
분해,,,apocalypse_bot/commands/v431_growth_balance.py,528,command,main,quests
장비,,,apocalypse_bot/commands/v431_growth_balance.py,550,command,play,gear
임무,,,apocalypse_bot/commands/v431_growth_balance.py,563,command,main,quests
임무보상,,,apocalypse_bot/commands/v431_growth_balance.py,581,command,main,quests
복구,,,apocalypse_bot/commands/v431_growth_balance.py,611,command,main,quests
장면,,,apocalypse_bot/commands/v431_growth_balance.py,632,command,main,story2
수집,,,apocalypse_bot/commands/v431_growth_balance.py,657,command,main,quests
계승,,,apocalypse_bot/commands/v431_growth_balance.py,676,command,main,story2
복구,,,apocalypse_bot/commands/v431_growth_balance.py,692,command,main,quests
강화기록,,최근 강화 결과 10개를 확인합니다.,apocalypse_bot/commands/v432_forge_live.py,1059,command,play,gear
강화연출,,강화 단계별 장비 표시 이름과 장인의 열기를 안내합니다.,apocalypse_bot/commands/v432_forge_live.py,1077,command,play,gear
실시간피드상태,,Background Worker와 홈페이지 실시간 피드 릴레이 상태를 확인합니다.,apocalypse_bot/commands/v432_forge_live.py,1088,command,play,gear
실시간피드,,홈페이지 공개 이벤트 피드를 켜거나 끕니다.,apocalypse_bot/commands/v432_forge_live.py,1120,command,play,gear
실시간공지,,공식 홈페이지 실시간 피드에 공개 공지를 등록합니다.,apocalypse_bot/commands/v432_forge_live.py,1136,command,play,gear
실시간피드테스트,,별도 Web Service로 테스트 이벤트와 상태 심박을 직접 전송합니다.,apocalypse_bot/commands/v432_forge_live.py,1154,command,play,gear
TTS,티티에스 | 음성성역,,apocalypse_bot/commands/v433_voice_sanctuary.py,1373,group,social,voice
음성입장,보이스입장,,apocalypse_bot/commands/v433_voice_sanctuary.py,1395,command,social,voice
음성퇴장,보이스퇴장,,apocalypse_bot/commands/v433_voice_sanctuary.py,1412,command,social,voice
말해,읽어 | say,,apocalypse_bot/commands/v433_voice_sanctuary.py,1425,command,social,voice
채널,채널설정 | 자동채널 | setchannel,,apocalypse_bot/commands/v433_voice_sanctuary.py,1475,command,social,voice
TTS채널,채널설정 | TTS채널설정,,apocalypse_bot/commands/v433_voice_sanctuary.py,1483,command,social,voice
켜기,on,,apocalypse_bot/commands/v433_voice_sanctuary.py,1491,command,social,voice
끄기,off,,apocalypse_bot/commands/v433_voice_sanctuary.py,1514,command,social,voice
음성채널,보이스채널,,apocalypse_bot/commands/v433_voice_sanctuary.py,1525,command,social,voice
목소리,음성,,apocalypse_bot/commands/v433_voice_sanctuary.py,1538,command,social,voice
기본목소리,서버목소리 | defaultvoice,,apocalypse_bot/commands/v433_voice_sanctuary.py,1566,command,social,voice
엔진,provider,,apocalypse_bot/commands/v433_voice_sanctuary.py,1586,command,social,voice
TTS엔진,,,apocalypse_bot/commands/v433_voice_sanctuary.py,1604,command,social,voice
음성격리초기화,음성복구 | voice-reset,,apocalypse_bot/commands/v433_voice_sanctuary.py,1608,command,social,voice
속도,,,apocalypse_bot/commands/v433_voice_sanctuary.py,1620,command,social,voice
볼륨,,,apocalypse_bot/commands/v433_voice_sanctuary.py,1633,command,social,voice
대기열,queue,,apocalypse_bot/commands/v433_voice_sanctuary.py,1646,command,social,voice
비우기,clear,,apocalypse_bot/commands/v433_voice_sanctuary.py,1655,command,social,voice
진단,diagnose | 검사,,apocalypse_bot/commands/v433_voice_sanctuary.py,1665,command,social,voice
상태,status,,apocalypse_bot/commands/v433_voice_sanctuary.py,1689,command,system,server_setup
목소리,,내 TTS 목소리를 드롭다운에서 선택합니다.,apocalypse_bot/commands/v433_voice_sanctuary.py,1770,command,social,voice
내설정,,내 TTS 목소리와 서버 기본 설정을 확인합니다.,apocalypse_bot/commands/v433_voice_sanctuary.py,1783,command,social,voice
초기화,,내 개인 목소리 설정을 지우고 서버 기본값을 사용합니다.,apocalypse_bot/commands/v433_voice_sanctuary.py,1799,command,social,voice
미리듣기,,선택한 목소리를 지정 음성 채널에서 시험 재생합니다.,apocalypse_bot/commands/v433_voice_sanctuary.py,1814,command,social,voice
기본목소리,,개인 설정이 없는 사용자의 서버 기본 목소리를 정합니다.,apocalypse_bot/commands/v433_voice_sanctuary.py,1843,command,social,voice
엔진,,서버 TTS 합성 엔진을 선택합니다.,apocalypse_bot/commands/v433_voice_sanctuary.py,1861,command,social,voice
채널,,현재 채널을 TTS 채팅 채널로 지정합니다.,apocalypse_bot/commands/v433_voice_sanctuary.py,1872,command,social,voice
켜기,,저장된 채널에서 자동 TTS를 켭니다.,apocalypse_bot/commands/v433_voice_sanctuary.py,1893,command,social,voice
끄기,,자동 TTS를 끄고 대기열을 비웁니다.,apocalypse_bot/commands/v433_voice_sanctuary.py,1908,command,social,voice
서버리뉴얼,서버정리 | 서버디자인,,apocalypse_bot/commands/v433_voice_sanctuary.py,2083,group,social,voice
테마목록,themes | 테마,,apocalypse_bot/commands/v433_voice_sanctuary.py,2209,command,social,voice
미리보기,preview,,apocalypse_bot/commands/v433_voice_sanctuary.py,2224,command,social,voice
적용,apply | 계획,,apocalypse_bot/commands/v433_voice_sanctuary.py,2234,command,social,voice
게임미리보기,봇게임미리보기 | 게임프리뷰,,apocalypse_bot/commands/v433_voice_sanctuary.py,2285,command,social,voice
게임정리,봇게임정리 | 게임채널정리,,apocalypse_bot/commands/v433_voice_sanctuary.py,2295,command,social,voice
백업,수동백업 | backup,,apocalypse_bot/commands/v433_voice_sanctuary.py,2340,command,social,voice
백업목록,backups | 복구목록,,apocalypse_bot/commands/v433_voice_sanctuary.py,2356,command,system,audit
되돌리기,undo | 복원,,apocalypse_bot/commands/v433_voice_sanctuary.py,2425,command,social,voice
다음,next | 계속,,apocalypse_bot/commands/v433_voice_sanctuary.py,2489,command,social,voice
계획상태,planstatus | 적용상태,,apocalypse_bot/commands/v433_voice_sanctuary.py,2590,command,social,voice
자동시작,autostart | 자동진행,,apocalypse_bot/commands/v433_voice_sanctuary.py,2692,command,social,voice
자동중지,autostop | 자동일시정지,,apocalypse_bot/commands/v433_voice_sanctuary.py,2736,command,social,voice
자동상태,autostatus,,apocalypse_bot/commands/v433_voice_sanctuary.py,2752,command,social,voice
429상태,ratelimit | 쿨다운 | 안전대기,,apocalypse_bot/commands/v433_voice_sanctuary.py,2775,command,social,voice
계획취소,plancancel | 적용취소,,apocalypse_bot/commands/v433_voice_sanctuary.py,2797,command,social,voice
복구다음,recovernext | 복구계속,,apocalypse_bot/commands/v433_voice_sanctuary.py,2816,command,social,voice
복구상태,recoverstatus,,apocalypse_bot/commands/v433_voice_sanctuary.py,2935,command,social,voice
복구취소,recovercancel,,apocalypse_bot/commands/v433_voice_sanctuary.py,2958,command,social,voice
중지,stop | 취소,,apocalypse_bot/commands/v433_voice_sanctuary.py,2971,command,social,voice
작업상태,progress | 진행상태,,apocalypse_bot/commands/v433_voice_sanctuary.py,2997,command,social,voice
긴급정리,cleanup | 잔여정리,,apocalypse_bot/commands/v433_voice_sanctuary.py,3012,command,social,voice
상태,status,,apocalypse_bot/commands/v433_voice_sanctuary.py,3059,command,system,server_setup
빈카테고리,empty,,apocalypse_bot/commands/v433_voice_sanctuary.py,3074,command,social,voice
빈카테고리선택,emptyselect | 선택삭제,,apocalypse_bot/commands/v433_voice_sanctuary.py,3180,command,social,voice
빈카테고리삭제,cleanempty,,apocalypse_bot/commands/v433_voice_sanctuary.py,3193,command,social,voice
서버메뉴,채널메뉴 | 안내패널,,apocalypse_bot/commands/v433_voice_sanctuary.py,3241,group,social,voice
생성,create,,apocalypse_bot/commands/v433_voice_sanctuary.py,3248,command,social,voice
갱신,update,,apocalypse_bot/commands/v433_voice_sanctuary.py,3268,command,system,server_setup
삭제,delete,,apocalypse_bot/commands/v433_voice_sanctuary.py,3287,command,social,chat
아바돈진단,진단센터 | 통합진단,ABADDON 주요 시스템을 드롭다운으로 통합 진단합니다.,apocalypse_bot/commands/v521_diagnostics.py,920,command,system,audit
설정,아바돈설정 | 설정센터,서버 주요 설정을 드롭다운에서 관리합니다.,apocalypse_bot/commands/v521_diagnostics.py,933,command,system,audit
게임,게임센터 | 게임메뉴 | rpg메뉴,,apocalypse_bot/commands/v600_game_center.py,2565,command,system,help
시즌3,종말의왕좌 | 왕좌,,apocalypse_bot/commands/v600_game_center.py,2578,group,main,story3
시작,,,apocalypse_bot/commands/v600_game_center.py,2585,command,main,story4
선택,,,apocalypse_bot/commands/v600_game_center.py,2614,command,main,story4
기록,,,apocalypse_bot/commands/v600_game_center.py,2686,command,main,story4
재시작,,,apocalypse_bot/commands/v600_game_center.py,2705,command,main,story4
채널규칙,규칙작성 | 규칙고정 | 채널안내 | 채널가이드 | 서버가이드,,apocalypse_bot/commands/v602_channel_rules.py,1733,group,system,server_setup
자동,,,apocalypse_bot/commands/v602_channel_rules.py,1762,command,system,server_setup
일괄설치,일괄 | 대량설치,,apocalypse_bot/commands/v602_channel_rules.py,1774,command,system,server_setup
전체설치,서버전체 | 가이드전체 | 전체가이드,,apocalypse_bot/commands/v602_channel_rules.py,1794,command,system,server_setup
일괄상태,,,apocalypse_bot/commands/v602_channel_rules.py,1863,command,system,server_setup
일괄시작,일괄재개,,apocalypse_bot/commands/v602_channel_rules.py,1875,command,system,server_setup
일괄중지,,,apocalypse_bot/commands/v602_channel_rules.py,1894,command,system,server_setup
목록,,,apocalypse_bot/commands/v602_channel_rules.py,1907,command,social,companions
상태,,,apocalypse_bot/commands/v602_channel_rules.py,1925,command,system,server_setup
갱신,,,apocalypse_bot/commands/v602_channel_rules.py,1944,command,system,server_setup
제거,,,apocalypse_bot/commands/v602_channel_rules.py,1959,command,system,server_setup
땅파기,굴착 | 삽질,,apocalypse_bot/commands/v610_digging_treasure.py,505,command,play,life
보물감정,보물감정소 | 감정소,,apocalypse_bot/commands/v610_digging_treasure.py,618,command,play,life
감정사,감정사목록,,apocalypse_bot/commands/v610_digging_treasure.py,649,command,play,life
보물함,땅파기상태 | 굴착상태,,apocalypse_bot/commands/v610_digging_treasure.py,655,command,play,life
대화,대화센터 | 아바돈대화 | chatcenter | conversationcenter,아바돈 대화·기억 드롭다운 제어실을 엽니다.,apocalypse_bot/commands/v620_dialogue_memory.py,1166,command,social,chat
아바돈,말걸기 | chat | talktoabaddon,모달 없이 아바돈과 연속 대화를 시작하거나 바로 질문합니다.,apocalypse_bot/commands/v620_dialogue_memory.py,1170,command,social,chat
대화종료,말걸기종료 | 대화끝 | endchat | stopconversation,현재 채널에서 진행 중인 아바돈 연속 대화를 종료합니다.,apocalypse_bot/commands/v620_dialogue_memory.py,1188,command,social,chat
가르치기,기억등록 | 지식등록,서버 전용 질문과 답변 등록 양식을 엽니다.,apocalypse_bot/commands/v620_dialogue_memory.py,1195,command,social,chat
지식,기억,서버 승인 기억과 검수 상태를 관리합니다.,apocalypse_bot/commands/v620_dialogue_memory.py,1202,group,social,chat
목록,,,apocalypse_bot/commands/v620_dialogue_memory.py,1224,command,social,companions
검색,,,apocalypse_bot/commands/v620_dialogue_memory.py,1239,command,social,chat
지식검색,,승인된 서버 기억을 검색합니다.,apocalypse_bot/commands/v620_dialogue_memory.py,1259,command,social,chat
검수,,,apocalypse_bot/commands/v620_dialogue_memory.py,1264,command,social,chat
지식검수,,운영진이 대기 중인 기억을 드롭다운으로 검수합니다.,apocalypse_bot/commands/v620_dialogue_memory.py,1320,command,social,chat
삭제,,,apocalypse_bot/commands/v620_dialogue_memory.py,1325,command,social,chat
자동반응,,,apocalypse_bot/commands/v620_dialogue_memory.py,1339,command,social,chat
오늘의질문,하루질문,서버 구성원이 답할 수 있는 오늘의 대화 질문을 엽니다.,apocalypse_bot/commands/v620_dialogue_memory.py,1355,command,social,chat
밸런스게임,생존밸런스,두 가지 생존 선택지를 반응으로 투표합니다.,apocalypse_bot/commands/v620_dialogue_memory.py,1361,command,social,chat
교감,교감도,아바돈과의 대화 누적 기록을 확인합니다.,apocalypse_bot/commands/v620_dialogue_memory.py,1365,command,social,chat
한마디,아바돈한마디,ABADDON 세계관의 짧은 원문 한마디를 표시합니다.,apocalypse_bot/commands/v620_dialogue_memory.py,1381,command,social,chat
응원,응원해줘,자신 또는 선택한 멤버에게 짧은 응원 메시지를 전합니다.,apocalypse_bot/commands/v620_dialogue_memory.py,1386,command,social,chat
월드보스목록,보스목록 | 월보목록 | worldbosslist,,apocalypse_bot/commands/v630_world_boss.py,1104,command,play,combat
월드보스기여도,내기여도 | 월보기여도,,apocalypse_bot/commands/v630_world_boss.py,1110,command,play,combat
월드보스보상목록,월보보상목록 | worldbossrewards,,apocalypse_bot/commands/v630_world_boss.py,1151,command,play,combat
월드보스보상,보스보상 | 월보보상,,apocalypse_bot/commands/v630_world_boss.py,1179,command,play,combat
월드보스이력,월보이력 | worldbosshistory,,apocalypse_bot/commands/v630_world_boss.py,1252,command,play,combat
월드보스도감,월보도감,,apocalypse_bot/commands/v630_world_boss.py,1271,command,play,combat
월드보스테스트,월보테스트 | worldbosstest,,apocalypse_bot/commands/v630_world_boss.py,1291,command,play,combat
월드보스테스트상태,월보테스트상태 | worldbossteststatus,,apocalypse_bot/commands/v630_world_boss.py,1322,command,play,combat
월드보스테스트공격,월보테스트공격 | worldbosstestattack,,apocalypse_bot/commands/v630_world_boss.py,1334,command,play,combat
월드보스테스트종료,월보테스트종료 | worldbosstestend,,apocalypse_bot/commands/v630_world_boss.py,1338,command,play,combat
인카운트도감,조우도감 | 랜덤이벤트도감,,apocalypse_bot/commands/v631_life_visuals.py,408,command,play,life
인카운트도감,조우도감 | 랜덤이벤트도감,,apocalypse_bot/commands/v632_life_visuals.py,350,command,play,life
장비외형,장비비주얼 | 강화외형,,apocalypse_bot/commands/v633_equipment_crafting.py,455,command,play,gear
날씨,,,apocalypse_bot/commands/v636_world_combat.py,265,command,world,disaster
자원시장,,,apocalypse_bot/commands/v636_world_combat.py,282,command,play,combat
자원구매,,,apocalypse_bot/commands/v636_world_combat.py,304,command,play,economy
자원판매,,,apocalypse_bot/commands/v636_world_combat.py,325,command,play,economy
기지칩교환,,,apocalypse_bot/commands/v636_world_combat.py,347,command,play,combat
기지방어,,,apocalypse_bot/commands/v636_world_combat.py,382,command,play,combat
기지방어공격,,,apocalypse_bot/commands/v636_world_combat.py,401,command,play,combat
전투,,,apocalypse_bot/commands/v636_world_combat.py,666,command,play,combat
던전전술,,,apocalypse_bot/commands/v636_world_combat.py,670,command,play,combat
전투상태,,,apocalypse_bot/commands/v636_world_combat.py,674,command,play,combat
전투포기,,,apocalypse_bot/commands/v636_world_combat.py,685,command,play,combat
오늘의,오늘의운세 | 운세,,apocalypse_bot/commands/v637_dynamic_events.py,403,command,play,party_games
무전,무전해독 | 구조신호 | sos | SOS,,apocalypse_bot/commands/v637_dynamic_events.py,532,command,main,exploration
내구도,,,apocalypse_bot/commands/v637_dynamic_events.py,553,command,play,gear
무기수리,수리,,apocalypse_bot/commands/v637_dynamic_events.py,575,command,play,party_games
개조목록,,,apocalypse_bot/commands/v637_dynamic_events.py,612,command,play,gear
개조부품제작,부품제작,,apocalypse_bot/commands/v637_dynamic_events.py,625,command,play,gear
무기개조,개조,,apocalypse_bot/commands/v637_dynamic_events.py,657,command,play,gear
개조해제,,,apocalypse_bot/commands/v637_dynamic_events.py,689,command,play,gear
까마귀,떠돌이상인 | 게릴라상점,,apocalypse_bot/commands/v637_dynamic_events.py,727,command,play,party_games
까마귀구매,,,apocalypse_bot/commands/v637_dynamic_events.py,755,command,play,economy
위험구역,돌연변이구역 | 오염구역,,apocalypse_bot/commands/v637_dynamic_events.py,798,command,main,exploration
랜덤박스,대형랜덤박스 | 보급박스,,apocalypse_bot/commands/v637_dynamic_events.py,814,command,play,party_games
테스트,패치테스트,,apocalypse_bot/commands/v637_dynamic_events.py,902,command,play,party_games
괴질탈출,크래시 | 괴질크래시,,apocalypse_bot/commands/v638_hardcore_arcade.py,833,command,play,combat
비상주파수,주파수가로채기 | 타이밍주파수,,apocalypse_bot/commands/v638_hardcore_arcade.py,852,command,play,party_games
지뢰찾기,폐허횡단 | 마인즈,,apocalypse_bot/commands/v638_hardcore_arcade.py,871,command,play,party_games
돌연변이경주,투기장경주 | 괴수경주,,apocalypse_bot/commands/v638_hardcore_arcade.py,921,command,play,party_games
돌연변이배팅,투기장배팅,,apocalypse_bot/commands/v638_hardcore_arcade.py,938,command,play,party_games
오염문,폐허3지선다 | 세개의문,,apocalypse_bot/commands/v638_hardcore_arcade.py,966,command,play,combat
비상보급상자,전리품상자 | 프리미엄랜덤박스,,apocalypse_bot/commands/v638_hardcore_arcade.py,981,command,play,party_games
선물거래,감염선물 | 레버리지,,apocalypse_bot/commands/v638_hardcore_arcade.py,1042,command,play,party_games
괴수투기장,펫데스매치,,apocalypse_bot/commands/v638_hardcore_arcade.py,1094,command,play,party_games
영혼결투,영혼의데스매치 | 고위험PVP,,apocalypse_bot/commands/v638_hardcore_arcade.py,1116,command,play,combat
벙커개설,,,apocalypse_bot/commands/v638_hardcore_arcade.py,1137,command,play,combat
벙커참가,,,apocalypse_bot/commands/v638_hardcore_arcade.py,1164,command,play,combat
벙커상태,,,apocalypse_bot/commands/v638_hardcore_arcade.py,1187,command,play,combat
벙커투표,,,apocalypse_bot/commands/v638_hardcore_arcade.py,1200,command,play,combat
벙커진행,,,apocalypse_bot/commands/v638_hardcore_arcade.py,1221,command,play,combat
하이에나,시체파밍 | 잔해약탈,,apocalypse_bot/commands/v638_hardcore_arcade.py,1263,command,play,party_games
금고개설,카지노금고개설,,apocalypse_bot/commands/v638_hardcore_arcade.py,1291,command,play,casino
금고참가,,,apocalypse_bot/commands/v638_hardcore_arcade.py,1310,command,play,combat
금고시작,,,apocalypse_bot/commands/v638_hardcore_arcade.py,1333,command,play,combat
생물테러준비,바이러스구매,,apocalypse_bot/commands/v638_hardcore_arcade.py,1352,command,play,combat
생물테러수신,테러수신,,apocalypse_bot/commands/v638_hardcore_arcade.py,1369,command,play,combat
생물테러,바이러스테러,,apocalypse_bot/commands/v638_hardcore_arcade.py,1385,command,play,combat
이벤트채널설정,세계이벤트채널,,apocalypse_bot/commands/v639_frontier_operations.py,529,command,world,world_misc
알림설정,이벤트알림,,apocalypse_bot/commands/v639_frontier_operations.py,540,command,world,world_misc
우편발송,관리자우편,,apocalypse_bot/commands/v639_frontier_operations.py,564,command,world,world_misc
우편함,메일함,,apocalypse_bot/commands/v639_frontier_operations.py,588,command,world,world_misc
받기,우편받기,,apocalypse_bot/commands/v639_frontier_operations.py,612,command,world,world_misc
다크존,다크존도움말,,apocalypse_bot/commands/v639_frontier_operations.py,637,command,world,world_misc
다크존진입,,,apocalypse_bot/commands/v639_frontier_operations.py,646,command,world,world_misc
다크존탐색,,,apocalypse_bot/commands/v639_frontier_operations.py,670,command,world,world_misc
다크존탈출,,,apocalypse_bot/commands/v639_frontier_operations.py,715,command,world,world_misc
다크존상태,,,apocalypse_bot/commands/v639_frontier_operations.py,737,command,world,world_misc
다크존공격,다크존습격,,apocalypse_bot/commands/v639_frontier_operations.py,759,command,world,world_misc
밀수품운반,밀수작전,,apocalypse_bot/commands/v639_frontier_operations.py,805,command,world,world_misc
밀수품상태,,,apocalypse_bot/commands/v639_frontier_operations.py,834,command,world,world_misc
밀수품납품,,,apocalypse_bot/commands/v639_frontier_operations.py,846,command,world,world_misc
밀수품습격,,,apocalypse_bot/commands/v639_frontier_operations.py,865,command,world,world_misc
보급선,,,apocalypse_bot/commands/v639_frontier_operations.py,906,command,world,world_misc
보급선수색,,,apocalypse_bot/commands/v639_frontier_operations.py,922,command,world,world_misc
고철갈갈이,고철분쇄 | 자원분쇄,,apocalypse_bot/commands/v639_frontier_operations.py,964,command,world,world_misc
장비갈갈이,장비분쇄,,apocalypse_bot/commands/v639_frontier_operations.py,1017,command,world,world_misc
선물거래,감염선물 | 레버리지,,apocalypse_bot/commands/v640_interactive_arcade.py,718,command,play,party_games
반응속도,순발력 | 반응게임,,apocalypse_bot/commands/v640_interactive_arcade.py,757,command,play,party_games
기억회로,기억게임 | 이모지기억,,apocalypse_bot/commands/v640_interactive_arcade.py,772,command,play,party_games
생존자레이스,참가레이스 | 탈출레이스,,apocalypse_bot/commands/v640_interactive_arcade.py,787,command,play,party_games
미니게임,게임목록 | 미니게임목록,,apocalypse_bot/commands/v640_interactive_arcade.py,803,command,play,party_games
안정화상태,안정화 | 봇상태점검,,apocalypse_bot/commands/v641_stabilization.py,294,command,system,server_setup
봇소개,아바돈소개 | 봇정보,,apocalypse_bot/commands/v641_stabilization.py,309,command,system,server_setup
오늘할일,오늘뭐하지 | 일일체크,,apocalypse_bot/commands/v641_stabilization.py,328,command,system,server_setup
서버브리핑,세계브리핑 | 오늘의서버,,apocalypse_bot/commands/v641_stabilization.py,364,command,system,server_setup
서버테마,테마목록,,apocalypse_bot/commands/v641_stabilization.py,420,command,system,server_setup
서버테마미리보기,테마미리보기,,apocalypse_bot/commands/v641_stabilization.py,449,command,system,server_setup
서버테마설정,테마설정,,apocalypse_bot/commands/v641_stabilization.py,466,command,system,server_setup
데이터백업,수동백업,,apocalypse_bot/commands/v641_stabilization.py,483,command,system,server_setup
안정화도움말,안정화명령어,,apocalypse_bot/commands/v641_stabilization.py,496,command,system,server_setup
카드게임,카드게임메뉴 | 카드놀이,,apocalypse_bot/commands/v651_card_games.py,1078,command,play,cards
포커,생존자포커,,apocalypse_bot/commands/v651_card_games.py,1091,command,play,casino
원카드,원카드게임,,apocalypse_bot/commands/v651_card_games.py,1095,command,play,cards
조커잡기,조커게임 | 도둑잡기,,apocalypse_bot/commands/v651_card_games.py,1099,command,play,cards
help,commands | english | enhelp | englishhelp | guide,Open the fully English ABADDON command guide.,apocalypse_bot/commands/v652_english_access.py,612,command,system,help
시스템점검,운영점검 | systemcheck,,apocalypse_bot/commands/v702_stability.py,195,command,system,audit
오류현황,사건현황 | errorstatus,,apocalypse_bot/commands/v702_stability.py,251,command,system,audit
운영통계,명령통계 | commandstats,,apocalypse_bot/commands/v702_stability.py,272,command,system,audit
백업목록,데이터백업목록 | backuplist,,apocalypse_bot/commands/v702_stability.py,290,command,system,audit
백업생성,즉시백업 | backupnow,,apocalypse_bot/commands/v702_stability.py,307,command,system,audit
백업검증,데이터검증 | backupcheck,,apocalypse_bot/commands/v702_stability.py,329,command,system,audit
복구미리보기,백업비교 | restorepreview,,apocalypse_bot/commands/v702_stability.py,347,command,system,audit
성장보드,미션보드 | 성장루프 | 작전보드,,apocalypse_bot/commands/v710_growth_loop.py,608,command,main,quests
미션보상,성장보상 | 루프보상,,apocalypse_bot/commands/v710_growth_loop.py,615,command,main,quests
누적보상,참여보상 | 성장이정표,,apocalypse_bot/commands/v710_growth_loop.py,648,command,main,quests
장비프리셋,레이드프리셋 | 프리셋,,apocalypse_bot/commands/v710_growth_loop.py,676,command,play,combat
월드보스주간랭킹,월보주간랭킹 | 주간월보랭킹,,apocalypse_bot/commands/v710_growth_loop.py,746,command,play,combat
월드보스주간보상,월보주간보상,,apocalypse_bot/commands/v710_growth_loop.py,771,command,play,combat
복귀보급,신규보급 | 따라잡기보급,,apocalypse_bot/commands/v710_growth_loop.py,813,command,main,onboarding
귀여운메뉴,명령패널 | 말랑메뉴 | 버튼명령어,귀여운 전체 명령어 실행 패널을 엽니다.,apocalypse_bot/commands/v711_cute_interactions.py,1251,command,social,chat
새싹설정,신입설정,신규 멤버 새싹 역할과 환영 메시지를 설정합니다.,apocalypse_bot/commands/v711_cute_interactions.py,1255,command,social,chat
환영테마,새싹테마 | 신입테마,신규 멤버 환영 패널 테마를 고르고 미리봅니다.,apocalypse_bot/commands/v711_cute_interactions.py,1336,command,social,chat
새싹역할설치,신입역할설치,신규 멤버용 새싹 역할과 역할 아이콘을 설치합니다.,apocalypse_bot/commands/v711_cute_interactions.py,1374,command,social,chat
새싹정리,신입정리,유지 기간이 지난 새싹 역할을 즉시 정리합니다.,apocalypse_bot/commands/v711_cute_interactions.py,1401,command,social,chat
아바돈게임,봇대전 | 혼자게임 | AI게임,혼자서 아바돈과 1:1 미니게임을 즐깁니다.,apocalypse_bot/commands/v720_coop_cleanup.py,712,command,play,party_games
아바돈초대,봇초대 | AI초대,지정한 게임에 아바돈을 초대합니다.,apocalypse_bot/commands/v720_coop_cleanup.py,732,command,play,party_games
아바돈내기,AI내기 | 봇내기,아바돈과 게임 내 칩 또는 식량을 걸고 1:1 대결합니다.,apocalypse_bot/commands/v720_coop_cleanup.py,768,command,play,party_games
아바돈전적,봇전적 | AI전적,아바돈과의 1:1 미니게임 전적을 확인합니다.,apocalypse_bot/commands/v720_coop_cleanup.py,772,command,play,party_games
패치채널,업데이트채널,패치 자동 공지가 올라갈 채널을 지정합니다.,apocalypse_bot/commands/v720_coop_cleanup.py,793,command,system,alerts
패치자동공지,업데이트자동공지,새 버전 자동 공지를 켜거나 끕니다.,apocalypse_bot/commands/v720_coop_cleanup.py,809,command,system,alerts
패치공지상태,업데이트공지상태,패치 자동 공지 설정과 게시 이력을 확인합니다.,apocalypse_bot/commands/v720_coop_cleanup.py,822,command,system,alerts
패치공지게시,업데이트공지게시,현재 버전 패치노트를 지정 채널에 수동 게시합니다.,apocalypse_bot/commands/v720_coop_cleanup.py,837,command,system,alerts
시즌4,황혼의종착역 | 황혼선,,apocalypse_bot/commands/v730_season_story.py,567,group,main,story4
시작,,,apocalypse_bot/commands/v730_season_story.py,576,command,main,story4
선택,,,apocalypse_bot/commands/v730_season_story.py,597,command,main,story4
기록,,,apocalypse_bot/commands/v730_season_story.py,606,command,main,story4
재시작,,,apocalypse_bot/commands/v730_season_story.py,623,command,main,story4
시즌여정,스토리여정 | 시즌현황 | 스토리해금,스토리 시즌 1~4 완료·잠금·엔딩 수집 현황을 확인합니다.,apocalypse_bot/commands/v730_season_story.py,650,command,main,story4
시즌유산,황혼유산 | 시즌4보상,시즌 4 엔딩 수집 단계 보상을 확인하고 받습니다.,apocalypse_bot/commands/v730_season_story.py,692,command,main,story4
중복검수,기능중복검수 | 중복감사,중복 명령·설정·스토리 진행 상태를 삭제 없이 검사합니다.,apocalypse_bot/commands/v731_duplicate_stability.py,176,command,main,story4
안정화검수,731검수 | 스토리잠금검수,v7.3.1 스토리 잠금과 운영 안정성을 검사합니다.,apocalypse_bot/commands/v731_duplicate_stability.py,218,command,main,story4
폐기후보,삭제후보 | 정리후보,삭제 전에 관리자 승인이 필요한 중복 후보를 표시합니다.,apocalypse_bot/commands/v731_duplicate_stability.py,241,command,main,story4
길드관리,길드메뉴 | 길드대시보드,길드·기지·임무·금고·레이드를 한 화면에서 확인합니다.,apocalypse_bot/commands/v750_guild_raid.py,1280,command,play,combat
길드소개,길드설명,길드 소개를 확인하거나 변경합니다.,apocalypse_bot/commands/v750_guild_raid.py,1305,command,social,guild
길드설정,길드가입설정,길드 가입 방식을 설정합니다.,apocalypse_bot/commands/v750_guild_raid.py,1323,command,social,guild
길드신청,길드가입신청,승인 가입 길드에 가입을 신청합니다.,apocalypse_bot/commands/v750_guild_raid.py,1347,command,social,guild
길드신청목록,길드가입신청목록,처리 대기 중인 길드 가입 신청을 확인합니다.,apocalypse_bot/commands/v750_guild_raid.py,1383,command,social,guild
길드신청처리,길드가입처리,가입 신청을 승인하거나 거절합니다.,apocalypse_bot/commands/v750_guild_raid.py,1398,command,social,guild
길드직책,길드간부,길드원을 간부로 임명하거나 일반 길드원으로 변경합니다.,apocalypse_bot/commands/v750_guild_raid.py,1451,command,social,guild
길드추방,길드강퇴,길드원을 추방합니다.,apocalypse_bot/commands/v750_guild_raid.py,1485,command,social,guild
길드위임,길드장위임,길드장 권한을 다른 길드원에게 넘깁니다.,apocalypse_bot/commands/v750_guild_raid.py,1514,command,social,guild
길드기지,공동기지 | 길드시설,길드 공동 기지 시설과 공사 상태를 확인합니다.,apocalypse_bot/commands/v750_guild_raid.py,1541,command,social,guild
길드건설,공동기지건설,새 길드 시설을 건설합니다.,apocalypse_bot/commands/v750_guild_raid.py,1609,command,social,guild
길드시설강화,길드기지강화,기존 길드 시설을 강화합니다.,apocalypse_bot/commands/v750_guild_raid.py,1613,command,social,guild
길드기지수확,공동기지수확,발전기가 생산한 식량을 공동 금고로 회수합니다.,apocalypse_bot/commands/v750_guild_raid.py,1617,command,social,guild
길드임무,길드미션 | 공동임무,길드 일일·주간 공동 임무를 확인합니다.,apocalypse_bot/commands/v750_guild_raid.py,1650,command,social,guild
길드임무보상,길드미션보상,완료한 길드 공동 임무 보상을 받습니다.,apocalypse_bot/commands/v750_guild_raid.py,1671,command,social,guild
길드금고,길드창고 | 공동금고,길드 통합 금고와 출금 요청을 확인합니다.,apocalypse_bot/commands/v750_guild_raid.py,1709,command,social,guild
길드입금,길드자원기부,식량이나 건축 자원을 길드 금고에 입금합니다.,apocalypse_bot/commands/v750_guild_raid.py,1725,command,social,guild
길드출금요청,길드금고요청,길드 금고 출금을 요청합니다.,apocalypse_bot/commands/v750_guild_raid.py,1767,command,social,guild
길드출금승인,길드금고승인,길드 금고 출금 요청을 승인합니다.,apocalypse_bot/commands/v750_guild_raid.py,1811,command,social,guild
길드출금거절,길드금고거절,길드 금고 출금 요청을 거절합니다.,apocalypse_bot/commands/v750_guild_raid.py,1867,command,social,guild
길드거래내역,길드금고내역,최근 길드 금고 거래를 확인합니다.,apocalypse_bot/commands/v750_guild_raid.py,1894,command,social,guild
길드전술설정,길드전술 | 길드레이드프리셋,개인 길드 레이드 기본 전술과 부위를 저장합니다.,apocalypse_bot/commands/v750_guild_raid.py,1910,command,play,combat
길드레이드준비,길드보스준비 | 길드토벌준비,개인 전술·쿨다운·시설 효과와 추천 부위를 확인합니다.,apocalypse_bot/commands/v750_guild_raid.py,1937,command,play,combat
길드레이드연습,길드보스연습 | 길드토벌연습,실제 HP·쿨다운·보상에 영향 없는 레이드 연습 공격을 실행합니다.,apocalypse_bot/commands/v750_guild_raid.py,1960,command,play,combat
길드레이드기록,길드보스기록 | 길드토벌기록,현재·과거 길드 레이드 기록을 페이지로 확인합니다.,apocalypse_bot/commands/v750_guild_raid.py,1997,command,play,combat
길드레이드,길드보스 | 길드토벌,이번 주 길드 레이드 상태를 확인합니다.,apocalypse_bot/commands/v750_guild_raid.py,2028,command,play,combat
길드레이드공격,길드보스공격 | 길드토벌공격,길드 레이드에서 전술과 공격 부위를 선택합니다.,apocalypse_bot/commands/v750_guild_raid.py,2048,command,play,combat
길드레이드보상,길드보스보상 | 길드토벌보상,토벌 완료한 길드 레이드 개인 보상을 받습니다.,apocalypse_bot/commands/v750_guild_raid.py,2118,command,play,combat
길드레이드랭킹,길드보스랭킹 | 길드토벌랭킹,현재 길드 레이드 기여도 순위를 확인합니다.,apocalypse_bot/commands/v750_guild_raid.py,2152,command,play,combat
길드종합랭킹,길드랭킹750,길드 레벨·시설·레이드·기여도를 합산한 순위를 확인합니다.,apocalypse_bot/commands/v750_guild_raid.py,2169,command,play,combat
길드검수,길드감사 | 길드데이터검수,길드 데이터와 경제 무결성을 읽기 전용으로 검사합니다.,apocalypse_bot/commands/v750_guild_raid.py,2187,command,social,guild
길드복구미리보기,길드마이그레이션미리보기,안전 복구 가능한 길드 데이터 항목을 미리 봅니다.,apocalypse_bot/commands/v750_guild_raid.py,2205,command,social,guild
750안정화검수,길드안정화검수 | v750검수,v7.5.1 길드 통합·전술 패치의 핵심 안정성을 검사합니다.,apocalypse_bot/commands/v750_guild_raid.py,2221,command,social,guild
길드파견,길드원정 | 길드탐사대,길드 협동 파견 상태와 지역을 확인합니다.,apocalypse_bot/commands/v760_guild_dispatch.py,350,command,social,guild
길드파견모집,길드파견준비 | 길드원정모집,길드 파견 참가자를 모집합니다.,apocalypse_bot/commands/v760_guild_dispatch.py,388,command,social,guild
길드파견참가,길드원정참가 | 파견참가,모집 중인 길드 파견에 역할을 선택해 참가합니다.,apocalypse_bot/commands/v760_guild_dispatch.py,418,command,social,guild
길드파견이탈,길드원정이탈 | 파견이탈,출발 전 길드 파견 모집에서 이탈합니다.,apocalypse_bot/commands/v760_guild_dispatch.py,438,command,social,guild
길드파견취소,길드원정취소 | 파견모집취소,출발 전 길드 파견 모집을 취소합니다.,apocalypse_bot/commands/v760_guild_dispatch.py,453,command,social,guild
길드파견출발,길드원정출발 | 파견출발,모집한 길드 파견대를 출발시킵니다.,apocalypse_bot/commands/v760_guild_dispatch.py,472,command,social,guild
길드파견정산,길드원정정산 | 파견정산,복귀한 길드 파견 결과를 한 번만 정산합니다.,apocalypse_bot/commands/v760_guild_dispatch.py,549,command,social,guild
길드파견보상,길드원정보상 | 파견보상,완료된 길드 파견 개인 보상을 받습니다.,apocalypse_bot/commands/v760_guild_dispatch.py,573,command,social,guild
길드파견기록,길드원정기록 | 파견기록,길드 파견 기록을 페이지로 확인합니다.,apocalypse_bot/commands/v760_guild_dispatch.py,619,command,social,guild
길드파견모의,길드원정모의 | 파견연습,실제 데이터 변경 없이 1인 길드 파견 결과를 예측합니다.,apocalypse_bot/commands/v760_guild_dispatch.py,645,command,social,guild
760안정화검수,길드파견검수 | v760검수,길드 파견 저장·정산·중복 수령 구조를 읽기 전용으로 검사합니다.,apocalypse_bot/commands/v760_guild_dispatch.py,668,command,social,guild
파밍,폐허파밍 | 파밍메뉴,지역 선택형 폐허 파밍 메뉴를 엽니다.,apocalypse_bot/commands/v770_ruin_farming.py,1383,command,play,life
파밍지역,파밍목록 | 파밍지역목록,파밍 가능한 지역을 확인합니다.,apocalypse_bot/commands/v770_ruin_farming.py,1410,command,play,life
파밍출발,파밍시작 | 폐허수색,선택한 지역으로 파밍을 출발합니다.,apocalypse_bot/commands/v770_ruin_farming.py,1414,command,play,life
파밍선택,인카운트선택 | 현장선택,파밍 인카운트의 행동을 선택합니다.,apocalypse_bot/commands/v770_ruin_farming.py,1418,command,play,life
파밍기록,파밍상태 | 파밍로그,파밍 기록과 진행 중 인카운트를 확인합니다.,apocalypse_bot/commands/v770_ruin_farming.py,1422,command,play,life
공방,폐품공방 | 복구공방,미감정·감정 완료 폐품과 연구 상태를 확인합니다.,apocalypse_bot/commands/v770_ruin_farming.py,1451,command,play,life
폐품감정,폐품확인 | 폐품분석,미감정 폐품 하나를 분석합니다.,apocalypse_bot/commands/v770_ruin_farming.py,1467,command,play,life
폐품분해,폐품해체 | 폐품재활용,감정 완료 폐품을 분해해 재료를 회수합니다.,apocalypse_bot/commands/v770_ruin_farming.py,1489,command,play,life
폐품수리,폐품복구 | 공방수리,감정 완료 폐품을 자원으로 수리합니다.,apocalypse_bot/commands/v770_ruin_farming.py,1523,command,play,life
전파탐색,신호탐색 | 주파수탐색,해독 가능한 폐허 신호를 탐색합니다.,apocalypse_bot/commands/v770_ruin_farming.py,1571,command,play,life
신호해독,전파해독 | 주파수해독,탐색한 신호의 정답 번호를 제출합니다.,apocalypse_bot/commands/v770_ruin_farming.py,1605,command,play,life
주파수기록,전파기록 | 신호기록,전파 해독 기록과 연구 자료를 확인합니다.,apocalypse_bot/commands/v770_ruin_farming.py,1641,command,play,life
의뢰게시판,납품게시판 | 계약게시판,오늘의 자원 납품 계약을 확인합니다.,apocalypse_bot/commands/v770_ruin_farming.py,1656,command,play,life
계약수락,의뢰수락 | 납품계약,오늘의 납품 계약 하나를 수락합니다.,apocalypse_bot/commands/v770_ruin_farming.py,1675,command,play,life
납품,계약납품 | 의뢰제출,수락한 계약의 자원을 제출하고 보상을 받습니다.,apocalypse_bot/commands/v770_ruin_farming.py,1694,command,play,life
계약현황,의뢰현황 | 납품현황,수락·완료한 오늘의 계약을 확인합니다.,apocalypse_bot/commands/v770_ruin_farming.py,1731,command,play,life
연구소,생활연구소 | 기술연구,생활 연구 자료와 해금 기술을 확인합니다.,apocalypse_bot/commands/v770_ruin_farming.py,1744,command,play,life
연구시작,기술연구시작 | 연구개시,생활 기술 연구를 시작합니다.,apocalypse_bot/commands/v770_ruin_farming.py,1772,command,play,life
연구진행,연구상태 | 연구완료,진행 중 연구를 확인하고 완료 처리합니다.,apocalypse_bot/commands/v770_ruin_farming.py,1801,command,play,life
설계도,생활설계도 | 연구설계도,해금한 생활 기술 설계도를 확인합니다.,apocalypse_bot/commands/v770_ruin_farming.py,1822,command,play,life
파밍인카운트도감,폐허인카운트도감 | 현장인물도감 | 현장접촉기록,발견한 파밍 인카운트와 우호 세력을 확인합니다.,apocalypse_bot/commands/v770_ruin_farming.py,1835,command,play,life
770안정화검수,파밍검수 | 생활기술검수 | v770검수,v7.8 파밍·생활 저장 구조를 읽기 전용 검사합니다.,apocalypse_bot/commands/v770_ruin_farming.py,1867,command,play,life
재난상황,서버재난 | 재난 | 공동재난,현재 서버 공동 재난과 진행도를 확인합니다.,apocalypse_bot/commands/v780_server_disaster.py,436,command,world,disaster
재난임무,재난대응 | 서버재난임무,현재 재난의 대응 역할과 납품 가능 물자를 확인합니다.,apocalypse_bot/commands/v780_server_disaster.py,457,command,world,disaster
재난참여,재난행동 | 공동대응,정찰·구조·수리·방어 역할로 공동 재난에 참여합니다.,apocalypse_bot/commands/v780_server_disaster.py,475,command,world,disaster
재난납품,재난지원 | 공동납품,현재 재난에 필요한 자원을 납품합니다.,apocalypse_bot/commands/v780_server_disaster.py,520,command,world,disaster
재난기여도,재난랭킹 | 공동기여도,현재 또는 최근 재난의 기여도 순위를 확인합니다.,apocalypse_bot/commands/v780_server_disaster.py,566,command,world,disaster
재난보상,공동재난보상 | 재난정산보상,성공한 공동 재난의 개인 기여 보상을 받습니다.,apocalypse_bot/commands/v780_server_disaster.py,591,command,world,disaster
재난버프,서버버프 | 공동버프,공동 재난 성공으로 활성화된 서버 버프를 확인합니다.,apocalypse_bot/commands/v780_server_disaster.py,620,command,world,disaster
재난발생,재난시작 | 공동재난발생,관리자가 공동 재난을 즉시 시작합니다.,apocalypse_bot/commands/v780_server_disaster.py,635,command,world,disaster
재난정산,재난종료 | 공동재난정산,관리자가 완료 또는 만료된 공동 재난을 정산합니다.,apocalypse_bot/commands/v780_server_disaster.py,655,command,world,disaster
780안정화검수,재난검수 | 780검수,v7.8 신규 기능만 읽기 전용으로 검사합니다.,apocalypse_bot/commands/v780_server_disaster.py,748,command,world,disaster
재난예보,재난감시 | 비상예보,자동 공동 재난의 다음 감시 일정과 설정을 확인합니다.,apocalypse_bot/commands/v790_operations_disaster.py,624,command,world,disaster
재난날씨,재난기상 | 비상날씨,현재 공동 재난에 결합된 환경 상태를 확인합니다.,apocalypse_bot/commands/v790_operations_disaster.py,640,command,world,disaster
재난기록,공동재난기록 | 비상기록,최근 공동 재난과 기상 기록을 확인합니다.,apocalypse_bot/commands/v790_operations_disaster.py,652,command,world,disaster
재난자동,재난자동설정,관리자가 자동 재난 발생을 켜거나 끕니다.,apocalypse_bot/commands/v790_operations_disaster.py,673,command,world,disaster
재난채널,재난공지채널,자동 공동 재난을 게시할 채널을 지정합니다.,apocalypse_bot/commands/v790_operations_disaster.py,692,command,world,disaster
알림센터,통합알림 | 알림메뉴,패치·재난·시장·길드 알림을 한 선택창에서 관리합니다.,apocalypse_bot/commands/v790_operations_disaster.py,870,command,world,disaster
내알림,알림상태통합,통합 알림센터 설정을 확인합니다.,apocalypse_bot/commands/v790_operations_disaster.py,881,command,world,disaster
건의,공개건의 | 건의등록,공개 건의 작성 버튼을 엽니다.,apocalypse_bot/commands/v790_operations_disaster.py,928,command,world,disaster
건의목록,제안목록,공개 건의와 투표 현황을 확인합니다.,apocalypse_bot/commands/v790_operations_disaster.py,932,command,world,disaster
건의상태,제안상태,관리자가 공개 건의 상태를 변경합니다.,apocalypse_bot/commands/v790_operations_disaster.py,949,command,world,disaster
로드맵,개발로드맵,개발 예정·진행 중·완료된 공개 건의를 확인합니다.,apocalypse_bot/commands/v790_operations_disaster.py,966,command,world,disaster
운영통합센터,통합운영센터 | 관리허브,문의·점검·통계·알림·재난 진입점을 한 화면에 표시합니다.,apocalypse_bot/commands/v790_operations_disaster.py,985,command,world,disaster
운영분석,경제분석 | 콘텐츠분석,실제 재화 유입·콘텐츠 이용·오류 기록을 확률 노출 없이 집계합니다.,apocalypse_bot/commands/v790_operations_disaster.py,993,command,world,disaster
분대음성설정,임시음성설정 | 분대방설정,임시 분대 음성방 생성 로비를 설치합니다.,apocalypse_bot/commands/v790_operations_disaster.py,1021,command,world,disaster
분대방이름,임시방이름,자신이 만든 임시 분대 음성방의 이름을 변경합니다.,apocalypse_bot/commands/v790_operations_disaster.py,1047,command,world,disaster
분대방잠금,임시방잠금,임시 분대방의 공개 입장을 켜거나 끕니다.,apocalypse_bot/commands/v790_operations_disaster.py,1062,command,world,disaster
분대방초대,임시방초대,잠긴 임시 분대방에 사용자를 초대합니다.,apocalypse_bot/commands/v790_operations_disaster.py,1076,command,world,disaster
분대방인원,임시방인원,임시 분대방 최대 인원을 설정합니다.,apocalypse_bot/commands/v790_operations_disaster.py,1092,command,world,disaster
분대방방장,분대방위임 | 임시방방장,임시 분대방 방장을 다른 사용자에게 넘깁니다.,apocalypse_bot/commands/v790_operations_disaster.py,1104,command,world,disaster
하이라이트설정,스타보드설정,반응이 모인 메시지를 보관할 하이라이트 채널을 설정합니다.,apocalypse_bot/commands/v790_operations_disaster.py,1161,command,world,disaster
하이라이트상태,스타보드상태,하이라이트 보드 설정을 확인합니다.,apocalypse_bot/commands/v790_operations_disaster.py,1174,command,world,disaster
하이라이트추가,스타보드추가,관리자가 현재 채널의 메시지 ID를 하이라이트에 추가합니다.,apocalypse_bot/commands/v790_operations_disaster.py,1229,command,world,disaster
하이라이트제거,스타보드제거,관리자가 원본 메시지 ID의 하이라이트를 제거합니다.,apocalypse_bot/commands/v790_operations_disaster.py,1241,command,world,disaster
길드초대수락,길드초대받기,우클릭으로 받은 최근 길드 초대를 수락합니다.,apocalypse_bot/commands/v790_operations_disaster.py,1360,command,world,disaster
790안정화검수,790검수 | 운영확장검수,v7.9 신규·수정 기능만 읽기 전용으로 검사합니다.,apocalypse_bot/commands/v790_operations_disaster.py,1429,command,world,disaster
단말기,생존단말기 | 통합단말기 | 아바돈단말기,현재 상태에 맞는 주요 기능을 한 선택창에서 엽니다.,apocalypse_bot/commands/v810_world_map_ux.py,589,command,world,world_misc
세계지도,탐험지도 | 개척지도,서버 공동 지역 개척 진행도를 확인합니다.,apocalypse_bot/commands/v810_world_map_ux.py,612,command,world,world_misc
지역개척정보,개척지역정보 | 지도지역정보,공동 개척 지역의 상세 상태를 확인합니다.,apocalypse_bot/commands/v810_world_map_ux.py,619,command,world,world_misc
지역정찰,개척정찰 | 지도정찰,지역을 정찰하고 현장 선택지를 엽니다.,apocalypse_bot/commands/v810_world_map_ux.py,629,command,world,world_misc
지역선택,정찰선택 | 개척선택,재접속 후 진행 중인 지역 정찰 선택을 마무리합니다.,apocalypse_bot/commands/v810_world_map_ux.py,675,command,world,world_misc
개척현황,지도진척 | 지역진척,서버 공동 개척 기여와 지역별 진행도를 확인합니다.,apocalypse_bot/commands/v810_world_map_ux.py,686,command,world,world_misc
개척기부,지도기부 | 지역기부,자원을 공동 지역 개척에 기부합니다.,apocalypse_bot/commands/v810_world_map_ux.py,698,command,world,world_misc
거점,지역거점 | 개척거점,지역 공동 거점 시설 상태를 확인합니다.,apocalypse_bot/commands/v810_world_map_ux.py,746,command,world,world_misc
거점건설,지역건설 | 개척건설,개인 자원으로 공동 거점 시설을 건설·강화합니다.,apocalypse_bot/commands/v810_world_map_ux.py,761,command,world,world_misc
지역보스,개척보스 | 지도보스,지역 개척 보스 상태를 확인합니다.,apocalypse_bot/commands/v810_world_map_ux.py,801,command,world,world_misc
지역보스공격,개척보스공격 | 지도보스공격,활성 지역 보스를 공격합니다.,apocalypse_bot/commands/v810_world_map_ux.py,821,command,world,world_misc
지역보상,개척보상 | 지도보상,격파한 지역 보스의 개인 기여 보상을 받습니다.,apocalypse_bot/commands/v810_world_map_ux.py,882,command,world,world_misc
탐험기록,지도기록 | 개척기록,개인 지역 정찰·발견 기록을 확인합니다.,apocalypse_bot/commands/v810_world_map_ux.py,916,command,world,world_misc
관리점검,통합점검 | 점검센터,관리자가 최신 패치·데이터·메뉴·오류 점검 진입점을 확인합니다.,apocalypse_bot/commands/v810_world_map_ux.py,929,command,world,world_misc
오류조회,오류사건조회 | 에러조회,명령·UI 오류 사건 번호의 저장된 정보를 조회합니다.,apocalypse_bot/commands/v810_world_map_ux.py,941,command,world,world_misc
최근오류,최근사건 | 오류목록,최근 명령·UI 오류 사건 번호를 확인합니다.,apocalypse_bot/commands/v810_world_map_ux.py,959,command,world,world_misc
810안정화검수,810검수 | 지도개척검수,v8.1 신규·수정 기능만 읽기 전용으로 검사합니다.,apocalypse_bot/commands/v810_world_map_ux.py,988,command,world,world_misc
811안정화검수,811검수 | 인카운트다양성검수 | 파밍연출검수,v8.1.1 신규·수정 기능만 읽기 전용으로 검사합니다.,apocalypse_bot/commands/v811_encounter_variety.py,103,command,play,life
세력,세력목록 | 연합세력,NPC 세력 관계와 해금 혜택을 확인합니다.,apocalypse_bot/commands/v900_faction_world_state.py,647,command,world,factions
평판,세력평판 | 내평판,세력별 평판·증표를 확인합니다.,apocalypse_bot/commands/v900_faction_world_state.py,653,command,world,factions
세력정보,진영정보 | 세력상세,선택한 NPC 세력의 상세 정보를 확인합니다.,apocalypse_bot/commands/v900_faction_world_state.py,667,command,world,factions
세력거점,진영거점 | 거점방문,세력 거점의 교류 기능을 확인합니다.,apocalypse_bot/commands/v900_faction_world_state.py,687,command,world,factions
세력의뢰,진영의뢰 | 세력임무,오늘의 세력 의뢰를 확인합니다.,apocalypse_bot/commands/v900_faction_world_state.py,706,command,world,factions
세력의뢰수락,진영의뢰수락 | 세력임무수락,오늘의 세력 의뢰를 수락합니다.,apocalypse_bot/commands/v900_faction_world_state.py,724,command,world,factions
세력의뢰완료,진영의뢰완료 | 세력임무완료,수락한 세력 의뢰의 물자를 제출하고 정산합니다.,apocalypse_bot/commands/v900_faction_world_state.py,744,command,world,factions
세력상점,진영상점 | 세력교환소,세력 증표 교환 목록을 확인합니다.,apocalypse_bot/commands/v900_faction_world_state.py,776,command,world,factions
세력교환,진영교환 | 세력구매,세력 증표로 보급품 또는 칭호를 교환합니다.,apocalypse_bot/commands/v900_faction_world_state.py,793,command,world,factions
무역로,지역무역로 | 교역로,개방된 지역 무역로와 오늘의 수요를 확인합니다.,apocalypse_bot/commands/v900_faction_world_state.py,828,command,world,factions
지역경제,무역경제 | 경제동향,지역별 수요와 서버 공동 경제 상태를 확인합니다.,apocalypse_bot/commands/v900_faction_world_state.py,841,command,world,factions
호송모집,무역호송모집 | 호송대모집,개인 자원을 적재해 서버 호송대를 모집합니다.,apocalypse_bot/commands/v900_faction_world_state.py,853,command,world,factions
호송참가,무역호송참가 | 호송대참가,진행 중인 호송 모집에 역할을 선택해 참가합니다.,apocalypse_bot/commands/v900_faction_world_state.py,890,command,world,factions
호송출발,무역호송출발 | 호송대출발,모집 중인 호송대를 출발시킵니다.,apocalypse_bot/commands/v900_faction_world_state.py,912,command,world,factions
호송상태,무역호송 | 호송대상태,현재 서버 호송대의 진행 상태를 확인합니다.,apocalypse_bot/commands/v900_faction_world_state.py,931,command,world,factions
호송정산,무역호송정산 | 호송대정산,도착한 호송 결과를 한 번만 정산합니다.,apocalypse_bot/commands/v900_faction_world_state.py,950,command,world,factions
호송보상,무역호송보상 | 호송대보상,정산된 호송의 개인 보상을 수령합니다.,apocalypse_bot/commands/v900_faction_world_state.py,989,command,world,factions
호송취소,무역호송취소 | 호송대취소,출발 전 호송 모집을 취소하고 화물을 반환합니다.,apocalypse_bot/commands/v900_faction_world_state.py,1021,command,world,factions
세력전쟁,연합전쟁 | 세력전선,현재 서버 공동 세력전쟁을 확인합니다.,apocalypse_bot/commands/v900_faction_world_state.py,1079,command,world,factions
전선선택,전쟁전선선택 | 집중전선,관리자가 서버 집중 전선을 선택합니다.,apocalypse_bot/commands/v900_faction_world_state.py,1099,command,world,factions
전쟁참여,세력전쟁참여 | 전선참여,정찰·구조·방어·복구 행동으로 전쟁에 참여합니다.,apocalypse_bot/commands/v900_faction_world_state.py,1112,command,world,disaster
전쟁기부,세력전쟁기부 | 전선기부,자원을 공동 전쟁에 기부합니다.,apocalypse_bot/commands/v900_faction_world_state.py,1126,command,world,factions
전쟁기여도,세력전쟁기여도 | 전선랭킹,현재 세력전쟁 기여 순위를 확인합니다.,apocalypse_bot/commands/v900_faction_world_state.py,1162,command,world,factions
전쟁정산,세력전쟁정산 | 전선정산,관리자가 완료된 세력전쟁을 정산합니다.,apocalypse_bot/commands/v900_faction_world_state.py,1171,command,world,factions
전쟁보상,세력전쟁보상 | 전선보상,정산된 세력전쟁의 개인 기여 보상을 수령합니다.,apocalypse_bot/commands/v900_faction_world_state.py,1194,command,world,factions
전쟁재개,새전쟁 | 다음전쟁 | 세력전쟁재개,관리자가 정산된 전쟁 뒤 다음 적대 세력전을 시작합니다.,apocalypse_bot/commands/v900_faction_world_state.py,1226,command,world,factions
세계상태,세계현황 | 연합상태,서버의 공동 세계 지표와 전쟁·시즌 상태를 확인합니다.,apocalypse_bot/commands/v900_faction_world_state.py,1248,command,main,story5
시즌5,시즌5스토리 | 연합전선스토리,시즌 5 잿빛 연합전선의 현재 장과 선택지를 확인합니다.,apocalypse_bot/commands/v900_faction_world_state.py,1253,command,main,story5
시즌5투표,연합전선투표 | 시즌투표,현재 시즌 5 장의 선택지에 투표합니다.,apocalypse_bot/commands/v900_faction_world_state.py,1295,command,main,story5
시즌5결정,연합전선결정 | 시즌결정,관리자가 현재 장의 투표 결과를 확정합니다.,apocalypse_bot/commands/v900_faction_world_state.py,1315,command,main,story5
세계연대기,시즌5기록 | 연합연대기,세력·호송·전쟁·시즌 선택 기록을 확인합니다.,apocalypse_bot/commands/v900_faction_world_state.py,1347,command,main,story5
900안정화검수,900검수 | 세력세계검수 | v9검수,v9.0 세력·무역·전쟁·시즌 기능만 읽기 전용 검사합니다.,apocalypse_bot/commands/v900_faction_world_state.py,1391,command,world,factions
세계순환,세계순환상태 | 세계시간,시간에 따른 안전한 세계 지표 순환 상태를 확인합니다.,apocalypse_bot/commands/v920_world_cycle_professions.py,653,command,world,disaster
세계순환설정,세계시간설정 | 순환설정,관리자가 세계 순환을 켜거나 일시정지합니다.,apocalypse_bot/commands/v920_world_cycle_professions.py,671,command,world,disaster
세계순환즉시,세계즉시순환 | 순환즉시,관리자가 세계 순환 1회를 즉시 모의가 아닌 실제 반영합니다.,apocalypse_bot/commands/v920_world_cycle_professions.py,693,command,world,disaster
오늘의세계,세계오늘 | 상황방송,최근 세계 변화와 현재 공동 목표를 요약합니다.,apocalypse_bot/commands/v920_world_cycle_professions.py,700,command,world,factions
복구작전,공동복구 | 복구현황,서버 공동 복구 작전과 참여 버튼을 확인합니다.,apocalypse_bot/commands/v920_world_cycle_professions.py,716,command,world,disaster
복구작전시작,복구시작 | 공동복구시작,관리자가 공동 복구 작전을 시작합니다.,apocalypse_bot/commands/v920_world_cycle_professions.py,733,command,world,disaster
복구참여,복구행동 | 공동복구참여,복구 작전에서 정찰·구조·수리·경계 행동을 수행합니다.,apocalypse_bot/commands/v920_world_cycle_professions.py,749,command,world,disaster
복구납품,복구지원 | 공동복구납품,복구 작전에 필요한 자원을 지원합니다.,apocalypse_bot/commands/v920_world_cycle_professions.py,760,command,world,disaster
복구기여도,공동복구기여도 | 복구랭킹,현재 복구 작전 기여도를 확인합니다.,apocalypse_bot/commands/v920_world_cycle_professions.py,767,command,world,disaster
복구보상,공동복구보상 | 복구수령,완료된 복구 작전의 개인 기여 보상을 받습니다.,apocalypse_bot/commands/v920_world_cycle_professions.py,777,command,world,disaster
세계지령,공동지령 | 주간지령,이번 주 서버 공동 목표와 투표 현황을 확인합니다.,apocalypse_bot/commands/v920_world_cycle_professions.py,822,command,world,disaster
지령투표,세계지령투표 | 공동지령투표,이번 주 세계 지령에 투표합니다.,apocalypse_bot/commands/v920_world_cycle_professions.py,845,command,world,disaster
지령결정,세계지령결정 | 공동지령결정,관리자가 이번 주 세계 지령을 확정합니다.,apocalypse_bot/commands/v920_world_cycle_professions.py,856,command,world,disaster
전문화,전문화상태 | 내전문화,현재 직업과 선택한 전문화를 확인합니다.,apocalypse_bot/commands/v920_world_cycle_professions.py,873,command,world,factions
전문화목록,직업전문화목록 | 전문화리스트,현재 직업에서 선택 가능한 전문화를 확인합니다.,apocalypse_bot/commands/v920_world_cycle_professions.py,888,command,world,factions
전문화정보,직업전문화정보 | 전문화상세,특정 전문화의 역할과 연동 콘텐츠를 확인합니다.,apocalypse_bot/commands/v920_world_cycle_professions.py,900,command,world,factions
전문화선택,직업전문화선택 | 전문화획득,레벨 20 이상에서 현재 직업의 전문화를 선택합니다.,apocalypse_bot/commands/v920_world_cycle_professions.py,908,command,world,factions
전문화변경,직업전문화변경 | 전문화재선택,식량을 사용해 같은 기본 직업의 전문화를 변경합니다.,apocalypse_bot/commands/v920_world_cycle_professions.py,935,command,world,factions
분대전술,파티전술 | 분대전술상태,현재 파티의 분대 전술과 역할 편성을 확인합니다.,apocalypse_bot/commands/v920_world_cycle_professions.py,967,command,world,factions
분대전술설정,파티전술설정 | 전술설정,파티장이 균형·돌격·방어·구조·정찰 전술을 설정합니다.,apocalypse_bot/commands/v920_world_cycle_professions.py,981,command,world,factions
분대역할,파티역할 | 전술역할,자신의 분대 역할을 선봉·의무·기술·정찰 중 선택합니다.,apocalypse_bot/commands/v920_world_cycle_professions.py,998,command,world,factions
분대준비,파티준비 | 분대점검,분대 구성·전문화·역할 다양성과 작전 대기시간을 확인합니다.,apocalypse_bot/commands/v920_world_cycle_professions.py,1017,command,world,factions
분대작전,파티작전 | 전술작전,파티장이 전문화와 역할 편성을 반영한 협동 작전을 수행합니다.,apocalypse_bot/commands/v920_world_cycle_professions.py,1033,command,world,factions
분대작전기록,파티작전기록 | 분대전술기록,현재 파티의 최근 분대 작전 기록을 확인합니다.,apocalypse_bot/commands/v920_world_cycle_professions.py,1107,command,world,factions
920안정화검수,920검수 | 세계순환검수 | 전문화분대검수,v9.2 세계 순환·복구·전문화·분대 전술만 읽기 전용 검사합니다.,apocalypse_bot/commands/v920_world_cycle_professions.py,1148,command,world,disaster
사건판,수사사건현황 | caseboard | investigationboard,이번 주 폐허 사건과 공동 수사 진행도를 확인합니다.,apocalypse_bot/commands/v950_investigation_shelter_raid.py,462,command,main,exploration
단서목록,내단서 | clues | cluelist,보유한 사건 단서와 수량을 확인합니다.,apocalypse_bot/commands/v950_investigation_shelter_raid.py,484,command,main,exploration
단서조사,사건조사 | investigate | searchclue,현장·기록·증언 중 하나를 조사해 단서를 확보합니다.,apocalypse_bot/commands/v950_investigation_shelter_raid.py,493,command,main,exploration
단서조합,증거연결 | combineclues | linkevidence,보유한 두 단서를 연결해 사건의 논리 고리를 완성합니다.,apocalypse_bot/commands/v950_investigation_shelter_raid.py,505,command,social,support
사건추리,사건해결 | solvecase | deducecase,연결된 증거를 바탕으로 사건의 배후를 지목합니다.,apocalypse_bot/commands/v950_investigation_shelter_raid.py,539,command,social,support
현상금,현상금목록 | bounty | bounties,이번 주 공동 현상금 표적과 추적 진행도를 확인합니다.,apocalypse_bot/commands/v950_investigation_shelter_raid.py,585,command,world,black_city
현상금추적,표적추적 | trackbounty | huntbounty,추적·잠복·협상·제압 방식으로 주간 현상금 진행도를 올립니다.,apocalypse_bot/commands/v950_investigation_shelter_raid.py,594,command,world,black_city
현상금보고,현상금보상 | claimbounty | bountyreport,완료된 주간 현상금의 개인 기여 보상을 받습니다.,apocalypse_bot/commands/v950_investigation_shelter_raid.py,641,command,world,black_city
현상금기록,표적기록 | bountyhistory | hunthistory,개인 현상금 완료 기록을 확인합니다.,apocalypse_bot/commands/v950_investigation_shelter_raid.py,679,command,world,black_city
대피소,개인대피소 | shelter | myshelter,개인 대피소의 테마·장식·전시품을 확인합니다.,apocalypse_bot/commands/v950_investigation_shelter_raid.py,702,command,world,city_decor
대피소꾸미기,대피소테마 | decorateshelter | sheltertheme,개인 대피소 테마를 변경합니다.,apocalypse_bot/commands/v950_investigation_shelter_raid.py,708,command,main,base
장식목록,대피소장식 | decorations | decorationlist,제작 가능한 개인 대피소 장식과 비용을 확인합니다.,apocalypse_bot/commands/v950_investigation_shelter_raid.py,721,command,world,city_decor
장식제작,대피소장식제작 | craftdecoration | builddecoration,재료를 사용해 개인 대피소 장식을 제작합니다.,apocalypse_bot/commands/v950_investigation_shelter_raid.py,726,command,world,city_decor
전시실,트로피실 | showcase | trophyroom,보유 트로피와 현재 전시 중인 수집품을 확인합니다.,apocalypse_bot/commands/v950_investigation_shelter_raid.py,753,command,play,collections
트로피전시,전시등록 | displaytrophy | showtrophy,보유한 트로피를 개인 대피소 전시실에 올립니다.,apocalypse_bot/commands/v950_investigation_shelter_raid.py,761,command,play,collections
대피소방문,대피소구경 | visitshelter | viewshelter,다른 생존자의 개인 대피소를 방문합니다.,apocalypse_bot/commands/v950_investigation_shelter_raid.py,782,command,main,base
대피소좋아요,대피소추천 | likeshelter | shelterlike,다른 생존자의 개인 대피소에 좋아요를 남깁니다.,apocalypse_bot/commands/v950_investigation_shelter_raid.py,796,command,main,base
수사레이드,협동수사 | investigationraid | caseraid,현재 협동 수사 레이드 모집·진행·완료 상태를 확인합니다.,apocalypse_bot/commands/v950_investigation_shelter_raid.py,881,command,social,guild
수사레이드모집,수사대모집 | openinvestigationraid | openraidcase,협동 수사 레이드 모집을 시작합니다.,apocalypse_bot/commands/v950_investigation_shelter_raid.py,893,command,social,guild
수사레이드참가,수사대참가 | joininvestigationraid | joincaseraid,현장수사·기술분석·현장경계·교섭 역할로 참가합니다.,apocalypse_bot/commands/v950_investigation_shelter_raid.py,910,command,play,combat
수사레이드출발,수사대출발 | startinvestigationraid | startcaseraid,모집자가 2명 이상의 수사 레이드를 출발시킵니다.,apocalypse_bot/commands/v950_investigation_shelter_raid.py,932,command,play,combat
수사레이드행동,수사대행동 | investigationaction | raidinvestigate,수색·분석·확보·교차검증 행동으로 공동 진행도를 올립니다.,apocalypse_bot/commands/v950_investigation_shelter_raid.py,953,command,play,combat
수사레이드정산,수사대정산 | settleinvestigationraid | settlecaseraid,완료된 협동 수사 레이드를 한 번만 정산합니다.,apocalypse_bot/commands/v950_investigation_shelter_raid.py,971,command,social,guild
수사레이드보상,수사대보상 | claiminvestigationraid | claimcaseraid,정산된 협동 수사 레이드의 개인 기여 보상을 받습니다.,apocalypse_bot/commands/v950_investigation_shelter_raid.py,994,command,social,guild
수사레이드기록,수사대기록 | investigationraidhistory | caseraidhistory,현재 서버의 최근 협동 수사 레이드 기록을 확인합니다.,apocalypse_bot/commands/v950_investigation_shelter_raid.py,1026,command,social,guild
950안정화검수,95검수 | v950audit | investigationaudit,v9.5 수사·대피소·레이드·영문 명령 연결을 읽기 전용 검사합니다.,apocalypse_bot/commands/v950_investigation_shelter_raid.py,1034,command,play,combat
지역목록,,,apocalypse_bot/commands/world_exploration.py,85,command,main,exploration
지역정보,,,apocalypse_bot/commands/world_exploration.py,98,command,main,exploration
지역이동,,,apocalypse_bot/commands/world_exploration.py,118,command,main,exploration
좀비도감,,,apocalypse_bot/commands/world_exploration.py,137,command,main,exploration
지역탐색,,,apocalypse_bot/commands/world_exploration.py,153,command,main,exploration
가입,,,apocalypse_bot/core/bot.py,1889,command,main,onboarding
명령어,,,apocalypse_bot/core/bot.py,2369,command,system,help
처음,초보 | 초보가이드 | 시작가이드,처음 시작하는 생존자를 위한 5단계 가이드를 엽니다.,apocalypse_bot/core/bot.py,2378,command,main,onboarding
정보,,,apocalypse_bot/core/bot.py,2382,command,main,onboarding
지갑,,,apocalypse_bot/core/bot.py,2419,command,play,economy
송금,,,apocalypse_bot/core/bot.py,2428,command,play,economy
출석,,,apocalypse_bot/core/bot.py,2462,command,main,quests
출석보상,,,apocalypse_bot/core/bot.py,2512,command,main,quests
돈주세요,,,apocalypse_bot/core/bot.py,2549,command,play,economy
훈련,,,apocalypse_bot/core/bot.py,2652,command,social,companions
상점,,,apocalypse_bot/core/bot.py,2677,command,play,gear
장비목록,,,apocalypse_bot/core/bot.py,2694,command,play,gear
구매,,,apocalypse_bot/core/bot.py,2710,command,play,gear
인벤토리,,,apocalypse_bot/core/bot.py,2756,command,play,gear
장비,,,apocalypse_bot/core/bot.py,2786,command,play,gear
장착,,,apocalypse_bot/core/bot.py,2825,command,play,gear
해제,,,apocalypse_bot/core/bot.py,2855,command,play,gear
버리기,,,apocalypse_bot/core/bot.py,2877,command,play,gear
감정,,,apocalypse_bot/core/bot.py,2897,command,play,gear
강화,,,apocalypse_bot/core/bot.py,2940,command,play,gear
재료,,,apocalypse_bot/core/bot.py,2995,command,play,gear
제작목록,,,apocalypse_bot/core/bot.py,3008,command,play,gear
제작,,,apocalypse_bot/core/bot.py,3021,command,play,gear
펫상점,,구매 가능한 펫과 고유 능력을 확인합니다.,apocalypse_bot/core/bot.py,3471,command,play,gear
펫구매,,새 펫을 구매해 컬렉션에 추가합니다.,apocalypse_bot/core/bot.py,3476,command,play,gear
펫정보,,현재 동행 중이거나 보유한 펫의 정보를 확인합니다.,apocalypse_bot/core/bot.py,3481,command,social,companions
펫훈련,,현재 동행 중인 펫을 한 단계 훈련합니다.,apocalypse_bot/core/bot.py,3486,command,social,companions
펫목록,,,apocalypse_bot/core/bot.py,3492,command,social,companions
펫장착,,,apocalypse_bot/core/bot.py,3497,command,play,gear
펫먹이,,,apocalypse_bot/core/bot.py,3502,command,social,companions
펫모험,,,apocalypse_bot/core/bot.py,3507,command,social,companions
펫진화,,,apocalypse_bot/core/bot.py,3512,command,social,companions
펫,,펫 동료를 수집하고 성장시킵니다.,apocalypse_bot/core/bot.py,3517,group,social,companions
상점,,구매 가능한 펫과 고유 능력을 확인합니다.,apocalypse_bot/core/bot.py,3522,command,play,gear
구매,,새 펫을 구매해 컬렉션에 추가합니다.,apocalypse_bot/core/bot.py,3527,command,play,gear
목록,,보유한 모든 펫과 성장 상태를 확인합니다.,apocalypse_bot/core/bot.py,3532,command,social,companions
장착,,보유한 펫을 동행 펫으로 교체합니다.,apocalypse_bot/core/bot.py,3537,command,play,gear
훈련,,현재 동행 중인 펫을 한 단계 훈련합니다.,apocalypse_bot/core/bot.py,3542,command,social,companions
먹이,,펫에게 먹이를 주어 친밀도와 경험치를 올립니다.,apocalypse_bot/core/bot.py,3547,command,social,companions
모험,,펫을 모험에 보내 식량과 재료를 획득합니다.,apocalypse_bot/core/bot.py,3552,command,play,gear
진화,,레벨과 친밀도 조건을 충족한 펫을 진화시킵니다.,apocalypse_bot/core/bot.py,3557,command,social,companions
괴물목록,,,apocalypse_bot/core/bot.py,3565,command,play,combat
던전,,,apocalypse_bot/core/bot.py,3584,command,play,combat
레이드,,,apocalypse_bot/core/bot.py,3772,command,play,combat
레이드공격,,,apocalypse_bot/core/bot.py,3786,command,play,combat
월드보스,보스현황,,apocalypse_bot/core/bot.py,3887,command,play,combat
보스랭킹,월드보스랭킹,,apocalypse_bot/core/bot.py,3910,command,main,codex
월드보스공격,보스공격,,apocalypse_bot/core/bot.py,3924,command,play,combat
월드보스리셋,월드보스소환,,apocalypse_bot/core/bot.py,4040,command,play,combat
월드보스체력,,,apocalypse_bot/core/bot.py,4050,command,play,combat
월드보스종료,,,apocalypse_bot/core/bot.py,4066,command,play,combat
일일퀘스트,,,apocalypse_bot/core/bot.py,4082,command,main,quests
퀘스트보상,,,apocalypse_bot/core/bot.py,4101,command,main,quests
업적,,,apocalypse_bot/core/bot.py,4124,command,main,quests
칭호목록,,,apocalypse_bot/core/bot.py,4145,command,play,collections
칭호,,,apocalypse_bot/core/bot.py,4157,command,play,collections
랭킹,,,apocalypse_bot/core/bot.py,4176,command,main,codex
가방조회,,,apocalypse_bot/core/bot.py,4347,command,main,codex
식량지급,,,apocalypse_bot/core/bot.py,4367,command,play,economy
식량회수,,,apocalypse_bot/core/bot.py,4388,command,play,economy
채집,,,apocalypse_bot/core/bot.py,4547,command,play,life
낚시,,,apocalypse_bot/core/bot.py,4553,command,play,life
벌목,,,apocalypse_bot/core/bot.py,4559,command,play,life
광산,,,apocalypse_bot/core/bot.py,4565,command,play,life
자원,,,apocalypse_bot/core/bot.py,4570,command,play,economy
기지,,,apocalypse_bot/core/bot.py,4639,command,main,base
기지건설,,,apocalypse_bot/core/bot.py,4677,command,main,base
기지강화,,,apocalypse_bot/core/bot.py,4724,command,play,gear
기지수확,,,apocalypse_bot/core/bot.py,4803,command,main,base
길드목록,,,apocalypse_bot/core/bot.py,4864,command,social,guild
길드생성,,,apocalypse_bot/core/bot.py,4869,command,social,guild
길드가입,,,apocalypse_bot/core/bot.py,4883,command,social,guild
길드정보,,,apocalypse_bot/core/bot.py,4895,command,social,guild
길드기부,,,apocalypse_bot/core/bot.py,4906,command,social,guild
길드강화,,,apocalypse_bot/core/bot.py,4918,command,social,guild
길드탈퇴,,,apocalypse_bot/core/bot.py,4929,command,social,guild
거래소,,,apocalypse_bot/core/bot.py,4943,command,play,economy
판매,,,apocalypse_bot/core/bot.py,4967,command,play,economy
구매등록번호,,,apocalypse_bot/core/bot.py,5000,command,play,gear
판매취소,,,apocalypse_bot/core/bot.py,5042,command,play,economy
파티생성,,,apocalypse_bot/core/bot.py,5078,command,social,guild
파티가입,,,apocalypse_bot/core/bot.py,5091,command,social,guild
파티정보,,,apocalypse_bot/core/bot.py,5110,command,social,guild
파티사냥,,,apocalypse_bot/core/bot.py,5126,command,social,guild
파티탈퇴,,,apocalypse_bot/core/bot.py,5173,command,social,guild
pvp,PVP | 피브이피,,apocalypse_bot/core/bot.py,5195,command,play,combat
주간퀘스트,,,apocalypse_bot/core/bot.py,5244,command,main,quests
주간보상,,,apocalypse_bot/core/bot.py,5260,command,main,quests
시즌패스,,,apocalypse_bot/core/bot.py,5283,command,main,quests
시즌보상,,,apocalypse_bot/core/bot.py,5308,command,main,quests
UI안정화검수,uiaudit1661 | interactionaudit,버튼 실행·선택 메뉴·임베드 제한·만료 UI 안전 처리를 검사합니다.,apocalypse_bot/commands/v1661_runtime_interaction_hotfix.py,0,command,system,audit
1661통합검수,v1661audit | 1661audit,v16.6.1 런타임 상호작용 핫픽스와 기존 핵심 연결을 검사합니다.,apocalypse_bot/commands/v1661_runtime_interaction_hotfix.py,0,command,system,audit
운영광택센터,라이브운영센터 | liveopshub | polishcenter,메시지 정리·실시간 오류·명령 건강·통계·초보 안내를 버튼으로 통합합니다.,apocalypse_bot/commands/v1670_live_ops_polish.py,358,command,system,admin
메시지정리센터,청소센터 | cleanupcenter | messagecleanup,확인 버튼 뒤 최근·봇·링크·첨부·사용자 메시지를 안전하게 정리합니다.,apocalypse_bot/commands/v1670_live_ops_polish.py,373,command,system,admin
실사용통계,라이브사용통계 | liveusage | commandmetrics,재시작 이후 최대 24시간의 명령 사용량·실패율·응답시간을 확인합니다.,apocalypse_bot/commands/v1670_live_ops_polish.py,389,command,system,audit
죽은기능검수,죽은명령검수 | deadfeatureaudit | deadcommandaudit,등록됐지만 실행·메뉴·빠른 이동·도시 자산 연결이 끊긴 기능을 검사합니다.,apocalypse_bot/commands/v1670_live_ops_polish.py,432,command,system,audit
화면광택검수,모바일화면검수 | uipolishaudit | mobileuiaudit,임베드·버튼·선택 메뉴 제한과 핵심 화면의 모바일 가독성을 검사합니다.,apocalypse_bot/commands/v1670_live_ops_polish.py,459,command,system,audit
1670통합검수,v1670audit | 1670audit,v16.7 운영 패널·메시지 정리·실사용 통계·죽은 기능·화면 광택 연결을 검사합니다.,apocalypse_bot/commands/v1670_live_ops_polish.py,484,command,system,audit
